protocol,preprocessor_sample_size,preprocessor_seed,train_size,data_seed,model,preprocessing,matrix_dim,eig_idx,fm_rank,parameters_per_feature,num_parameters,lr,init_seed,train_logloss,val_logloss,val_brier,test_logloss,test_brier,elapsed_seconds
one_pass,3667249,0,16384,0,linear,bucket,0,-1,0,1,1277953,0.001,0,0.682288721203804,0.669961099496884,0.2384162915158063,,,16.028116417001
one_pass,3667249,0,65536,0,linear,bucket,0,-1,0,1,1277953,0.001,0,0.6626701429486275,0.6432179659171975,0.2251371445632516,,,30.918491707998328
one_pass,3667249,0,262144,0,linear,bucket,0,-1,0,1,1277953,0.001,0,0.6307934764772654,0.6027169456322807,0.2054994601538211,,,47.14449779200368
one_pass,3667249,0,1048576,0,linear,bucket,0,-1,0,1,1277953,0.001,0,0.5903525222092867,0.5600824230626024,0.1863596310693216,,,67.58906858297996
one_pass,3667249,0,4194304,0,linear,bucket,0,-1,0,1,1277953,0.001,0,0.5537442084751092,0.529016509248128,0.1742908483270501,,,100.9306971670594
one_pass,3667249,0,16777216,0,linear,bucket,0,-1,0,1,1277953,0.001,0,0.523728587628284,0.5022968147421261,0.1643032346473789,,,206.21476724999957
one_pass,3667249,0,33554432,0,linear,bucket,0,-1,0,1,1277953,0.001,0,0.5104460379952798,0.4913049672176216,0.1603433280127914,,,302.19856516702566
one_pass,3667249,0,36672493,0,linear,bucket,0,-1,0,1,1277953,0.001,0,0.5088685865522525,0.4900863765741582,0.1599137789665211,,,330.38254970801063
one_pass,3667249,0,16384,0,linear,bucket,0,-1,0,1,1277953,0.001,1,0.682288721203804,0.669961099496884,0.2384162915158063,,,16.42424387508072
one_pass,3667249,0,65536,0,linear,bucket,0,-1,0,1,1277953,0.001,1,0.6626701429486275,0.6432179659171975,0.2251371445632516,,,31.37786583299749
one_pass,3667249,0,262144,0,linear,bucket,0,-1,0,1,1277953,0.001,1,0.6307934764772654,0.6027169456322807,0.2054994601538211,,,47.66175908304285
one_pass,3667249,0,1048576,0,linear,bucket,0,-1,0,1,1277953,0.001,1,0.5903525222092867,0.5600824230626024,0.1863596310693216,,,68.44416775007267
one_pass,3667249,0,4194304,0,linear,bucket,0,-1,0,1,1277953,0.001,1,0.5537442084751092,0.529016509248128,0.1742908483270501,,,101.50895470799878
one_pass,3667249,0,16777216,0,linear,bucket,0,-1,0,1,1277953,0.001,1,0.523728587628284,0.5022968147421261,0.1643032346473789,,,206.49754383298568
one_pass,3667249,0,33554432,0,linear,bucket,0,-1,0,1,1277953,0.001,1,0.5104460379952798,0.4913049672176216,0.1603433280127914,,,302.90694370807614
one_pass,3667249,0,36672493,0,linear,bucket,0,-1,0,1,1277953,0.001,1,0.5088685865522525,0.4900863765741582,0.1599137789665211,,,331.01162333309185
one_pass,3667249,0,16384,0,linear,bucket,0,-1,0,1,1277953,0.001,2,0.682288721203804,0.669961099496884,0.2384162915158063,,,16.275705750100315
one_pass,3667249,0,65536,0,linear,bucket,0,-1,0,1,1277953,0.001,2,0.6626701429486275,0.6432179659171975,0.2251371445632516,,,31.112952541094273
one_pass,3667249,0,262144,0,linear,bucket,0,-1,0,1,1277953,0.001,2,0.6307934764772654,0.6027169456322807,0.2054994601538211,,,47.33855941600632
one_pass,3667249,0,1048576,0,linear,bucket,0,-1,0,1,1277953,0.001,2,0.5903525222092867,0.5600824230626024,0.1863596310693216,,,67.98479516606312
one_pass,3667249,0,4194304,0,linear,bucket,0,-1,0,1,1277953,0.001,2,0.5537442084751092,0.529016509248128,0.1742908483270501,,,101.3312196660554
one_pass,3667249,0,16777216,0,linear,bucket,0,-1,0,1,1277953,0.001,2,0.523728587628284,0.5022968147421261,0.1643032346473789,,,206.32385466608685
one_pass,3667249,0,33554432,0,linear,bucket,0,-1,0,1,1277953,0.001,2,0.5104460379952798,0.4913049672176216,0.1603433280127914,,,303.11062191601377
one_pass,3667249,0,36672493,0,linear,bucket,0,-1,0,1,1277953,0.001,2,0.5088685865522525,0.4900863765741582,0.1599137789665211,,,331.36224383302033
one_pass,3667249,0,16384,0,linear,bucket,0,-1,0,1,1277953,0.0019306977288832,0,0.6729421615600586,0.65105797000513,0.2290149822933984,,,16.21673783310689
one_pass,3667249,0,65536,0,linear,bucket,0,-1,0,1,1277953,0.0019306977288832,0,0.6402592360973358,0.6103492917739125,0.2091321379330517,,,31.16780229099095
one_pass,3667249,0,262144,0,linear,bucket,0,-1,0,1,1277953,0.0019306977288832,0,0.5973366461694241,0.5648199728302087,0.1883570108222835,,,47.52366291603539
one_pass,3667249,0,1048576,0,linear,bucket,0,-1,0,1,1277953,0.0019306977288832,0,0.557806562865153,0.531734791268622,0.1752981555962841,,,68.19055533304345
one_pass,3667249,0,4194304,0,linear,bucket,0,-1,0,1,1277953,0.0019306977288832,0,0.5263482453883626,0.5042922509996917,0.1650456068774873,,,101.02800970803946
one_pass,3667249,0,16777216,0,linear,bucket,0,-1,0,1,1277953,0.0019306977288832,0,0.5009953340413631,0.4839629005394039,0.1577560606735991,,,205.54500570800155
one_pass,3667249,0,33554432,0,linear,bucket,0,-1,0,1,1277953,0.0019306977288832,0,0.4911625346830988,0.4772564650539211,0.1554017399399357,,,301.2539039161056
one_pass,3667249,0,36672493,0,linear,bucket,0,-1,0,1,1277953,0.0019306977288832,0,0.4900549299425307,0.4765319757778674,0.1551438938272885,,,329.5484853750095
one_pass,3667249,0,16384,0,linear,bucket,0,-1,0,1,1277953,0.0019306977288832,1,0.6729421615600586,0.65105797000513,0.2290149822933984,,,16.284350625006482
one_pass,3667249,0,65536,0,linear,bucket,0,-1,0,1,1277953,0.0019306977288832,1,0.6402592360973358,0.6103492917739125,0.2091321379330517,,,31.19172500004061
one_pass,3667249,0,262144,0,linear,bucket,0,-1,0,1,1277953,0.0019306977288832,1,0.5973366461694241,0.5648199728302087,0.1883570108222835,,,47.43081712501589
one_pass,3667249,0,1048576,0,linear,bucket,0,-1,0,1,1277953,0.0019306977288832,1,0.557806562865153,0.531734791268622,0.1752981555962841,,,68.0397539580008
one_pass,3667249,0,4194304,0,linear,bucket,0,-1,0,1,1277953,0.0019306977288832,1,0.5263482453883626,0.5042922509996917,0.1650456068774873,,,100.62860866705888
one_pass,3667249,0,16777216,0,linear,bucket,0,-1,0,1,1277953,0.0019306977288832,1,0.5009953340413631,0.4839629005394039,0.1577560606735991,,,206.5864298329689
one_pass,3667249,0,33554432,0,linear,bucket,0,-1,0,1,1277953,0.0019306977288832,1,0.4911625346830988,0.4772564650539211,0.1554017399399357,,,303.3709080000408
one_pass,3667249,0,36672493,0,linear,bucket,0,-1,0,1,1277953,0.0019306977288832,1,0.4900549299425307,0.4765319757778674,0.1551438938272885,,,331.4975774170598
one_pass,3667249,0,16384,0,linear,bucket,0,-1,0,1,1277953,0.0019306977288832,2,0.6729421615600586,0.65105797000513,0.2290149822933984,,,16.084840832976624
one_pass,3667249,0,65536,0,linear,bucket,0,-1,0,1,1277953,0.0019306977288832,2,0.6402592360973358,0.6103492917739125,0.2091321379330517,,,31.039325042045675
one_pass,3667249,0,262144,0,linear,bucket,0,-1,0,1,1277953,0.0019306977288832,2,0.5973366461694241,0.5648199728302087,0.1883570108222835,,,47.20364179206081
one_pass,3667249,0,1048576,0,linear,bucket,0,-1,0,1,1277953,0.0019306977288832,2,0.557806562865153,0.531734791268622,0.1752981555962841,,,67.86551883304492
one_pass,3667249,0,4194304,0,linear,bucket,0,-1,0,1,1277953,0.0019306977288832,2,0.5263482453883626,0.5042922509996917,0.1650456068774873,,,101.23909499996807
one_pass,3667249,0,16777216,0,linear,bucket,0,-1,0,1,1277953,0.0019306977288832,2,0.5009953340413631,0.4839629005394039,0.1577560606735991,,,206.7684874580009
one_pass,3667249,0,33554432,0,linear,bucket,0,-1,0,1,1277953,0.0019306977288832,2,0.4911625346830988,0.4772564650539211,0.1554017399399357,,,302.7141070420621
one_pass,3667249,0,36672493,0,linear,bucket,0,-1,0,1,1277953,0.0019306977288832,2,0.4900549299425307,0.4765319757778674,0.1551438938272885,,,331.2365760829998
one_pass,3667249,0,16384,0,linear,bucket,0,-1,0,1,1277953,0.0037275937203149,0,0.6568594127893448,0.6211432275920591,0.2143337318737368,,,16.399697875021957
one_pass,3667249,0,65536,0,linear,bucket,0,-1,0,1,1277953,0.0037275937203149,0,0.6094670780003071,0.5722733955330924,0.1915843352053128,,,31.205152457929216
one_pass,3667249,0,262144,0,linear,bucket,0,-1,0,1,1277953,0.0037275937203149,0,0.5646419422701001,0.5357181017579947,0.1768058268991651,,,47.33685329195578
one_pass,3667249,0,1048576,0,linear,bucket,0,-1,0,1,1277953,0.0037275937203149,0,0.530219171079807,0.5070676769981872,0.1660501626554475,,,68.1801975419512
one_pass,3667249,0,4194304,0,linear,bucket,0,-1,0,1,1277953,0.0037275937203149,0,0.5031894054554868,0.485345748840193,0.1582429183684021,,,101.92534416692796
one_pass,3667249,0,16777216,0,linear,bucket,0,-1,0,1,1277953,0.0037275937203149,0,0.484822101345344,0.4728453964295118,0.1538377840145077,,,207.26390154194087
one_pass,3667249,0,33554432,0,linear,bucket,0,-1,0,1,1277953,0.0037275937203149,0,0.4781382537621539,0.4685825668265718,0.1523319122157992,,,303.7520043749828
one_pass,3667249,0,36672493,0,linear,bucket,0,-1,0,1,1277953,0.0037275937203149,0,0.4773998357077305,0.4681232445290879,0.1521617528439289,,,333.04676583292894
one_pass,3667249,0,16384,0,linear,bucket,0,-1,0,1,1277953,0.0037275937203149,1,0.6568594127893448,0.6211432275920591,0.2143337318737368,,,16.037237250013277
one_pass,3667249,0,65536,0,linear,bucket,0,-1,0,1,1277953,0.0037275937203149,1,0.6094670780003071,0.5722733955330924,0.1915843352053128,,,30.90334058308508
one_pass,3667249,0,262144,0,linear,bucket,0,-1,0,1,1277953,0.0037275937203149,1,0.5646419422701001,0.5357181017579947,0.1768058268991651,,,46.974888875032775
one_pass,3667249,0,1048576,0,linear,bucket,0,-1,0,1,1277953,0.0037275937203149,1,0.530219171079807,0.5070676769981872,0.1660501626554475,,,67.67178591701668
one_pass,3667249,0,4194304,0,linear,bucket,0,-1,0,1,1277953,0.0037275937203149,1,0.5031894054554868,0.485345748840193,0.1582429183684021,,,100.65095112507696
one_pass,3667249,0,16777216,0,linear,bucket,0,-1,0,1,1277953,0.0037275937203149,1,0.484822101345344,0.4728453964295118,0.1538377840145077,,,207.13030595809687
one_pass,3667249,0,33554432,0,linear,bucket,0,-1,0,1,1277953,0.0037275937203149,1,0.4781382537621539,0.4685825668265718,0.1523319122157992,,,303.6411865000846
one_pass,3667249,0,36672493,0,linear,bucket,0,-1,0,1,1277953,0.0037275937203149,1,0.4773998357077305,0.4681232445290879,0.1521617528439289,,,331.66528537508566
one_pass,3667249,0,16384,0,linear,bucket,0,-1,0,1,1277953,0.0037275937203149,2,0.6568594127893448,0.6211432275920591,0.2143337318737368,,,16.274488167022355
one_pass,3667249,0,65536,0,linear,bucket,0,-1,0,1,1277953,0.0037275937203149,2,0.6094670780003071,0.5722733955330924,0.1915843352053128,,,31.377433917019516
one_pass,3667249,0,262144,0,linear,bucket,0,-1,0,1,1277953,0.0037275937203149,2,0.5646419422701001,0.5357181017579947,0.1768058268991651,,,47.7248831250472
one_pass,3667249,0,1048576,0,linear,bucket,0,-1,0,1,1277953,0.0037275937203149,2,0.530219171079807,0.5070676769981872,0.1660501626554475,,,68.67861329193693
one_pass,3667249,0,4194304,0,linear,bucket,0,-1,0,1,1277953,0.0037275937203149,2,0.5031894054554868,0.485345748840193,0.1582429183684021,,,101.75379662495106
one_pass,3667249,0,16777216,0,linear,bucket,0,-1,0,1,1277953,0.0037275937203149,2,0.484822101345344,0.4728453964295118,0.1538377840145077,,,207.20862291695084
one_pass,3667249,0,33554432,0,linear,bucket,0,-1,0,1,1277953,0.0037275937203149,2,0.4781382537621539,0.4685825668265718,0.1523319122157992,,,304.09155629202724
one_pass,3667249,0,36672493,0,linear,bucket,0,-1,0,1,1277953,0.0037275937203149,2,0.4773998357077305,0.4681232445290879,0.1521617528439289,,,332.7378839169396
one_pass,3667249,0,16384,0,linear,bucket,0,-1,0,1,1277953,0.0071968567300115,0,0.632345974445343,0.5830534587098795,0.1964087275485864,,,15.997519667027518
one_pass,3667249,0,65536,0,linear,bucket,0,-1,0,1,1277953,0.0071968567300115,0,0.5773463100194931,0.5419636956784742,0.1792065835159702,,,30.700748083065264
one_pass,3667249,0,262144,0,linear,bucket,0,-1,0,1,1277953,0.0071968567300115,0,0.5371972974389791,0.511432694980388,0.1676925472731391,,,46.854624500032514
one_pass,3667249,0,1048576,0,linear,bucket,0,-1,0,1,1277953,0.0071968567300115,0,0.5067193116992712,0.4874937317729013,0.1589921438624374,,,67.55151541705709
one_pass,3667249,0,4194304,0,linear,bucket,0,-1,0,1,1277953,0.0071968567300115,0,0.4864993187366053,0.4738373227578054,0.1541891247125676,,,100.59420191706158
one_pass,3667249,0,16777216,0,linear,bucket,0,-1,0,1,1277953,0.0071968567300115,0,0.4741074441408273,0.4658099215849389,0.1513493150828222,,,207.58343404205516
one_pass,3667249,0,33554432,0,linear,bucket,0,-1,0,1,1277953,0.0071968567300115,0,0.4695826796232722,0.4629813246384676,0.1503555205368041,,,304.3053566670278
one_pass,3667249,0,36672493,0,linear,bucket,0,-1,0,1,1277953,0.0071968567300115,0,0.4690916279501381,0.4626932358002392,0.1502489662090272,,,332.06164975010324
one_pass,3667249,0,16384,0,linear,bucket,0,-1,0,1,1277953,0.0071968567300115,1,0.632345974445343,0.5830534587098795,0.1964087275485864,,,16.0005129580386
one_pass,3667249,0,65536,0,linear,bucket,0,-1,0,1,1277953,0.0071968567300115,1,0.5773463100194931,0.5419636956784742,0.1792065835159702,,,30.941687165992334
one_pass,3667249,0,262144,0,linear,bucket,0,-1,0,1,1277953,0.0071968567300115,1,0.5371972974389791,0.511432694980388,0.1676925472731391,,,47.20260566601064
one_pass,3667249,0,1048576,0,linear,bucket,0,-1,0,1,1277953,0.0071968567300115,1,0.5067193116992712,0.4874937317729013,0.1589921438624374,,,67.73100516607519
one_pass,3667249,0,4194304,0,linear,bucket,0,-1,0,1,1277953,0.0071968567300115,1,0.4864993187366053,0.4738373227578054,0.1541891247125676,,,100.31606950005516
one_pass,3667249,0,16777216,0,linear,bucket,0,-1,0,1,1277953,0.0071968567300115,1,0.4741074441408273,0.4658099215849389,0.1513493150828222,,,205.30959437508136
one_pass,3667249,0,33554432,0,linear,bucket,0,-1,0,1,1277953,0.0071968567300115,1,0.4695826796232722,0.4629813246384676,0.1503555205368041,,,301.6683646660531
one_pass,3667249,0,36672493,0,linear,bucket,0,-1,0,1,1277953,0.0071968567300115,1,0.4690916279501381,0.4626932358002392,0.1502489662090272,,,329.429094708059
one_pass,3667249,0,16384,0,linear,bucket,0,-1,0,1,1277953,0.0071968567300115,2,0.632345974445343,0.5830534587098795,0.1964087275485864,,,12.4053782079136
one_pass,3667249,0,65536,0,linear,bucket,0,-1,0,1,1277953,0.0071968567300115,2,0.5773463100194931,0.5419636956784742,0.1792065835159702,,,25.555311291944236
one_pass,3667249,0,262144,0,linear,bucket,0,-1,0,1,1277953,0.0071968567300115,2,0.5371972974389791,0.511432694980388,0.1676925472731391,,,39.48900916695129
one_pass,3667249,0,1048576,0,linear,bucket,0,-1,0,1,1277953,0.0071968567300115,2,0.5067193116992712,0.4874937317729013,0.1589921438624374,,,75.80705129192211
one_pass,3667249,0,4194304,0,linear,bucket,0,-1,0,1,1277953,0.0071968567300115,2,0.4864993187366053,0.4738373227578054,0.1541891247125676,,,103.45342379191425
one_pass,3667249,0,16777216,0,linear,bucket,0,-1,0,1,1277953,0.0071968567300115,2,0.4741074441408273,0.4658099215849389,0.1513493150828222,,,179.72031845792662
one_pass,3667249,0,33554432,0,linear,bucket,0,-1,0,1,1277953,0.0071968567300115,2,0.4695826796232722,0.4629813246384676,0.1503555205368041,,,277.4562014580006
one_pass,3667249,0,36672493,0,linear,bucket,0,-1,0,1,1277953,0.0071968567300115,2,0.4690916279501381,0.4626932358002392,0.1502489662090272,,,304.60164124995936
one_pass,3667249,0,16384,0,linear,bucket,0,-1,0,1,1277953,0.0138949549437313,0,0.6032341122627258,0.5512300097300248,0.1829884721925218,,,12.358633082942106
one_pass,3667249,0,65536,0,linear,bucket,0,-1,0,1,1277953,0.0138949549437313,0,0.5507047288119793,0.5186028401650918,0.1704176707724351,,,25.388804082991555
one_pass,3667249,0,262144,0,linear,bucket,0,-1,0,1,1277953,0.0138949549437313,0,0.5141262584365904,0.4914817662915128,0.160425622798513,,,39.11855658295099
one_pass,3667249,0,1048576,0,linear,bucket,0,-1,0,1,1277953,0.0138949549437313,0,0.4896824898896739,0.4756374188395507,0.154838609882859,,,75.41677341598552
one_pass,3667249,0,4194304,0,linear,bucket,0,-1,0,1,1277953,0.0138949549437313,0,0.4756081370578613,0.4667740684385061,0.151684524335035,,,102.919915165985
one_pass,3667249,0,16777216,0,linear,bucket,0,-1,0,1,1277953,0.0138949549437313,0,0.4672265164044802,0.4613707011817116,0.1497900492592542,,,178.5391490829643
one_pass,3667249,0,33554432,0,linear,bucket,0,-1,0,1,1277953,0.0138949549437313,0,0.4641001897580281,0.4594558863086939,0.1491230635032069,,,276.0776846659137
one_pass,3667249,0,36672493,0,linear,bucket,0,-1,0,1,1277953,0.0138949549437313,0,0.4637685088743316,0.4592914583038053,0.1490659906320647,,,302.8646097499877
one_pass,3667249,0,16384,0,linear,bucket,0,-1,0,1,1277953,0.0138949549437313,1,0.6032341122627258,0.5512300097300248,0.1829884721925218,,,12.58225149998907
one_pass,3667249,0,65536,0,linear,bucket,0,-1,0,1,1277953,0.0138949549437313,1,0.5507047288119793,0.5186028401650918,0.1704176707724351,,,25.402123208041303
one_pass,3667249,0,262144,0,linear,bucket,0,-1,0,1,1277953,0.0138949549437313,1,0.5141262584365904,0.4914817662915128,0.160425622798513,,,39.28982745797839
one_pass,3667249,0,1048576,0,linear,bucket,0,-1,0,1,1277953,0.0138949549437313,1,0.4896824898896739,0.4756374188395507,0.154838609882859,,,75.53965104103554
one_pass,3667249,0,4194304,0,linear,bucket,0,-1,0,1,1277953,0.0138949549437313,1,0.4756081370578613,0.4667740684385061,0.151684524335035,,,103.31132208299825
one_pass,3667249,0,16777216,0,linear,bucket,0,-1,0,1,1277953,0.0138949549437313,1,0.4672265164044802,0.4613707011817116,0.1497900492592542,,,178.50451387499925
one_pass,3667249,0,33554432,0,linear,bucket,0,-1,0,1,1277953,0.0138949549437313,1,0.4641001897580281,0.4594558863086939,0.1491230635032069,,,276.21852950006723
one_pass,3667249,0,36672493,0,linear,bucket,0,-1,0,1,1277953,0.0138949549437313,1,0.4637685088743316,0.4592914583038053,0.1490659906320647,,,303.53996662504505
one_pass,3667249,0,16384,0,linear,bucket,0,-1,0,1,1277953,0.0138949549437313,2,0.6032341122627258,0.5512300097300248,0.1829884721925218,,,12.956588667002508
one_pass,3667249,0,65536,0,linear,bucket,0,-1,0,1,1277953,0.0138949549437313,2,0.5507047288119793,0.5186028401650918,0.1704176707724351,,,25.317630834062584
one_pass,3667249,0,262144,0,linear,bucket,0,-1,0,1,1277953,0.0138949549437313,2,0.5141262584365904,0.4914817662915128,0.160425622798513,,,40.104175084037706
one_pass,3667249,0,1048576,0,linear,bucket,0,-1,0,1,1277953,0.0138949549437313,2,0.4896824898896739,0.4756374188395507,0.154838609882859,,,75.86150679201819
one_pass,3667249,0,4194304,0,linear,bucket,0,-1,0,1,1277953,0.0138949549437313,2,0.4756081370578613,0.4667740684385061,0.151684524335035,,,103.69991879200096
one_pass,3667249,0,16777216,0,linear,bucket,0,-1,0,1,1277953,0.0138949549437313,2,0.4672265164044802,0.4613707011817116,0.1497900492592542,,,178.82404812506866
one_pass,3667249,0,33554432,0,linear,bucket,0,-1,0,1,1277953,0.0138949549437313,2,0.4641001897580281,0.4594558863086939,0.1491230635032069,,,275.8788498750655
one_pass,3667249,0,36672493,0,linear,bucket,0,-1,0,1,1277953,0.0138949549437313,2,0.4637685088743316,0.4592914583038053,0.1490659906320647,,,302.8271070420742
one_pass,3667249,0,16384,0,linear,bucket,0,-1,0,1,1277953,0.0268269579527972,0,0.5814126133918762,0.5316884211082303,0.1758207571168584,,,12.208062874968164
one_pass,3667249,0,65536,0,linear,bucket,0,-1,0,1,1277953,0.0268269579527972,0,0.5300319697707891,0.4993984205048148,0.1633462390760994,,,25.091281207976863
one_pass,3667249,0,262144,0,linear,bucket,0,-1,0,1,1277953,0.0268269579527972,0,0.4980341210030019,0.4796845472458901,0.1563634321938382,,,38.84655112493783
one_pass,3667249,0,1048576,0,linear,bucket,0,-1,0,1,1277953,0.0268269579527972,0,0.4792790659703314,0.4689892017173698,0.1525009858799285,,,75.08763991692103
one_pass,3667249,0,4194304,0,linear,bucket,0,-1,0,1,1277953,0.0268269579527972,0,0.4691223082190845,0.4626717735584924,0.1502490008154528,,,102.75153024995234
one_pass,3667249,0,16777216,0,linear,bucket,0,-1,0,1,1277953,0.0268269579527972,0,0.4631244719275855,0.4587984127677388,0.1488982987118197,,,178.12826024997048
one_pass,3667249,0,33554432,0,linear,bucket,0,-1,0,1,1277953,0.0268269579527972,0,0.4608514666106202,0.4574219652493239,0.1484294631057784,,,275.46109849994536
one_pass,3667249,0,36672493,0,linear,bucket,0,-1,0,1,1277953,0.0268269579527972,0,0.4606167939160792,0.4573459942107716,0.1484029006178601,,,303.1083624169696
one_pass,3667249,0,16384,0,linear,bucket,0,-1,0,1,1277953,0.0268269579527972,1,0.5814126133918762,0.5316884211082303,0.1758207571168584,,,12.7371653750306
one_pass,3667249,0,65536,0,linear,bucket,0,-1,0,1,1277953,0.0268269579527972,1,0.5300319697707891,0.4993984205048148,0.1633462390760994,,,25.514386250055395
one_pass,3667249,0,262144,0,linear,bucket,0,-1,0,1,1277953,0.0268269579527972,1,0.4980341210030019,0.4796845472458901,0.1563634321938382,,,40.800135166035034
one_pass,3667249,0,1048576,0,linear,bucket,0,-1,0,1,1277953,0.0268269579527972,1,0.4792790659703314,0.4689892017173698,0.1525009858799285,,,75.66980904107913
one_pass,3667249,0,4194304,0,linear,bucket,0,-1,0,1,1277953,0.0268269579527972,1,0.4691223082190845,0.4626717735584924,0.1502490008154528,,,103.35327616601715
one_pass,3667249,0,16777216,0,linear,bucket,0,-1,0,1,1277953,0.0268269579527972,1,0.4631244719275855,0.4587984127677388,0.1488982987118197,,,179.17694962501992
one_pass,3667249,0,33554432,0,linear,bucket,0,-1,0,1,1277953,0.0268269579527972,1,0.4608514666106202,0.4574219652493239,0.1484294631057784,,,275.94563208299223
one_pass,3667249,0,36672493,0,linear,bucket,0,-1,0,1,1277953,0.0268269579527972,1,0.4606167939160792,0.4573459942107716,0.1484029006178601,,,303.3479152499931
one_pass,3667249,0,16384,0,linear,bucket,0,-1,0,1,1277953,0.0268269579527972,2,0.5814126133918762,0.5316884211082303,0.1758207571168584,,,12.778499874984846
one_pass,3667249,0,65536,0,linear,bucket,0,-1,0,1,1277953,0.0268269579527972,2,0.5300319697707891,0.4993984205048148,0.1633462390760994,,,25.926043958985247
one_pass,3667249,0,262144,0,linear,bucket,0,-1,0,1,1277953,0.0268269579527972,2,0.4980341210030019,0.4796845472458901,0.1563634321938382,,,41.29095995891839
one_pass,3667249,0,1048576,0,linear,bucket,0,-1,0,1,1277953,0.0268269579527972,2,0.4792790659703314,0.4689892017173698,0.1525009858799285,,,75.37044091697317
one_pass,3667249,0,4194304,0,linear,bucket,0,-1,0,1,1277953,0.0268269579527972,2,0.4691223082190845,0.4626717735584924,0.1502490008154528,,,102.78866374993233
one_pass,3667249,0,16777216,0,linear,bucket,0,-1,0,1,1277953,0.0268269579527972,2,0.4631244719275855,0.4587984127677388,0.1488982987118197,,,178.08285070897546
one_pass,3667249,0,33554432,0,linear,bucket,0,-1,0,1,1277953,0.0268269579527972,2,0.4608514666106202,0.4574219652493239,0.1484294631057784,,,276.23874295898713
one_pass,3667249,0,36672493,0,linear,bucket,0,-1,0,1,1277953,0.0268269579527972,2,0.4606167939160792,0.4573459942107716,0.1484029006178601,,,303.75955358392093
one_pass,3667249,0,16384,0,linear,bucket,0,-1,0,1,1277953,0.0517947467923121,0,0.5838081240653992,0.5177567006202878,0.1706760931345779,,,12.608775208005682
one_pass,3667249,0,65536,0,linear,bucket,0,-1,0,1,1277953,0.0517947467923121,0,0.5213536433875561,0.4895534461947526,0.1599625859981283,0.4949036767088934,0.1620370248124673,25.566591291921213
one_pass,3667249,0,262144,0,linear,bucket,0,-1,0,1,1277953,0.0517947467923121,0,0.4914705990813672,0.4750326755251784,0.1547890750145276,0.4804689846506387,0.1568132792443405,41.24611616693437
one_pass,3667249,0,1048576,0,linear,bucket,0,-1,0,1,1277953,0.0517947467923121,0,0.4750034101307392,0.4662701741366954,0.1515667135953626,0.4716973896328595,0.1535894022890852,75.31274562492035
one_pass,3667249,0,4194304,0,linear,bucket,0,-1,0,1,1277953,0.0517947467923121,0,0.4663872439123224,0.4609384038779617,0.1496704414120452,0.4662845016595722,0.1516502731874382,103.24675295792986
one_pass,3667249,0,16777216,0,linear,bucket,0,-1,0,1,1277953,0.0517947467923121,0,0.4613095254826476,0.4576541644356151,0.1485120961517098,0.463061741723109,0.1505174425142132,180.0470242080046
one_pass,3667249,0,33554432,0,linear,bucket,0,-1,0,1,1277953,0.0517947467923121,0,0.4593929138827661,0.4564787305962212,0.1481220147843207,,,278.0198620419251
one_pass,3667249,0,36672493,0,linear,bucket,0,-1,0,1,1277953,0.0517947467923121,0,0.459198088541475,0.456460272404584,0.1481093454373215,,,305.95319937495515
one_pass,3667249,0,16384,0,linear,bucket,0,-1,0,1,1277953,0.0517947467923121,1,0.5838081240653992,0.5177567006202878,0.1706760931345779,,,12.692510415916331
one_pass,3667249,0,65536,0,linear,bucket,0,-1,0,1,1277953,0.0517947467923121,1,0.5213536433875561,0.4895534461947526,0.1599625859981283,0.4949036767088934,0.1620370248124673,25.700237207929604
one_pass,3667249,0,262144,0,linear,bucket,0,-1,0,1,1277953,0.0517947467923121,1,0.4914705990813672,0.4750326755251784,0.1547890750145276,0.4804689846506387,0.1568132792443405,44.328959207981825
one_pass,3667249,0,1048576,0,linear,bucket,0,-1,0,1,1277953,0.0517947467923121,1,0.4750034101307392,0.4662701741366954,0.1515667135953626,0.4716973896328595,0.1535894022890852,75.91367845796049
one_pass,3667249,0,4194304,0,linear,bucket,0,-1,0,1,1277953,0.0517947467923121,1,0.4663872439123224,0.4609384038779617,0.1496704414120452,0.4662845016595722,0.1516502731874382,103.35179533297196
one_pass,3667249,0,16777216,0,linear,bucket,0,-1,0,1,1277953,0.0517947467923121,1,0.4613095254826476,0.4576541644356151,0.1485120961517098,0.463061741723109,0.1505174425142132,177.69559808296617
one_pass,3667249,0,33554432,0,linear,bucket,0,-1,0,1,1277953,0.0517947467923121,1,0.4593929138827661,0.4564787305962212,0.1481220147843207,,,274.83840354101267
one_pass,3667249,0,36672493,0,linear,bucket,0,-1,0,1,1277953,0.0517947467923121,1,0.459198088541475,0.456460272404584,0.1481093454373215,,,302.07326458301395
one_pass,3667249,0,16384,0,linear,bucket,0,-1,0,1,1277953,0.0517947467923121,2,0.5838081240653992,0.5177567006202878,0.1706760931345779,,,12.85974637500476
one_pass,3667249,0,65536,0,linear,bucket,0,-1,0,1,1277953,0.0517947467923121,2,0.5213536433875561,0.4895534461947526,0.1599625859981283,0.4949036767088934,0.1620370248124673,25.70253858307842
one_pass,3667249,0,262144,0,linear,bucket,0,-1,0,1,1277953,0.0517947467923121,2,0.4914705990813672,0.4750326755251784,0.1547890750145276,0.4804689846506387,0.1568132792443405,45.664093040977605
one_pass,3667249,0,1048576,0,linear,bucket,0,-1,0,1,1277953,0.0517947467923121,2,0.4750034101307392,0.4662701741366954,0.1515667135953626,0.4716973896328595,0.1535894022890852,75.87031725002453
one_pass,3667249,0,4194304,0,linear,bucket,0,-1,0,1,1277953,0.0517947467923121,2,0.4663872439123224,0.4609384038779617,0.1496704414120452,0.4662845016595722,0.1516502731874382,103.2532051660819
one_pass,3667249,0,16777216,0,linear,bucket,0,-1,0,1,1277953,0.0517947467923121,2,0.4613095254826476,0.4576541644356151,0.1485120961517098,0.463061741723109,0.1505174425142132,178.48659720807336
one_pass,3667249,0,33554432,0,linear,bucket,0,-1,0,1,1277953,0.0517947467923121,2,0.4593929138827661,0.4564787305962212,0.1481220147843207,,,276.1317902500741
one_pass,3667249,0,36672493,0,linear,bucket,0,-1,0,1,1277953,0.0517947467923121,2,0.459198088541475,0.456460272404584,0.1481093454373215,,,303.38386808300857
one_pass,3667249,0,16384,0,linear,bucket,0,-1,0,1,1277953,0.1,0,0.6532329618930817,0.5141747402595327,0.1693636839487489,0.5201326105624844,0.1717289639230913,12.768957332940772
one_pass,3667249,0,65536,0,linear,bucket,0,-1,0,1,1277953,0.1,0,0.5378361660987139,0.4906812631503525,0.1603459027371795,,,25.784474374959245
one_pass,3667249,0,262144,0,linear,bucket,0,-1,0,1,1277953,0.1,0,0.4979229788295924,0.4776880262309163,0.1555268801850709,,,45.84887983300723
one_pass,3667249,0,1048576,0,linear,bucket,0,-1,0,1,1277953,0.1,0,0.4780106763355434,0.4678120402429261,0.1520578063274319,,,75.49639054201543
one_pass,3667249,0,4194304,0,linear,bucket,0,-1,0,1,1277953,0.1,0,0.4677416855702176,0.4615498077633959,0.1499000517604251,,,103.08144995791372
one_pass,3667249,0,16777216,0,linear,bucket,0,-1,0,1,1277953,0.1,0,0.4617394320375751,0.4577369722978368,0.1485501016512745,,,178.905554166995
one_pass,3667249,0,33554432,0,linear,bucket,0,-1,0,1,1277953,0.1,0,0.4595939054233895,0.4564515318730048,0.1481300986026783,0.4621405470408387,0.15020703529427,276.3984682499431
one_pass,3667249,0,36672493,0,linear,bucket,0,-1,0,1,1277953,0.1,0,0.4593764852603178,0.4564551218806502,0.1481186475989166,0.4620361205896562,0.1501729369655063,303.7235670000082
one_pass,3667249,0,16384,0,linear,bucket,0,-1,0,1,1277953,0.1,1,0.6532329618930817,0.5141747402595327,0.1693636839487489,0.5201326105624844,0.1717289639230913,12.453139541088603
one_pass,3667249,0,65536,0,linear,bucket,0,-1,0,1,1277953,0.1,1,0.5378361660987139,0.4906812631503525,0.1603459027371795,,,25.268404583097436
one_pass,3667249,0,262144,0,linear,bucket,0,-1,0,1,1277953,0.1,1,0.4979229788295924,0.4776880262309163,0.1555268801850709,,,39.098130708094686
one_pass,3667249,0,1048576,0,linear,bucket,0,-1,0,1,1277953,0.1,1,0.4780106763355434,0.4678120402429261,0.1520578063274319,,,56.637075666105375
one_pass,3667249,0,4194304,0,linear,bucket,0,-1,0,1,1277953,0.1,1,0.4677416855702176,0.4615498077633959,0.1499000517604251,,,113.3126710409997
one_pass,3667249,0,16777216,0,linear,bucket,0,-1,0,1,1277953,0.1,1,0.4617394320375751,0.4577369722978368,0.1485501016512745,,,190.42221854103263
one_pass,3667249,0,33554432,0,linear,bucket,0,-1,0,1,1277953,0.1,1,0.4595939054233895,0.4564515318730048,0.1481300986026783,0.4621405470408387,0.15020703529427,292.62158887507394
one_pass,3667249,0,36672493,0,linear,bucket,0,-1,0,1,1277953,0.1,1,0.4593764852603178,0.4564551218806502,0.1481186475989166,0.4620361205896562,0.1501729369655063,320.40528804110363
one_pass,3667249,0,16384,0,linear,bucket,0,-1,0,1,1277953,0.1,2,0.6532329618930817,0.5141747402595327,0.1693636839487489,0.5201326105624844,0.1717289639230913,12.650538541027345
one_pass,3667249,0,65536,0,linear,bucket,0,-1,0,1,1277953,0.1,2,0.5378361660987139,0.4906812631503525,0.1603459027371795,,,25.583971665939316
one_pass,3667249,0,262144,0,linear,bucket,0,-1,0,1,1277953,0.1,2,0.4979229788295924,0.4776880262309163,0.1555268801850709,,,39.292630541021936
one_pass,3667249,0,1048576,0,linear,bucket,0,-1,0,1,1277953,0.1,2,0.4780106763355434,0.4678120402429261,0.1520578063274319,,,56.78954445803538
one_pass,3667249,0,4194304,0,linear,bucket,0,-1,0,1,1277953,0.1,2,0.4677416855702176,0.4615498077633959,0.1499000517604251,,,113.1418371659238
one_pass,3667249,0,16777216,0,linear,bucket,0,-1,0,1,1277953,0.1,2,0.4617394320375751,0.4577369722978368,0.1485501016512745,,,190.3165579999331
one_pass,3667249,0,33554432,0,linear,bucket,0,-1,0,1,1277953,0.1,2,0.4595939054233895,0.4564515318730048,0.1481300986026783,0.4621405470408387,0.15020703529427,292.99695295793936
one_pass,3667249,0,36672493,0,linear,bucket,0,-1,0,1,1277953,0.1,2,0.4593764852603178,0.4564551218806502,0.1481186475989166,0.4620361205896562,0.1501729369655063,321.4346203330206
one_pass,3667249,0,16384,0,fm,bucket,0,-1,5,6,7667713,0.001,0,0.6815019100904465,0.6688863739608877,0.2378803785228689,,,15.538253334001638
one_pass,3667249,0,65536,0,fm,bucket,0,-1,5,6,7667713,0.001,0,0.6614227704703808,0.6415297778187091,0.2243043065247993,,,31.644208875019103
one_pass,3667249,0,262144,0,fm,bucket,0,-1,5,6,7667713,0.001,0,0.6285326173529029,0.599262963138706,0.2038550411000464,,,49.62206520908512
one_pass,3667249,0,1048576,0,fm,bucket,0,-1,5,6,7667713,0.001,0,0.5821675665210932,0.5434635670961289,0.1786954768858906,,,81.52238662505988
one_pass,3667249,0,4194304,0,fm,bucket,0,-1,5,6,7667713,0.001,0,0.5294794117799029,0.4949373641643688,0.1600328113797564,,,143.201793833985
one_pass,3667249,0,16777216,0,fm,bucket,0,-1,5,6,7667713,0.001,0,0.4934986960724927,0.4733608217927135,0.1532035854076274,,,278.0685617499985
one_pass,3667249,0,33554432,0,fm,bucket,0,-1,5,6,7667713,0.001,0,0.4822038905986119,0.4675686672937312,0.1514370797076125,,,459.4049614170799
one_pass,3667249,0,36672493,0,fm,bucket,0,-1,5,6,7667713,0.001,0,0.4810200595159645,0.466987878609396,0.1512524890768051,,,504.4158300419804
one_pass,3667249,0,16384,0,fm,bucket,0,-1,5,6,7667713,0.001,1,0.6818096935749054,0.6690853085714725,0.2379795864122838,,,15.822745875106191
one_pass,3667249,0,65536,0,fm,bucket,0,-1,5,6,7667713,0.001,1,0.6616807319223881,0.6418181547858463,0.2244466951946298,,,31.744161208043806
one_pass,3667249,0,262144,0,fm,bucket,0,-1,5,6,7667713,0.001,1,0.6289885910227895,0.6000562296240775,0.2042376157324032,,,49.745125417015515
one_pass,3667249,0,1048576,0,fm,bucket,0,-1,5,6,7667713,0.001,1,0.5832591026555747,0.5445170623115149,0.1791555549109504,,,82.95067283301614
one_pass,3667249,0,4194304,0,fm,bucket,0,-1,5,6,7667713,0.001,1,0.5301361497258767,0.4952162485288852,0.1601276100563819,,,143.367585833068
one_pass,3667249,0,16777216,0,fm,bucket,0,-1,5,6,7667713,0.001,1,0.4936969080299604,0.473384286770039,0.1532137364360658,,,278.2940560830757
one_pass,3667249,0,33554432,0,fm,bucket,0,-1,5,6,7667713,0.001,1,0.4822859781779698,0.4676027615914863,0.1514539449018859,,,461.6147701670416
one_pass,3667249,0,36672493,0,fm,bucket,0,-1,5,6,7667713,0.001,1,0.4810922953789142,0.4670239219048244,0.1512708072632903,,,506.26483712508343
one_pass,3667249,0,16384,0,fm,bucket,0,-1,5,6,7667713,0.001,2,0.6818467676639557,0.6691398295511778,0.2380067671840307,,,15.966290499898603
one_pass,3667249,0,65536,0,fm,bucket,0,-1,5,6,7667713,0.001,2,0.661762323230505,0.6418994384874166,0.2244866909522868,,,31.822703624959104
one_pass,3667249,0,262144,0,fm,bucket,0,-1,5,6,7667713,0.001,2,0.6290801437571645,0.6000623655049405,0.2042372550919401,,,49.50738145899959
one_pass,3667249,0,1048576,0,fm,bucket,0,-1,5,6,7667713,0.001,2,0.5835023671388626,0.5449698430109435,0.1793646510668786,,,80.87615291692782
one_pass,3667249,0,4194304,0,fm,bucket,0,-1,5,6,7667713,0.001,2,0.5303897513949778,0.4953055562943526,0.160151633439915,,,142.55299683392514
one_pass,3667249,0,16777216,0,fm,bucket,0,-1,5,6,7667713,0.001,2,0.493852171144681,0.4734478230822728,0.1532327747234667,,,276.10371283395216
one_pass,3667249,0,33554432,0,fm,bucket,0,-1,5,6,7667713,0.001,2,0.4824208088321029,0.4676352554822778,0.1514618789221704,,,458.64422304194886
one_pass,3667249,0,36672493,0,fm,bucket,0,-1,5,6,7667713,0.001,2,0.481224008417439,0.4670498936369417,0.1512757769460571,,,503.8299378339434
one_pass,3667249,0,16384,0,fm,bucket,0,-1,5,6,7667713,0.0019306977288832,0,0.6722351461648941,0.6499216028641098,0.228452071881356,,,15.96357816690579
one_pass,3667249,0,65536,0,fm,bucket,0,-1,5,6,7667713,0.0019306977288832,0,0.6389379985630512,0.6084323206141775,0.208211842179024,,,31.778543249936774
one_pass,3667249,0,262144,0,fm,bucket,0,-1,5,6,7667713,0.0019306977288832,0,0.592305701225996,0.5530474838328941,0.1828438675597369,,,50.000962499994785
one_pass,3667249,0,1048576,0,fm,bucket,0,-1,5,6,7667713,0.0019306977288832,0,0.5364249997073784,0.4990696044922301,0.1614292017325948,,,84.28083795891143
one_pass,3667249,0,4194304,0,fm,bucket,0,-1,5,6,7667713,0.0019306977288832,0,0.4967950502759777,0.4749772333651308,0.1537069700847596,,,144.27150649996474
one_pass,3667249,0,16777216,0,fm,bucket,0,-1,5,6,7667713,0.0019306977288832,0,0.4760408507208922,0.4643852401954149,0.1504644646335769,,,277.4885264999466
one_pass,3667249,0,33554432,0,fm,bucket,0,-1,5,6,7667713,0.0019306977288832,0,0.4696788616274716,0.4612398800320976,0.1494880567066145,,,459.154611542006
one_pass,3667249,0,36672493,0,fm,bucket,0,-1,5,6,7667713,0.0019306977288832,0,0.4690176982939347,0.4609353390198705,0.1493915541599154,,,503.6283688339172
one_pass,3667249,0,16384,0,fm,bucket,0,-1,5,6,7667713,0.0019306977288832,1,0.672481968998909,0.6501028382843717,0.2285419142730759,,,15.776759875006974
one_pass,3667249,0,65536,0,fm,bucket,0,-1,5,6,7667713,0.0019306977288832,1,0.6392135247588158,0.6088794025125805,0.2084285358392454,,,32.09459879202768
one_pass,3667249,0,262144,0,fm,bucket,0,-1,5,6,7667713,0.0019306977288832,1,0.593541962094605,0.5551183870165962,0.1838092881737567,,,50.018689375021495
one_pass,3667249,0,1048576,0,fm,bucket,0,-1,5,6,7667713,0.0019306977288832,1,0.5375823345966637,0.4997167747950586,0.1616693405463003,,,84.66083658405114
one_pass,3667249,0,4194304,0,fm,bucket,0,-1,5,6,7667713,0.0019306977288832,1,0.4972263462259434,0.4750488201841459,0.1537322554003478,,,143.74807162501384
one_pass,3667249,0,16777216,0,fm,bucket,0,-1,5,6,7667713,0.0019306977288832,1,0.4761399596536648,0.4644122934428246,0.1504782230486006,,,278.22403775004204
one_pass,3667249,0,33554432,0,fm,bucket,0,-1,5,6,7667713,0.0019306977288832,1,0.4697254998318385,0.4612587620887876,0.1494972950061812,,,461.4768864590442
one_pass,3667249,0,36672493,0,fm,bucket,0,-1,5,6,7667713,0.0019306977288832,1,0.4690594885845663,0.4609531698986858,0.1494009790875264,,,505.94208829209674
one_pass,3667249,0,16384,0,fm,bucket,0,-1,5,6,7667713,0.0019306977288832,2,0.6725481152534485,0.65014767901817,0.2285640808695067,,,16.094131291029043
one_pass,3667249,0,65536,0,fm,bucket,0,-1,5,6,7667713,0.0019306977288832,2,0.639260683208704,0.6088304175490562,0.2084035456394257,,,32.29501895804424
one_pass,3667249,0,262144,0,fm,bucket,0,-1,5,6,7667713,0.0019306977288832,2,0.5936440527439117,0.5559930903752093,0.1842331005837746,,,50.16603091603611
one_pass,3667249,0,1048576,0,fm,bucket,0,-1,5,6,7667713,0.0019306977288832,2,0.5385218679439276,0.5002463209379935,0.1618872011635527,,,87.98538145795465
one_pass,3667249,0,4194304,0,fm,bucket,0,-1,5,6,7667713,0.0019306977288832,2,0.4976789585780352,0.4750951657723611,0.153765562010387,,,144.43169854104053
one_pass,3667249,0,16777216,0,fm,bucket,0,-1,5,6,7667713,0.0019306977288832,2,0.4763155769760487,0.4643411440431705,0.1504567120203317,,,278.1903465000214
one_pass,3667249,0,33554432,0,fm,bucket,0,-1,5,6,7667713,0.0019306977288832,2,0.4697737326387141,0.4611227320970965,0.1494526530566976,,,462.1324067909736
one_pass,3667249,0,36672493,0,fm,bucket,0,-1,5,6,7667713,0.0019306977288832,2,0.4690929653636655,0.4608076344357699,0.1493521007326969,,,507.05451275000814
one_pass,3667249,0,16384,0,fm,bucket,0,-1,5,6,7667713,0.0037275937203149,0,0.6568660140037537,0.6200383457974477,0.2137982290650549,,,16.16660595801659
one_pass,3667249,0,65536,0,fm,bucket,0,-1,5,6,7667713,0.0037275937203149,0,0.6080824062228203,0.5688656301214408,0.189985647878051,,,31.942039791028947
one_pass,3667249,0,262144,0,fm,bucket,0,-1,5,6,7667713,0.0037275937203149,0,0.5506962845101953,0.5083855670625895,0.1648443012432616,,,50.537202375009656
one_pass,3667249,0,1048576,0,fm,bucket,0,-1,5,6,7667713,0.0037275937203149,0,0.5034385803155601,0.4779710794639083,0.1546726202499092,,,89.67789349996019
one_pass,3667249,0,4194304,0,fm,bucket,0,-1,5,6,7667713,0.0037275937203149,0,0.4789549856213853,0.4659203151205777,0.1509723362627152,,,144.33454095805064
one_pass,3667249,0,16777216,0,fm,bucket,0,-1,5,6,7667713,0.0037275937203149,0,0.4669599170592846,0.4599080716105035,0.1490918288033179,,,278.30942412500735
one_pass,3667249,0,33554432,0,fm,bucket,0,-1,5,6,7667713,0.0037275937203149,0,0.4631260344467591,0.4578458756584545,0.1484367427994915,,,460.9352512910264
one_pass,3667249,0,36672493,0,fm,bucket,0,-1,5,6,7667713,0.0037275937203149,0,0.4627241592566625,0.4576666528665524,0.1483823584563333,,,506.5375323749613
one_pass,3667249,0,16384,0,fm,bucket,0,-1,5,6,7667713,0.0037275937203149,1,0.6570430248975754,0.6202093076778976,0.213881601308431,,,16.107731540920213
one_pass,3667249,0,65536,0,fm,bucket,0,-1,5,6,7667713,0.0037275937203149,1,0.6085848212242126,0.5704549530428084,0.1907495182861318,,,32.34319883293938
one_pass,3667249,0,262144,0,fm,bucket,0,-1,5,6,7667713,0.0037275937203149,1,0.5530123440548778,0.5101274071937915,0.1655332304156675,,,50.2949165829923
one_pass,3667249,0,1048576,0,fm,bucket,0,-1,5,6,7667713,0.0037275937203149,1,0.50451288477052,0.4781610573064288,0.154748006878753,,,89.29839799995534
one_pass,3667249,0,4194304,0,fm,bucket,0,-1,5,6,7667713,0.0037275937203149,1,0.4792825981858186,0.4658881283520352,0.1509621158616498,,,143.9088150409516
one_pass,3667249,0,16777216,0,fm,bucket,0,-1,5,6,7667713,0.0037275937203149,1,0.4669422474325984,0.4597383462610955,0.1490332230421105,,,277.5916037079878
one_pass,3667249,0,33554432,0,fm,bucket,0,-1,5,6,7667713,0.0037275937203149,1,0.4629796286681085,0.4575466538733653,0.148333535011098,,,460.4379485829268
one_pass,3667249,0,36672493,0,fm,bucket,0,-1,5,6,7667713,0.0037275937203149,1,0.4625592450696508,0.4573517478614755,0.1482728246772527,,,506.136536915903
one_pass,3667249,0,16384,0,fm,bucket,0,-1,5,6,7667713,0.0037275937203149,2,0.6572043001651764,0.620234772894306,0.2138935425474201,,,15.570953708025629
one_pass,3667249,0,65536,0,fm,bucket,0,-1,5,6,7667713,0.0037275937203149,2,0.6084255576133728,0.5694490214459806,0.1902607625537933,,,31.72930541599635
one_pass,3667249,0,262144,0,fm,bucket,0,-1,5,6,7667713,0.0037275937203149,2,0.5518563715741038,0.5096586981517685,0.1653494076537275,,,49.924663666053675
one_pass,3667249,0,1048576,0,fm,bucket,0,-1,5,6,7667713,0.0037275937203149,2,0.5040625577094033,0.4781315914787082,0.1547208698838932,,,91.13961570803076
one_pass,3667249,0,4194304,0,fm,bucket,0,-1,5,6,7667713,0.0037275937203149,2,0.4791235887096263,0.4659463384602574,0.1509840653228569,,,143.71473854104988
one_pass,3667249,0,16777216,0,fm,bucket,0,-1,5,6,7667713,0.0037275937203149,2,0.467013642512029,0.4599698949737406,0.1491144834596961,,,277.74017662508413
one_pass,3667249,0,33554432,0,fm,bucket,0,-1,5,6,7667713,0.0037275937203149,2,0.4631969169749936,0.458005036589668,0.1484925039434723,,,459.7707709160168
one_pass,3667249,0,36672493,0,fm,bucket,0,-1,5,6,7667713,0.0037275937203149,2,0.4628029429325412,0.4578458653329477,0.1484447691634935,,,504.7263408330036
one_pass,3667249,0,16384,0,fm,bucket,0,-1,5,6,7667713,0.0071968567300115,0,0.634628415107727,0.5817033406814244,0.1957933099768591,,,16.744456415995955
one_pass,3667249,0,65536,0,fm,bucket,0,-1,5,6,7667713,0.0071968567300115,0,0.5738303065299988,0.5288444146376053,0.1731309291841875,,,33.687317833071575
one_pass,3667249,0,262144,0,fm,bucket,0,-1,5,6,7667713,0.0071968567300115,0,0.5179663388989866,0.485041579705989,0.1571922793290185,,,52.243477625073865
one_pass,3667249,0,1048576,0,fm,bucket,0,-1,5,6,7667713,0.0071968567300115,0,0.4854229625780135,0.4693945241237359,0.1522058041807439,,,76.42933987500146
one_pass,3667249,0,4194304,0,fm,bucket,0,-1,5,6,7667713,0.0071968567300115,0,0.4703675939526874,0.4621371036940033,0.1498754832869934,,,128.15168729098514
one_pass,3667249,0,16777216,0,fm,bucket,0,-1,5,6,7667713,0.0071968567300115,0,0.4625872593387612,0.4575043294343016,0.148352464469587,,,264.15533712506294
one_pass,3667249,0,33554432,0,fm,bucket,0,-1,5,6,7667713,0.0071968567300115,0,0.4596886922081467,0.4554453478305159,0.1476712909711303,,,435.298292624997
one_pass,3667249,0,36672493,0,fm,bucket,0,-1,5,6,7667713,0.0071968567300115,0,0.4593634508398469,0.455281771543469,0.1476148367083611,,,480.76722041598987
one_pass,3667249,0,16384,0,fm,bucket,0,-1,5,6,7667713,0.0071968567300115,1,0.6347987949848175,0.5819031739173438,0.1958878110229127,,,16.080680749961175
one_pass,3667249,0,65536,0,fm,bucket,0,-1,5,6,7667713,0.0071968567300115,1,0.5747402310371399,0.5305691497178691,0.1739094045956668,,,32.64470699999947
one_pass,3667249,0,262144,0,fm,bucket,0,-1,5,6,7667713,0.0071968567300115,1,0.5185934766195714,0.4853258066315578,0.1573041466709873,,,51.519430749933235
one_pass,3667249,0,1048576,0,fm,bucket,0,-1,5,6,7667713,0.0071968567300115,1,0.4856643341481685,0.4694190780392682,0.1522145433459077,,,74.56009720894508
one_pass,3667249,0,4194304,0,fm,bucket,0,-1,5,6,7667713,0.0071968567300115,1,0.4703760237316601,0.462051914674032,0.149842742963767,,,125.74462087498978
one_pass,3667249,0,16777216,0,fm,bucket,0,-1,5,6,7667713,0.0071968567300115,1,0.4623457500201766,0.4570749777493436,0.1481976029819043,,,261.44862712500617
one_pass,3667249,0,33554432,0,fm,bucket,0,-1,5,6,7667713,0.0071968567300115,1,0.4592683144110197,0.4548266556817305,0.1474477772853279,,,433.1788858749205
one_pass,3667249,0,36672493,0,fm,bucket,0,-1,5,6,7667713,0.0071968567300115,1,0.4589235982123102,0.4546428855525806,0.1473830068253735,,,477.9044001249131
one_pass,3667249,0,16384,0,fm,bucket,0,-1,5,6,7667713,0.0071968567300115,2,0.6352747082710266,0.5818176194702948,0.1958457651361995,,,15.33462358394172
one_pass,3667249,0,65536,0,fm,bucket,0,-1,5,6,7667713,0.0071968567300115,2,0.5741223432123661,0.5291763772135978,0.1732805559644317,,,31.547779916902073
one_pass,3667249,0,262144,0,fm,bucket,0,-1,5,6,7667713,0.0071968567300115,2,0.5183451538905501,0.4854133287300971,0.1573135362149304,,,48.564036374911666
one_pass,3667249,0,1048576,0,fm,bucket,0,-1,5,6,7667713,0.0071968567300115,2,0.4856257393257692,0.4694401373399261,0.1522202353265065,,,71.1416852088878
one_pass,3667249,0,4194304,0,fm,bucket,0,-1,5,6,7667713,0.0071968567300115,2,0.4704129918536637,0.462152726412246,0.1498810129354455,,,115.14437770890072
one_pass,3667249,0,16777216,0,fm,bucket,0,-1,5,6,7667713,0.0071968567300115,2,0.4625976906172582,0.4575344418744214,0.1483633338181074,,,246.299903874984
one_pass,3667249,0,33554432,0,fm,bucket,0,-1,5,6,7667713,0.0071968567300115,2,0.4596898804484226,0.4554509077131972,0.1476787556984591,,,417.2648757919669
one_pass,3667249,0,36672493,0,fm,bucket,0,-1,5,6,7667713,0.0071968567300115,2,0.4593654821383162,0.4552860010335214,0.1476213369627806,,,461.4520285419421
one_pass,3667249,0,16384,0,fm,bucket,0,-1,5,6,7667713,0.0138949549437313,0,0.6111586391925812,0.5485700927536147,0.1819124191431885,,,15.288511333055794
one_pass,3667249,0,65536,0,fm,bucket,0,-1,5,6,7667713,0.0138949549437313,0,0.5438523031771183,0.5009058880869766,0.1629273674327689,,,31.466785917058587
one_pass,3667249,0,262144,0,fm,bucket,0,-1,5,6,7667713,0.0138949549437313,0,0.5004972848109901,0.477748412957318,0.1552980504809599,,,48.91390862502158
one_pass,3667249,0,1048576,0,fm,bucket,0,-1,5,6,7667713,0.0138949549437313,0,0.4780076270690188,0.4665561822288425,0.1514640320466597,,,71.80040062509943
one_pass,3667249,0,4194304,0,fm,bucket,0,-1,5,6,7667713,0.0138949549437313,0,0.4665043825225439,0.4597168628157773,0.1491283957670461,,,116.3469174170168
one_pass,3667249,0,16777216,0,fm,bucket,0,-1,5,6,7667713,0.0138949549437313,0,0.4592102342721773,0.4542812864218374,0.1472358585229447,,,248.2919240420451
one_pass,3667249,0,33554432,0,fm,bucket,0,-1,5,6,7667713,0.0138949549437313,0,0.4562084320168651,0.4520935096380711,0.1464978824073441,,,420.1953193329973
one_pass,3667249,0,36672493,0,fm,bucket,0,-1,5,6,7667713,0.0138949549437313,0,0.4558742796034676,0.4519507871001992,0.1464442194383144,,,464.7477706250502
one_pass,3667249,0,16384,0,fm,bucket,0,-1,5,6,7667713,0.0138949549437313,1,0.611381933093071,0.5490268931042972,0.1821276753577101,,,15.415529957972469
one_pass,3667249,0,65536,0,fm,bucket,0,-1,5,6,7667713,0.0138949549437313,1,0.5443908125162125,0.500850804670055,0.1629127573814558,,,31.577137875021435
one_pass,3667249,0,262144,0,fm,bucket,0,-1,5,6,7667713,0.0138949549437313,1,0.5005427408032119,0.4776924565990115,0.155278045355636,,,49.43019695801195
one_pass,3667249,0,1048576,0,fm,bucket,0,-1,5,6,7667713,0.0138949549437313,1,0.4780186188872903,0.4666020186251051,0.1514766199696142,,,72.76795712497551
one_pass,3667249,0,4194304,0,fm,bucket,0,-1,5,6,7667713,0.0138949549437313,1,0.4664848072570748,0.4596649537698987,0.1491011127371646,,,116.71660395793153
one_pass,3667249,0,16777216,0,fm,bucket,0,-1,5,6,7667713,0.0138949549437313,1,0.4590001581382239,0.4540100259429181,0.1471426127932321,,,249.75619654194452
one_pass,3667249,0,33554432,0,fm,bucket,0,-1,5,6,7667713,0.0138949549437313,1,0.4559380975661042,0.4518185307783607,0.1464088653621479,,,423.2771799999755
one_pass,3667249,0,36672493,0,fm,bucket,0,-1,5,6,7667713,0.0138949549437313,1,0.4555989239683243,0.4516775177077061,0.1463556657127916,,,467.8022110420279
one_pass,3667249,0,16384,0,fm,bucket,0,-1,5,6,7667713,0.0138949549437313,2,0.6129071414470673,0.5484283465919442,0.1818629778768085,,,15.7724287500605
one_pass,3667249,0,65536,0,fm,bucket,0,-1,5,6,7667713,0.0138949549437313,2,0.5440136231482029,0.5003131828689753,0.1626945786840018,,,31.560777249978855
one_pass,3667249,0,262144,0,fm,bucket,0,-1,5,6,7667713,0.0138949549437313,2,0.5003807456232607,0.477610734339678,0.1552370748078845,,,48.920176291954704
one_pass,3667249,0,1048576,0,fm,bucket,0,-1,5,6,7667713,0.0138949549437313,2,0.478021944523789,0.4666641246183026,0.1514988071554786,,,72.1238229169976
one_pass,3667249,0,4194304,0,fm,bucket,0,-1,5,6,7667713,0.0138949549437313,2,0.4665393513860181,0.4596928505666157,0.1491165767082287,,,117.52908050001132
one_pass,3667249,0,16777216,0,fm,bucket,0,-1,5,6,7667713,0.0138949549437313,2,0.4592625559671432,0.4544116132586142,0.1472986852944404,,,248.91353204206095
one_pass,3667249,0,33554432,0,fm,bucket,0,-1,5,6,7667713,0.0138949549437313,2,0.4562380617717281,0.4520357040420658,0.1464936441595841,,,420.6781302499585
one_pass,3667249,0,36672493,0,fm,bucket,0,-1,5,6,7667713,0.0138949549437313,2,0.4558909591433503,0.4518622739660347,0.1464316118662731,,,465.1169546250021
one_pass,3667249,0,16384,0,fm,bucket,0,-1,5,6,7667713,0.0268269579527972,0,0.6071783900260925,0.5223094372960052,0.1719781656608581,0.5274691561502377,0.1741701278099447,15.665429874905383
one_pass,3667249,0,65536,0,fm,bucket,0,-1,5,6,7667713,0.0268269579527972,0,0.529806986451149,0.4927548941385757,0.1608201421815963,0.4981391415258134,0.1629538220321222,31.472987707937136
one_pass,3667249,0,262144,0,fm,bucket,0,-1,5,6,7667713,0.0268269579527972,0,0.4958762107416987,0.4774219159563793,0.1554287171041377,0.4828991598847633,0.1575132191251839,48.77489616593812
one_pass,3667249,0,1048576,0,fm,bucket,0,-1,5,6,7667713,0.0268269579527972,0,0.4767674028407782,0.4664136525535973,0.1515152895453988,0.4719212358835326,0.1535851379762441,71.68608545791358
one_pass,3667249,0,4194304,0,fm,bucket,0,-1,5,6,7667713,0.0268269579527972,0,0.4656580558803398,0.4588360554981616,0.1488693985101728,0.4641504566965271,0.1508262152167378,116.193609040929
one_pass,3667249,0,16777216,0,fm,bucket,0,-1,5,6,7667713,0.0268269579527972,0,0.457902314767125,0.4528227414440622,0.1467424992905233,0.4581957712365863,0.1487242712110151,249.38706058298703
one_pass,3667249,0,33554432,0,fm,bucket,0,-1,5,6,7667713,0.0268269579527972,0,0.4547197980537021,0.4504631013584361,0.1459461764068528,0.4560249657048947,0.147971545218697,419.5570363330189
one_pass,3667249,0,36672493,0,fm,bucket,0,-1,5,6,7667713,0.0268269579527972,0,0.4543651493077625,0.4503174138888804,0.1458897758087586,0.4558220197979953,0.1479021172794262,463.644307874958
one_pass,3667249,0,16384,0,fm,bucket,0,-1,5,6,7667713,0.0268269579527972,1,0.6091251075267792,0.5248739300721232,0.173109518776352,0.5299650623827484,0.1753072240192937,15.729784665978514
one_pass,3667249,0,65536,0,fm,bucket,0,-1,5,6,7667713,0.0268269579527972,1,0.5304553676396608,0.4926245412916408,0.1607521253516585,0.4979380934950094,0.1628608643464374,31.788127750041895
one_pass,3667249,0,262144,0,fm,bucket,0,-1,5,6,7667713,0.0268269579527972,1,0.4960185922682285,0.4775703512090803,0.1554850224858798,0.4829191318116852,0.1575130441907261,49.24447241600137
one_pass,3667249,0,1048576,0,fm,bucket,0,-1,5,6,7667713,0.0268269579527972,1,0.4767852446530014,0.4665543995443947,0.1515695254119624,0.4719569639214639,0.1535923825292815,72.36373283306602
one_pass,3667249,0,4194304,0,fm,bucket,0,-1,5,6,7667713,0.0268269579527972,1,0.4657874769764021,0.4591441766052812,0.1489762462710798,0.4643938916719938,0.1509048127536736,117.27830254100265
one_pass,3667249,0,16777216,0,fm,bucket,0,-1,5,6,7667713,0.0268269579527972,1,0.4581614440467092,0.453092805082895,0.1468419304282481,0.4584305057309247,0.1488058064295501,250.557522875024
one_pass,3667249,0,33554432,0,fm,bucket,0,-1,5,6,7667713,0.0268269579527972,1,0.4550102969769796,0.4508435994954118,0.1460765090338357,0.456317959937793,0.1480706580881508,421.8242281660205
one_pass,3667249,0,36672493,0,fm,bucket,0,-1,5,6,7667713,0.0268269579527972,1,0.4546612799024182,0.4507080869241237,0.1460263986116989,0.4561151766359905,0.1480065556971454,466.5470316250576
one_pass,3667249,0,16384,0,fm,bucket,0,-1,5,6,7667713,0.0268269579527972,2,0.613551452755928,0.5241047248271481,0.1726092392640689,0.5287658224514923,0.1746096868476165,15.624320624978282
one_pass,3667249,0,65536,0,fm,bucket,0,-1,5,6,7667713,0.0268269579527972,2,0.532190915197134,0.4921475235252769,0.1605484270508373,0.4973445248622513,0.1626135386753782,31.819704958004877
one_pass,3667249,0,262144,0,fm,bucket,0,-1,5,6,7667713,0.0268269579527972,2,0.4961277283728122,0.4768389509135001,0.1552345202135747,0.482256067944114,0.1572894417661462,49.36814987496473
one_pass,3667249,0,1048576,0,fm,bucket,0,-1,5,6,7667713,0.0268269579527972,2,0.4764393148943782,0.4661917479043124,0.1514491982926744,0.4716311562463043,0.1534899234566391,71.97700758301653
one_pass,3667249,0,4194304,0,fm,bucket,0,-1,5,6,7667713,0.0268269579527972,2,0.4654489431413822,0.4586899910377593,0.1488184760694715,0.464008604596887,0.1507779656626417,116.91296470805536
one_pass,3667249,0,16777216,0,fm,bucket,0,-1,5,6,7667713,0.0268269579527972,2,0.4578338960927794,0.452911789440814,0.1467796454479479,0.4582634371923529,0.1487591436898298,249.043913707952
one_pass,3667249,0,33554432,0,fm,bucket,0,-1,5,6,7667713,0.0268269579527972,2,0.4547458681845455,0.4506710704080646,0.1460224339482627,0.4561873255260691,0.1480318473854553,421.2654140420491
one_pass,3667249,0,36672493,0,fm,bucket,0,-1,5,6,7667713,0.0268269579527972,2,0.4544007250281056,0.4505220348912421,0.145965448793999,0.4560040405892249,0.1479733004633266,465.37452216702513
one_pass,3667249,0,16384,0,fm,bucket,0,-1,5,6,7667713,0.0517947467923121,0,0.762837290763855,0.6388190769770897,0.1999025869066994,,,15.611583916004747
one_pass,3667249,0,65536,0,fm,bucket,0,-1,5,6,7667713,0.0517947467923121,0,0.6096201688051224,0.5111932176099315,0.1672452407766539,,,31.51015483296942
one_pass,3667249,0,262144,0,fm,bucket,0,-1,5,6,7667713,0.0517947467923121,0,0.5225842464715242,0.4826271430940881,0.15739741424171,,,48.73751916596666
one_pass,3667249,0,1048576,0,fm,bucket,0,-1,5,6,7667713,0.0517947467923121,0,0.4853462397586554,0.4681122360608393,0.1522338381282861,,,71.63594670791645
one_pass,3667249,0,4194304,0,fm,bucket,0,-1,5,6,7667713,0.0517947467923121,0,0.4685559404606465,0.4596029628152304,0.1492169223040647,,,116.37479499995244
one_pass,3667249,0,16777216,0,fm,bucket,0,-1,5,6,7667713,0.0517947467923121,0,0.4591301881009713,0.4534082333535039,0.1469861536513887,,,247.90318841591943
one_pass,3667249,0,33554432,0,fm,bucket,0,-1,5,6,7667713,0.0517947467923121,0,0.4555327359848888,0.4508248617960983,0.1460912717525279,,,419.3668356250273
one_pass,3667249,0,36672493,0,fm,bucket,0,-1,5,6,7667713,0.0517947467923121,0,0.4551317462995083,0.4506842840344334,0.1460371016702945,,,464.698702415917
one_pass,3667249,0,16384,0,fm,bucket,0,-1,5,6,7667713,0.0517947467923121,1,0.7781352400779724,0.5736724368649528,0.1891165121479138,,,15.670155166997574
one_pass,3667249,0,65536,0,fm,bucket,0,-1,5,6,7667713,0.0517947467923121,1,0.6067705079913139,0.5119317930542999,0.1673251342895266,,,31.62974895897787
one_pass,3667249,0,262144,0,fm,bucket,0,-1,5,6,7667713,0.0517947467923121,1,0.5222566775046289,0.4825130315970695,0.1573305488172982,,,49.13903808395844
one_pass,3667249,0,1048576,0,fm,bucket,0,-1,5,6,7667713,0.0517947467923121,1,0.4853051967220381,0.4681946895271663,0.1522615153798286,,,72.48666987498291
one_pass,3667249,0,4194304,0,fm,bucket,0,-1,5,6,7667713,0.0517947467923121,1,0.4686165378661826,0.4596489923137833,0.1492439965320257,,,117.13519337505568
one_pass,3667249,0,16777216,0,fm,bucket,0,-1,5,6,7667713,0.0517947467923121,1,0.4590396170679014,0.4532302371399468,0.1469449813817788,,,250.05022516695317
one_pass,3667249,0,33554432,0,fm,bucket,0,-1,5,6,7667713,0.0517947467923121,1,0.4553641696402337,0.4506228864801873,0.1460225730962845,,,423.29975279199425
one_pass,3667249,0,36672493,0,fm,bucket,0,-1,5,6,7667713,0.0517947467923121,1,0.4549571636069734,0.4505139775340762,0.1459837020399695,,,467.3625711669447
one_pass,3667249,0,16384,0,fm,bucket,0,-1,5,6,7667713,0.0517947467923121,2,0.8162801712751389,0.5764919465798147,0.1913138190316687,,,16.825735208927654
one_pass,3667249,0,65536,0,fm,bucket,0,-1,5,6,7667713,0.0517947467923121,2,0.6245672442018986,0.5123224175976075,0.167662989353015,,,33.35161029198207
one_pass,3667249,0,262144,0,fm,bucket,0,-1,5,6,7667713,0.0517947467923121,2,0.5268397573381662,0.4826190643003444,0.1573477766209378,,,50.99157816695515
one_pass,3667249,0,1048576,0,fm,bucket,0,-1,5,6,7667713,0.0517947467923121,2,0.486622235737741,0.4684411507748843,0.1523300127785618,,,73.95116991689429
one_pass,3667249,0,4194304,0,fm,bucket,0,-1,5,6,7667713,0.0517947467923121,2,0.4690358988009393,0.4597065511494806,0.1492441414785752,,,119.28107158397324
one_pass,3667249,0,16777216,0,fm,bucket,0,-1,5,6,7667713,0.0517947467923121,2,0.4593113211740274,0.453530276836995,0.1470518370599064,,,254.20349499990695
one_pass,3667249,0,33554432,0,fm,bucket,0,-1,5,6,7667713,0.0517947467923121,2,0.4557297623578051,0.4510198527554205,0.1461767423156517,,,436.96119179192465
one_pass,3667249,0,36672493,0,fm,bucket,0,-1,5,6,7667713,0.0517947467923121,2,0.4553356121643983,0.450839462661971,0.1461080989834209,,,486.714600333944
one_pass,3667249,0,16384,0,fm,bucket,0,-1,5,6,7667713,0.1,0,2.4093987345695496,1.3352195082704998,0.2409855890345385,,,16.07431533304043
one_pass,3667249,0,65536,0,fm,bucket,0,-1,5,6,7667713,0.1,0,1.1640620715916157,0.6237717182325652,0.1927654262308105,,,32.11755945801269
one_pass,3667249,0,262144,0,fm,bucket,0,-1,5,6,7667713,0.1,0,0.7010031109675765,0.5083789331008448,0.1654222973489941,,,49.429349291021936
one_pass,3667249,0,1048576,0,fm,bucket,0,-1,5,6,7667713,0.1,0,0.5397219058359042,0.4763259624764369,0.1549406964100817,,,72.72303774999455
one_pass,3667249,0,4194304,0,fm,bucket,0,-1,5,6,7667713,0.1,0,0.4859789167821873,0.4632056442979859,0.1504690181355052,,,117.36191329103896
one_pass,3667249,0,16777216,0,fm,bucket,0,-1,5,6,7667713,0.1,0,0.4655330200912431,0.4556417749673181,0.1477932731789628,,,250.28411937505007
one_pass,3667249,0,33554432,0,fm,bucket,0,-1,5,6,7667713,0.1,0,0.4596678487396275,0.4524751841904685,0.1466902008195845,,,434.1875344160944
one_pass,3667249,0,36672493,0,fm,bucket,0,-1,5,6,7667713,0.1,0,0.4590441776745349,0.4523218320525594,0.1466277872830623,,,483.2668891660869
one_pass,3667249,0,16384,0,fm,bucket,0,-1,5,6,7667713,0.1,1,2.576875329017639,1.4285151260257056,0.2436873689444594,,,15.044133041985331
one_pass,3667249,0,65536,0,fm,bucket,0,-1,5,6,7667713,0.1,1,1.216129094362259,0.6076910408789503,0.1879028370049354,,,31.06611991708633
one_pass,3667249,0,262144,0,fm,bucket,0,-1,5,6,7667713,0.1,1,0.7117155091837049,0.5085658428964167,0.1653016643806698,,,47.87590337509755
one_pass,3667249,0,1048576,0,fm,bucket,0,-1,5,6,7667713,0.1,1,0.542536836117506,0.4765019124155275,0.1550285779108221,,,71.35990679205861
one_pass,3667249,0,4194304,0,fm,bucket,0,-1,5,6,7667713,0.1,1,0.4867408313730266,0.4633557178244997,0.150558228038335,,,121.74709108308888
one_pass,3667249,0,16777216,0,fm,bucket,0,-1,5,6,7667713,0.1,1,0.4656876626686426,0.4557538205041682,0.1478468634267325,,,264.05904850002844
one_pass,3667249,0,33554432,0,fm,bucket,0,-1,5,6,7667713,0.1,1,0.4597441064252052,0.4525142726649434,0.1467112731502865,,,459.5236030000961
one_pass,3667249,0,36672493,0,fm,bucket,0,-1,5,6,7667713,0.1,1,0.459112373447078,0.4524271886581547,0.1466761072916001,,,511.1101858750917
one_pass,3667249,0,16384,0,fm,bucket,0,-1,5,6,7667713,0.1,2,2.8670798540115356,1.607670000591605,0.2492556001908504,,,15.462008834001608
one_pass,3667249,0,65536,0,fm,bucket,0,-1,5,6,7667713,0.1,2,1.319094479084015,0.6345495183591574,0.1894433929285034,,,30.86656579200644
one_pass,3667249,0,262144,0,fm,bucket,0,-1,5,6,7667713,0.1,2,0.7445903113111854,0.511200309002948,0.1658532441400228,,,47.97529620898422
one_pass,3667249,0,1048576,0,fm,bucket,0,-1,5,6,7667713,0.1,2,0.5511362953111529,0.4765445391769109,0.1550353770374041,,,73.08904604194686
one_pass,3667249,0,4194304,0,fm,bucket,0,-1,5,6,7667713,0.1,2,0.488888712512562,0.4631920637999004,0.1504847656851981,,,123.02893533394672
one_pass,3667249,0,16777216,0,fm,bucket,0,-1,5,6,7667713,0.1,2,0.4661766587887541,0.4556010579786649,0.1478021958532155,,,263.7904244590318
one_pass,3667249,0,33554432,0,fm,bucket,0,-1,5,6,7667713,0.1,2,0.4599505765472713,0.4524233777738703,0.1466850782031457,,,458.2346990420483
one_pass,3667249,0,36672493,0,fm,bucket,0,-1,5,6,7667713,0.1,2,0.4593064687550199,0.4522872630078372,0.1466312015723502,,,510.6031994590303
one_pass,3667249,0,16384,0,spectral-old,bucket,3,1,0,6,7667718,0.001,0,0.7045706957578659,0.6884001162884121,0.2474349503255578,,,15.586506416089833
one_pass,3667249,0,65536,0,spectral-old,bucket,3,1,0,6,7667718,0.001,0,0.6813830509781837,0.6605317838716049,0.2339120833875832,,,31.27581545803696
one_pass,3667249,0,262144,0,spectral-old,bucket,3,1,0,6,7667718,0.001,0,0.6480257892981172,0.6209780264124173,0.2147959047301075,,,48.23722945805639
one_pass,3667249,0,1048576,0,spectral-old,bucket,3,1,0,6,7667718,0.001,0,0.6085289567708969,0.5785846064319992,0.1950483727553678,,,71.6891781660961
one_pass,3667249,0,4194304,0,spectral-old,bucket,3,1,0,6,7667718,0.001,0,0.5700438770581968,0.5413101577533938,0.179632289082042,,,116.1670272500487
one_pass,3667249,0,16777216,0,spectral-old,bucket,3,1,0,6,7667718,0.001,0,0.5299404403776862,0.4998637130822698,0.1639732650223657,,,234.98350383306388
one_pass,3667249,0,33554432,0,spectral-old,bucket,3,1,0,6,7667718,0.001,0,0.5114995109033771,0.4861261378207407,0.1588567687215819,,,395.9088522910606
one_pass,3667249,0,36672493,0,spectral-old,bucket,3,1,0,6,7667718,0.001,0,0.5093682745135604,0.4847096234344807,0.1583273635957121,,,441.8556455411017
one_pass,3667249,0,16384,0,spectral-old,bucket,3,1,0,6,7667718,0.001,1,0.7265860885381699,0.7113264977467186,0.2584975688375315,,,15.786403374979272
one_pass,3667249,0,65536,0,spectral-old,bucket,3,1,0,6,7667718,0.001,1,0.7023555226624012,0.6778293322357348,0.2423802692710707,,,31.26969095901586
one_pass,3667249,0,262144,0,spectral-old,bucket,3,1,0,6,7667718,0.001,1,0.6627872418612242,0.6276870949487531,0.2182532673559138,,,48.21516199992038
one_pass,3667249,0,1048576,0,spectral-old,bucket,3,1,0,6,7667718,0.001,1,0.611066764453426,0.5720148582089797,0.1924306286624151,,,72.19987662497442
one_pass,3667249,0,4194304,0,spectral-old,bucket,3,1,0,6,7667718,0.001,1,0.5627685812069103,0.5295073142890077,0.17506536685251,,,115.10570524993818
one_pass,3667249,0,16777216,0,spectral-old,bucket,3,1,0,6,7667718,0.001,1,0.5224768107946147,0.4952962351776966,0.1621665533098126,,,233.62873424997088
one_pass,3667249,0,33554432,0,spectral-old,bucket,3,1,0,6,7667718,0.001,1,0.5060311559427646,0.4835709693967372,0.1578382788102405,,,392.3247945839539
one_pass,3667249,0,36672493,0,spectral-old,bucket,3,1,0,6,7667718,0.001,1,0.5041548560600052,0.4823412459329023,0.1573845860376864,,,437.8968056669691
one_pass,3667249,0,16384,0,spectral-old,bucket,3,1,0,6,7667718,0.001,2,0.6327844709157944,0.623064202352244,0.215823860113817,,,15.599004916031843
one_pass,3667249,0,65536,0,spectral-old,bucket,3,1,0,6,7667718,0.001,2,0.6195450983941555,0.6049431317038447,0.2071931745288278,,,31.334333749953657
one_pass,3667249,0,262144,0,spectral-old,bucket,3,1,0,6,7667718,0.001,2,0.597753175534308,0.5785223073631407,0.1950064918770448,,,47.852366458042525
one_pass,3667249,0,1048576,0,spectral-old,bucket,3,1,0,6,7667718,0.001,2,0.5706761938054115,0.5474323018909645,0.1819893402548619,,,72.54868304100819
one_pass,3667249,0,4194304,0,spectral-old,bucket,3,1,0,6,7667718,0.001,2,0.5395240719371941,0.5151110174050274,0.1695489211054104,,,116.64106583304238
one_pass,3667249,0,16777216,0,spectral-old,bucket,3,1,0,6,7667718,0.001,2,0.5100924033104093,0.4891495525695815,0.1598693733503144,,,234.3928587080445
one_pass,3667249,0,33554432,0,spectral-old,bucket,3,1,0,6,7667718,0.001,2,0.4975519167128368,0.4798379091367764,0.1564471377926419,,,395.290243000025
one_pass,3667249,0,36672493,0,spectral-old,bucket,3,1,0,6,7667718,0.001,2,0.4961076435212516,0.4788402615989105,0.1560789800577137,,,441.8742075409973
one_pass,3667249,0,16384,0,spectral-old,bucket,3,1,0,6,7667718,0.0019306977288832,0,0.6941545009613037,0.6682081735260338,0.2376371539753738,,,15.843686792068183
one_pass,3667249,0,65536,0,spectral-old,bucket,3,1,0,6,7667718,0.0019306977288832,0,0.6584297716617584,0.6281075612987148,0.2182094875263379,,,31.74595987505745
one_pass,3667249,0,262144,0,spectral-old,bucket,3,1,0,6,7667718,0.0019306977288832,0,0.6153412945568562,0.5835782211073947,0.1972852909330889,,,48.955087875016034
one_pass,3667249,0,1048576,0,spectral-old,bucket,3,1,0,6,7667718,0.0019306977288832,0,0.5748377768322825,0.5462089246128037,0.1815164932077094,,,73.14527220907621
one_pass,3667249,0,4194304,0,spectral-old,bucket,3,1,0,6,7667718,0.0019306977288832,0,0.5355302001116797,0.5048121152656757,0.1657777146999657,,,117.94941762508824
one_pass,3667249,0,16777216,0,spectral-old,bucket,3,1,0,6,7667718,0.0019306977288832,0,0.5002044783104793,0.4781937071583096,0.1559098537674517,,,234.76474383403547
one_pass,3667249,0,33554432,0,spectral-old,bucket,3,1,0,6,7667718,0.0019306977288832,0,0.4874850063606573,0.4707373056032812,0.1531792809719192,,,395.53529591707047
one_pass,3667249,0,36672493,0,spectral-old,bucket,3,1,0,6,7667718,0.0019306977288832,0,0.4861089520354965,0.4700100848878084,0.1529085117051894,,,441.4432937500533
one_pass,3667249,0,16384,0,spectral-old,bucket,3,1,0,6,7667718,0.0019306977288832,1,0.7143738716840744,0.687373695084624,0.2469803577027219,,,15.55134804197587
one_pass,3667249,0,65536,0,spectral-old,bucket,3,1,0,6,7667718,0.0019306977288832,1,0.6742145717144012,0.6371947594217007,0.2228019553477947,,,31.338186166947708
one_pass,3667249,0,262144,0,spectral-old,bucket,3,1,0,6,7667718,0.0019306977288832,1,0.6198373418301344,0.5782353972903685,0.1951903759878741,,,48.11223337496631
one_pass,3667249,0,1048576,0,spectral-old,bucket,3,1,0,6,7667718,0.0019306977288832,1,0.5680025352630764,0.5334968588414326,0.1766034441651161,,,72.18269012495875
one_pass,3667249,0,4194304,0,spectral-old,bucket,3,1,0,6,7667718,0.0019306977288832,1,0.5258193119952921,0.497526308459745,0.1629906959716385,,,116.86530583293644
one_pass,3667249,0,16777216,0,spectral-old,bucket,3,1,0,6,7667718,0.0019306977288832,1,0.4949981382669648,0.4761593424416677,0.1551250960023687,,,234.01720412494615
one_pass,3667249,0,33554432,0,spectral-old,bucket,3,1,0,6,7667718,0.0019306977288832,1,0.4841501406735915,0.4697582219021,0.1528039797604136,,,393.0061452080263
one_pass,3667249,0,36672493,0,spectral-old,bucket,3,1,0,6,7667718,0.0019306977288832,1,0.4829828969165338,0.4691105551694057,0.152565215136196,,,438.7274210830219
one_pass,3667249,0,16384,0,spectral-old,bucket,3,1,0,6,7667718,0.0019306977288832,2,0.6257505863904953,0.6101351292176392,0.2096158347345608,,,15.508149625035005
one_pass,3667249,0,65536,0,spectral-old,bucket,3,1,0,6,7667718,0.0019306977288832,2,0.604643601924181,0.583844662284136,0.1973939426053158,,,31.643717667087913
one_pass,3667249,0,262144,0,spectral-old,bucket,3,1,0,6,7667718,0.0019306977288832,2,0.5755552826449275,0.5520492195673488,0.1838309663940175,,,48.83502350002527
one_pass,3667249,0,1048576,0,spectral-old,bucket,3,1,0,6,7667718,0.0019306977288832,2,0.543283145641908,0.5182626179225663,0.1707485871552229,,,72.74165604205336
one_pass,3667249,0,4194304,0,spectral-old,bucket,3,1,0,6,7667718,0.0019306977288832,2,0.5125564317277167,0.4909488927789541,0.1605374423658726,,,117.16531225002836
one_pass,3667249,0,16777216,0,spectral-old,bucket,3,1,0,6,7667718,0.0019306977288832,2,0.4891072832033387,0.4738827603138897,0.154277693721638,,,234.48808083310723
one_pass,3667249,0,33554432,0,spectral-old,bucket,3,1,0,6,7667718,0.0019306977288832,2,0.4804378705957788,0.4684932708578794,0.1523385665755794,,,396.3552309580846
one_pass,3667249,0,36672493,0,spectral-old,bucket,3,1,0,6,7667718,0.0019306977288832,2,0.4794905254621567,0.4679341360729424,0.1521326839141129,,,443.2590411670972
one_pass,3667249,0,16384,0,spectral-old,bucket,3,1,0,6,7667718,0.0037275937203149,0,0.6771174371242523,0.6382464362294475,0.2230870131471291,,,15.200255083036607
one_pass,3667249,0,65536,0,spectral-old,bucket,3,1,0,6,7667718,0.0037275937203149,0,0.6281138695776463,0.5910941690550043,0.2006883826282151,,,31.05073670798447
one_pass,3667249,0,262144,0,spectral-old,bucket,3,1,0,6,7667718,0.0037275937203149,0,0.5821235524490476,0.5514523421189241,0.1835927134882062,,,47.81125579203945
one_pass,3667249,0,1048576,0,spectral-old,bucket,3,1,0,6,7667718,0.0037275937203149,0,0.5413040157873183,0.5102240311034758,0.1677956150364086,,,72.80387987499125
one_pass,3667249,0,4194304,0,spectral-old,bucket,3,1,0,6,7667718,0.0037275937203149,0,0.503795900469413,0.4803389174028299,0.1566953475294717,,,116.44296691706404
one_pass,3667249,0,16777216,0,spectral-old,bucket,3,1,0,6,7667718,0.0037275937203149,0,0.4801717108348384,0.4666312016630895,0.1516925851423582,,,231.90562741702888
one_pass,3667249,0,33554432,0,spectral-old,bucket,3,1,0,6,7667718,0.0037275937203149,0,0.4726248811421101,0.4627426374389082,0.1502998795957703,,,390.3599415830104
one_pass,3667249,0,36672493,0,spectral-old,bucket,3,1,0,6,7667718,0.0037275937203149,0,0.4718370018773118,0.4623731130921893,0.150165594704614,,,435.4368052500067
one_pass,3667249,0,16384,0,spectral-old,bucket,3,1,0,6,7667718,0.0037275937203149,1,0.6941290348768234,0.650639876411377,0.2292610530392343,,,18.39369804202579
one_pass,3667249,0,65536,0,spectral-old,bucket,3,1,0,6,7667718,0.0037275937203149,1,0.6353634223341942,0.5884771813154157,0.1998316015750887,,,35.97457874997053
one_pass,3667249,0,262144,0,spectral-old,bucket,3,1,0,6,7667718,0.0037275937203149,1,0.5773053802549839,0.5398427421067034,0.1790664254818324,,,57.34373924997635
one_pass,3667249,0,1048576,0,spectral-old,bucket,3,1,0,6,7667718,0.0037275937203149,1,0.5313441433245316,0.5012678130337298,0.1643881505373887,,,82.69465529196896
one_pass,3667249,0,4194304,0,spectral-old,bucket,3,1,0,6,7667718,0.0037275937203149,1,0.4978675433958415,0.4777588386169442,0.1557062931833281,,,128.66247558395844
one_pass,3667249,0,16777216,0,spectral-old,bucket,3,1,0,6,7667718,0.0037275937203149,1,0.4778253777112695,0.4659856576309216,0.1514471433520386,,,258.0554992919788
one_pass,3667249,0,33554432,0,spectral-old,bucket,3,1,0,6,7667718,0.0037275937203149,1,0.4712450700717454,0.4624269864542396,0.1501785498388086,,,417.4384358749958
one_pass,3667249,0,36672493,0,spectral-old,bucket,3,1,0,6,7667718,0.0037275937203149,1,0.4705557395260988,0.4620845997032038,0.150055396977467,,,460.0695145420032
one_pass,3667249,0,16384,0,spectral-old,bucket,3,1,0,6,7667718,0.0037275937203149,2,0.614538699388504,0.591397773208895,0.2007259912381968,,,18.572988291969523
one_pass,3667249,0,65536,0,spectral-old,bucket,3,1,0,6,7667718,0.0037275937203149,2,0.5851965136826038,0.55912667534647,0.1867008178812874,,,36.58611266699154
one_pass,3667249,0,262144,0,spectral-old,bucket,3,1,0,6,7667718,0.0037275937203149,2,0.5498743075877428,0.5231620255159599,0.1726113900867889,,,58.04743470903486
one_pass,3667249,0,1048576,0,spectral-old,bucket,3,1,0,6,7667718,0.0037275937203149,2,0.5164612220833078,0.4936427718520134,0.1615462063654049,,,84.25159649993293
one_pass,3667249,0,4194304,0,spectral-old,bucket,3,1,0,6,7667718,0.0037275937203149,2,0.4911583771172445,0.4751711924128691,0.1547448659008387,,,130.11266979202628
one_pass,3667249,0,16777216,0,spectral-old,bucket,3,1,0,6,7667718,0.0037275937203149,2,0.4752555027007474,0.4652117388419904,0.1511631593455027,,,261.23087712493725
one_pass,3667249,0,33554432,0,spectral-old,bucket,3,1,0,6,7667718,0.0037275937203149,2,0.4697041789549985,0.4619842614204363,0.150018635781368,,,419.5285651249578
one_pass,3667249,0,36672493,0,spectral-old,bucket,3,1,0,6,7667718,0.0037275937203149,2,0.46911343321431,0.461667484915575,0.1499045754874794,,,463.3868001670344
one_pass,3667249,0,16384,0,spectral-old,bucket,3,1,0,6,7667718,0.0071968567300115,0,0.6527094095945358,0.6018022428644694,0.2055902380241473,,,18.32195758400485
one_pass,3667249,0,65536,0,spectral-old,bucket,3,1,0,6,7667718,0.0071968567300115,0,0.5958414599299431,0.5584849204757437,0.1864312242593941,,,37.04407699999865
one_pass,3667249,0,262144,0,spectral-old,bucket,3,1,0,6,7667718,0.0071968567300115,0,0.5493255089968443,0.5162585520776976,0.1701975398734715,,,57.649428459000774
one_pass,3667249,0,1048576,0,spectral-old,bucket,3,1,0,6,7667718,0.0071968567300115,0,0.5088327098637819,0.4841156539843195,0.1581350020573378,,,87.18204604194034
one_pass,3667249,0,4194304,0,spectral-old,bucket,3,1,0,6,7667718,0.0071968567300115,0,0.4830208600906189,0.4684230007506959,0.1523409991611437,,,133.41377700003795
one_pass,3667249,0,16777216,0,spectral-old,bucket,3,1,0,6,7667718,0.0071968567300115,0,0.4690357160507119,0.4608392558045877,0.149627734534781,,,257.860129000037
one_pass,3667249,0,33554432,0,spectral-old,bucket,3,1,0,6,7667718,0.0071968567300115,0,0.4644947108063206,0.4583619503169563,0.1487550337952436,,,408.82121199998073
one_pass,3667249,0,36672493,0,spectral-old,bucket,3,1,0,6,7667718,0.0071968567300115,0,0.4640190049493302,0.4581482692049163,0.1486804958052299,,,453.8251164170215
one_pass,3667249,0,16384,0,spectral-old,bucket,3,1,0,6,7667718,0.0071968567300115,1,0.6643149256706238,0.6037099036324947,0.2068654201627571,,,17.37141875002999
one_pass,3667249,0,65536,0,spectral-old,bucket,3,1,0,6,7667718,0.0071968567300115,1,0.5949443466961384,0.5503952963471844,0.1832569460062049,,,36.12684512510896
one_pass,3667249,0,262144,0,spectral-old,bucket,3,1,0,6,7667718,0.0071968567300115,1,0.542546127922833,0.508506379367526,0.1671089313155661,,,56.405211583012715
one_pass,3667249,0,1048576,0,spectral-old,bucket,3,1,0,6,7667718,0.0071968567300115,1,0.5034934448776767,0.4808205611693616,0.1568376093872986,,,86.46591170807369
one_pass,3667249,0,4194304,0,spectral-old,bucket,3,1,0,6,7667718,0.0071968567300115,1,0.4804469597002025,0.4674204863773709,0.1519571010897312,,,131.71277537511196
one_pass,3667249,0,16777216,0,spectral-old,bucket,3,1,0,6,7667718,0.0071968567300115,1,0.4681072776875226,0.4606112965137436,0.1495378654821497,,,254.4595040830318
one_pass,3667249,0,33554432,0,spectral-old,bucket,3,1,0,6,7667718,0.0071968567300115,1,0.4640031669332529,0.4583348002920525,0.148744848318491,,,405.1789041670272
one_pass,3667249,0,36672493,0,spectral-old,bucket,3,1,0,6,7667718,0.0071968567300115,1,0.4635750312666178,0.4581425559708161,0.1486775619898706,,,449.22505104204174
one_pass,3667249,0,16384,0,spectral-old,bucket,3,1,0,6,7667718,0.0071968567300115,2,0.5994531661272049,0.5704623220128777,0.1911401229456822,,,17.471609332947992
one_pass,3667249,0,65536,0,spectral-old,bucket,3,1,0,6,7667718,0.0071968567300115,2,0.5630026459693909,0.5320883795369381,0.1760447383497338,,,36.84334004193079
one_pass,3667249,0,262144,0,spectral-old,bucket,3,1,0,6,7667718,0.0071968567300115,2,0.524417897220701,0.4987931885962451,0.1634980773239411,,,57.768322375020944
one_pass,3667249,0,1048576,0,spectral-old,bucket,3,1,0,6,7667718,0.0071968567300115,2,0.4953702122438699,0.4777417811924896,0.1557006057829671,,,87.40048870793544
one_pass,3667249,0,4194304,0,spectral-old,bucket,3,1,0,6,7667718,0.0071968567300115,2,0.4773501906311139,0.4665582370180243,0.1516467413298386,,,133.6860037499573
one_pass,3667249,0,16777216,0,spectral-old,bucket,3,1,0,6,7667718,0.0071968567300115,2,0.4670238315084134,0.4603162492025955,0.1494316463638648,,,257.6946435000282
one_pass,3667249,0,33554432,0,spectral-old,bucket,3,1,0,6,7667718,0.0071968567300115,2,0.4633493440269376,0.4581138234870896,0.148669416230122,,,409.44352562492713
one_pass,3667249,0,36672493,0,spectral-old,bucket,3,1,0,6,7667718,0.0071968567300115,2,0.4629630140181324,0.4579253604450253,0.1486033044844952,,,454.842746166978
one_pass,3667249,0,16384,0,spectral-old,bucket,3,1,0,6,7667718,0.0138949549437313,0,0.6244762539863586,0.5691840835258988,0.1906845495095395,,,18.403738916967995
one_pass,3667249,0,65536,0,spectral-old,bucket,3,1,0,6,7667718,0.0138949549437313,0,0.5665694586932659,0.5300099447980418,0.1753194147930298,,,37.54738729191013
one_pass,3667249,0,262144,0,spectral-old,bucket,3,1,0,6,7667718,0.0138949549437313,0,0.523371126037091,0.4966966041726837,0.1628341649656652,,,57.616440416895784
one_pass,3667249,0,1048576,0,spectral-old,bucket,3,1,0,6,7667718,0.0138949549437313,0,0.4932350364979356,0.4753200555782748,0.1549157931915063,,,87.20167220791336
one_pass,3667249,0,4194304,0,spectral-old,bucket,3,1,0,6,7667718,0.0138949549437313,0,0.4742968672944698,0.4634330830794295,0.1505548066356982,,,131.946700249915
one_pass,3667249,0,16777216,0,spectral-old,bucket,3,1,0,6,7667718,0.0138949549437313,0,0.4637157845645561,0.4573287329790526,0.1483857417890725,,,254.74122791690752
one_pass,3667249,0,33554432,0,spectral-old,bucket,3,1,0,6,7667718,0.0138949549437313,0,0.4600402435789874,0.4551000292946041,0.1476131029352602,,,404.8473300419282
one_pass,3667249,0,36672493,0,spectral-old,bucket,3,1,0,6,7667718,0.0138949549437313,0,0.4596484656653952,0.4549305620029799,0.1475493278698128,,,448.57919479196426
one_pass,3667249,0,16384,0,spectral-old,bucket,3,1,0,6,7667718,0.0138949549437313,1,0.6297037899494171,0.5651800457498453,0.1892619360257864,,,17.148772083921358
one_pass,3667249,0,65536,0,spectral-old,bucket,3,1,0,6,7667718,0.0138949549437313,1,0.5634899623692036,0.5228049704870059,0.1724641221855652,,,36.501469791983254
one_pass,3667249,0,262144,0,spectral-old,bucket,3,1,0,6,7667718,0.0138949549437313,1,0.5166159649379551,0.4880247622923295,0.1595117932700019,,,56.80660937493667
one_pass,3667249,0,1048576,0,spectral-old,bucket,3,1,0,6,7667718,0.0138949549437313,1,0.4867528260219842,0.4709351267500841,0.1532484347609938,,,87.68681499990635
one_pass,3667249,0,4194304,0,spectral-old,bucket,3,1,0,6,7667718,0.0138949549437313,1,0.4713094177423045,0.4625415512749621,0.1502327555094227,,,132.9734279999975
one_pass,3667249,0,16777216,0,spectral-old,bucket,3,1,0,6,7667718,0.0138949549437313,1,0.4629722774989204,0.4575649342545816,0.1484857096634209,,,256.6556349169696
one_pass,3667249,0,33554432,0,spectral-old,bucket,3,1,0,6,7667718,0.0138949549437313,1,0.4599397398051223,0.4556112802704098,0.1478196150981434,,,407.1740971249528
one_pass,3667249,0,36672493,0,spectral-old,bucket,3,1,0,6,7667718,0.0138949549437313,1,0.4596150609150094,0.4554778154515137,0.1477678714451155,,,451.69227908400353
one_pass,3667249,0,16384,0,spectral-old,bucket,3,1,0,6,7667718,0.0138949549437313,2,0.585014745593071,0.5518685582213025,0.1834838322531991,,,17.963357500033453
one_pass,3667249,0,65536,0,spectral-old,bucket,3,1,0,6,7667718,0.0138949549437313,2,0.5427973568439484,0.5107759288331847,0.1680638490050773,,,36.972816250054166
one_pass,3667249,0,262144,0,spectral-old,bucket,3,1,0,6,7667718,0.0138949549437313,2,0.5066023957915604,0.4848021780426015,0.1583452225301478,,,57.19120458303951
one_pass,3667249,0,1048576,0,spectral-old,bucket,3,1,0,6,7667718,0.0138949549437313,2,0.4832423863699659,0.4700449996938782,0.1529369057123431,,,86.47086129104719
one_pass,3667249,0,4194304,0,spectral-old,bucket,3,1,0,6,7667718,0.0138949549437313,2,0.4701605623122304,0.4623243676724355,0.1501557771614209,,,132.48748812498525
one_pass,3667249,0,16777216,0,spectral-old,bucket,3,1,0,6,7667718,0.0138949549437313,2,0.4626236213080119,0.4574937313633428,0.1484534047124289,,,256.30774695798755
one_pass,3667249,0,33554432,0,spectral-old,bucket,3,1,0,6,7667718,0.0138949549437313,2,0.459774547660345,0.4556201078531353,0.1478165242115862,,,409.4702662910568
one_pass,3667249,0,36672493,0,spectral-old,bucket,3,1,0,6,7667718,0.0138949549437313,2,0.459473126691557,0.4554964369872106,0.1477687270774626,,,454.594986791024
one_pass,3667249,0,16384,0,spectral-old,bucket,3,1,0,6,7667718,0.0268269579527972,0,0.601113349199295,0.5407919344973819,0.17946153018002,,,18.213505291962065
one_pass,3667249,0,65536,0,spectral-old,bucket,3,1,0,6,7667718,0.0268269579527972,0,0.5387197695672512,0.5019324457392422,0.1648175341392141,,,38.16592399997171
one_pass,3667249,0,262144,0,spectral-old,bucket,3,1,0,6,7667718,0.0268269579527972,0,0.5017706989310682,0.4803834477522912,0.1566759633975067,0.4860627795386195,0.1587613055010595,58.49397112498991
one_pass,3667249,0,1048576,0,spectral-old,bucket,3,1,0,6,7667718,0.0268269579527972,0,0.4797408867161721,0.4680633774666067,0.1522315832116747,0.4736166159272333,0.1542826383495724,88.61147916701157
one_pass,3667249,0,4194304,0,spectral-old,bucket,3,1,0,6,7667718,0.0268269579527972,0,0.4679565593833104,0.4607477389664944,0.1496270646816697,0.4661628435950976,0.151615296070496,135.11060058290605
one_pass,3667249,0,16777216,0,spectral-old,bucket,3,1,0,6,7667718,0.0268269579527972,0,0.460597456076357,0.4556089320797202,0.1478169149714396,,,259.14760441693943
one_pass,3667249,0,33554432,0,spectral-old,bucket,3,1,0,6,7667718,0.0268269579527972,0,0.4576824358337035,0.4536139472218924,0.1471330191391163,,,411.51969416695647
one_pass,3667249,0,36672493,0,spectral-old,bucket,3,1,0,6,7667718,0.0268269579527972,0,0.4573653115470654,0.4535084901240173,0.1470859435405613,,,456.1567233329406
one_pass,3667249,0,16384,0,spectral-old,bucket,3,1,0,6,7667718,0.0268269579527972,1,0.6056843400001526,0.5436547959693392,0.1804961804233299,,,22.312798833008856
one_pass,3667249,0,65536,0,spectral-old,bucket,3,1,0,6,7667718,0.0268269579527972,1,0.5427535325288773,0.5052575030286748,0.1659539275400421,,,40.57323229103349
one_pass,3667249,0,262144,0,spectral-old,bucket,3,1,0,6,7667718,0.0268269579527972,1,0.5042424122802913,0.4814655882671111,0.1570972059413174,0.4869506450558427,0.1591114847160716,60.66424333304167
one_pass,3667249,0,1048576,0,spectral-old,bucket,3,1,0,6,7667718,0.0268269579527972,1,0.4807689068838954,0.4683440459002939,0.152352099199196,0.4738372999231899,0.1543920565974819,87.11849629099015
one_pass,3667249,0,4194304,0,spectral-old,bucket,3,1,0,6,7667718,0.0268269579527972,1,0.4682431699475273,0.4607048530621836,0.1496207132699975,0.4661248662609993,0.1516196383222734,131.35873162501957
one_pass,3667249,0,16777216,0,spectral-old,bucket,3,1,0,6,7667718,0.0268269579527972,1,0.4604961009608814,0.4553749683435271,0.1477343148576173,,,255.30437116604296
one_pass,3667249,0,33554432,0,spectral-old,bucket,3,1,0,6,7667718,0.0268269579527972,1,0.4574602486754884,0.4533114477907196,0.1470266316821156,,,407.70666449994314
one_pass,3667249,0,36672493,0,spectral-old,bucket,3,1,0,6,7667718,0.0268269579527972,1,0.4571294891008883,0.4532048883467906,0.146978990049726,,,453.22316425002646
one_pass,3667249,0,16384,0,spectral-old,bucket,3,1,0,6,7667718,0.0268269579527972,2,0.5787340849637985,0.5372299997149089,0.1780062423121535,,,22.38261270802468
one_pass,3667249,0,65536,0,spectral-old,bucket,3,1,0,6,7667718,0.0268269579527972,2,0.5317966677248478,0.5011904562535712,0.1644699661007583,,,41.20579041703604
one_pass,3667249,0,262144,0,spectral-old,bucket,3,1,0,6,7667718,0.0268269579527972,2,0.5001569865271449,0.4811721266901883,0.1569683995720424,0.4870108554763783,0.1590997724290534,61.54342754196841
one_pass,3667249,0,1048576,0,spectral-old,bucket,3,1,0,6,7667718,0.0268269579527972,2,0.479643621481955,0.4682934651633023,0.1523170235405694,0.4738284647311451,0.1543647630873107,88.5871839580359
one_pass,3667249,0,4194304,0,spectral-old,bucket,3,1,0,6,7667718,0.0268269579527972,2,0.4680499709502328,0.4610466955904369,0.1497259821187704,0.4664207339340011,0.1517111448997687,132.78340516705066
one_pass,3667249,0,16777216,0,spectral-old,bucket,3,1,0,6,7667718,0.0268269579527972,2,0.460830457850534,0.4559185051554883,0.1479156541653934,,,256.34890620806254
one_pass,3667249,0,33554432,0,spectral-old,bucket,3,1,0,6,7667718,0.0268269579527972,2,0.4579446522766375,0.4538876338088014,0.1472329236657144,,,410.2269779579947
one_pass,3667249,0,36672493,0,spectral-old,bucket,3,1,0,6,7667718,0.0268269579527972,2,0.4576310694130257,0.4537750449479074,0.1471835373854879,,,456.98003325005993
one_pass,3667249,0,16384,0,spectral-old,bucket,3,1,0,6,7667718,0.0517947467923121,0,0.6192220747470856,0.5363344158846294,0.1775412028810429,0.5425243091878379,0.1800773642521373,16.35737204097677
one_pass,3667249,0,65536,0,spectral-old,bucket,3,1,0,6,7667718,0.0517947467923121,0,0.5416545756161213,0.502747179765589,0.1649386836491748,0.5084562044542438,0.1671407200977318,33.04220908298157
one_pass,3667249,0,262144,0,spectral-old,bucket,3,1,0,6,7667718,0.0517947467923121,0,0.5044244909659028,0.4838509121889522,0.1579501380469193,,,51.3049104999518
one_pass,3667249,0,1048576,0,spectral-old,bucket,3,1,0,6,7667718,0.0517947467923121,0,0.4831303579267114,0.4715981126870406,0.1534923186646674,,,73.60838445799891
one_pass,3667249,0,4194304,0,spectral-old,bucket,3,1,0,6,7667718,0.0517947467923121,0,0.4706217275233939,0.4627059085657733,0.1503244186455018,,,117.87168904091232
one_pass,3667249,0,16777216,0,spectral-old,bucket,3,1,0,6,7667718,0.0517947467923121,0,0.4619198399159359,0.4561719385369513,0.1480141900197595,,,250.0266782909166
one_pass,3667249,0,33554432,0,spectral-old,bucket,3,1,0,6,7667718,0.0517947467923121,0,0.4583340725512244,0.4534986394972611,0.147088536962039,,,416.07303937501274
one_pass,3667249,0,36672493,0,spectral-old,bucket,3,1,0,6,7667718,0.0517947467923121,0,0.4579227888305991,0.453307297536117,0.1470164068173157,,,462.1742519160034
one_pass,3667249,0,16384,0,spectral-old,bucket,3,1,0,6,7667718,0.0517947467923121,1,0.6214933395385742,0.5339185794575428,0.1768475230667525,0.5392309456855751,0.1790077130187276,16.152583084069192
one_pass,3667249,0,65536,0,spectral-old,bucket,3,1,0,6,7667718,0.0517947467923121,1,0.5415349416434765,0.5017394003956734,0.1644388420805167,0.507189593147075,0.1665153368557262,32.593155000009574
one_pass,3667249,0,262144,0,spectral-old,bucket,3,1,0,6,7667718,0.0517947467923121,1,0.5047491583973169,0.4839769469501898,0.1579325417937777,,,50.53775095904712
one_pass,3667249,0,1048576,0,spectral-old,bucket,3,1,0,6,7667718,0.0517947467923121,1,0.4831885698949918,0.4714098381470569,0.1533946819748789,,,74.3204249170376
one_pass,3667249,0,4194304,0,spectral-old,bucket,3,1,0,6,7667718,0.0517947467923121,1,0.4705335911712609,0.462677823872792,0.150346120545858,,,118.69311470899264
one_pass,3667249,0,16777216,0,spectral-old,bucket,3,1,0,6,7667718,0.0517947467923121,1,0.4617792755525443,0.4559573686524138,0.1479459019289034,,,251.17019141709895
one_pass,3667249,0,33554432,0,spectral-old,bucket,3,1,0,6,7667718,0.0517947467923121,1,0.4582560161798028,0.4533493405501956,0.147045882234909,,,416.594156709034
one_pass,3667249,0,36672493,0,spectral-old,bucket,3,1,0,6,7667718,0.0517947467923121,1,0.4578608764670375,0.4531725538655812,0.1469695726765114,,,464.1350378750358
one_pass,3667249,0,16384,0,spectral-old,bucket,3,1,0,6,7667718,0.0517947467923121,2,0.6253479570150375,0.5439132275751739,0.1801877809319571,0.5504792605396864,0.1828470027823962,17.832459666999057
one_pass,3667249,0,65536,0,spectral-old,bucket,3,1,0,6,7667718,0.0517947467923121,2,0.5435634106397629,0.5016003715332696,0.1644590572626664,0.5070856818394912,0.1665418623722052,36.17804783408064
one_pass,3667249,0,262144,0,spectral-old,bucket,3,1,0,6,7667718,0.0517947467923121,2,0.5052309688180685,0.4839524832147452,0.1579141409200211,,,56.26886183407623
one_pass,3667249,0,1048576,0,spectral-old,bucket,3,1,0,6,7667718,0.0517947467923121,2,0.4835192610044032,0.4717798419541271,0.1535240866909665,,,83.83542666700669
one_pass,3667249,0,4194304,0,spectral-old,bucket,3,1,0,6,7667718,0.0517947467923121,2,0.4709798541443888,0.463320967487577,0.1505327370281314,,,134.48030916706193
one_pass,3667249,0,16777216,0,spectral-old,bucket,3,1,0,6,7667718,0.0517947467923121,2,0.4624110852746526,0.4566858044756655,0.1481746736327582,,,261.5922406669706
one_pass,3667249,0,33554432,0,spectral-old,bucket,3,1,0,6,7667718,0.0517947467923121,2,0.4588474128868256,0.4539955059501966,0.1472562085258567,,,436.25932145898696
one_pass,3667249,0,36672493,0,spectral-old,bucket,3,1,0,6,7667718,0.0517947467923121,2,0.4584518077641968,0.4537733461457204,0.1471717028916687,,,485.05684283399023
one_pass,3667249,0,16384,0,spectral-old,bucket,3,1,0,6,7667718,0.1,0,0.7476796209812164,0.5634668832327195,0.1827039840436123,,,17.78032975003589
one_pass,3667249,0,65536,0,spectral-old,bucket,3,1,0,6,7667718,0.1,0,0.5808205269277096,0.5107066970086426,0.1671725388212045,,,36.05611058301293
one_pass,3667249,0,262144,0,spectral-old,bucket,3,1,0,6,7667718,0.1,0,0.5219650394283235,0.4941984823100848,0.1608667911007155,,,55.93434779206291
one_pass,3667249,0,1048576,0,spectral-old,bucket,3,1,0,6,7667718,0.1,0,0.4936062268679961,0.4786458690130302,0.1557781139672777,,,83.41550100001041
one_pass,3667249,0,4194304,0,spectral-old,bucket,3,1,0,6,7667718,0.1,0,0.4772911369218491,0.4674220733099141,0.1519470984330346,,,132.9448413749924
one_pass,3667249,0,16777216,0,spectral-old,bucket,3,1,0,6,7667718,0.1,0,0.4662334513559472,0.4591926814294074,0.1490686521196698,0.464775198413992,0.1511255831367086,259.3632309170207
one_pass,3667249,0,33554432,0,spectral-old,bucket,3,1,0,6,7667718,0.1,0,0.4618314809631556,0.4559623942583521,0.1479590861199217,0.461750723366745,0.1500555830479606,434.66505754203536
one_pass,3667249,0,36672493,0,spectral-old,bucket,3,1,0,6,7667718,0.1,0,0.4613427878714113,0.4559694043122049,0.1479555385859925,0.4617048119624322,0.1500525335067035,481.4506084170426
one_pass,3667249,0,16384,0,spectral-old,bucket,3,1,0,6,7667718,0.1,1,0.7377398759126663,0.7413973128324238,0.2110685249119417,,,18.45727179199457
one_pass,3667249,0,65536,0,spectral-old,bucket,3,1,0,6,7667718,0.1,1,0.6107467263936996,0.5104008973364342,0.1666761465443706,,,36.80790016707033
one_pass,3667249,0,262144,0,spectral-old,bucket,3,1,0,6,7667718,0.1,1,0.5243083885870874,0.4842146735181149,0.1574855785271935,,,56.904195917071775
one_pass,3667249,0,1048576,0,spectral-old,bucket,3,1,0,6,7667718,0.1,1,0.4867808381095528,0.4692206450978616,0.1524955330902622,,,83.73334887507372
one_pass,3667249,0,4194304,0,spectral-old,bucket,3,1,0,6,7667718,0.1,1,0.4698152292985469,0.4606763879098909,0.1495879321740008,,,131.7782452920219
one_pass,3667249,0,16777216,0,spectral-old,bucket,3,1,0,6,7667718,0.1,1,0.4603620783746009,0.4547128434712927,0.1474924260186228,0.4600391984510425,0.1494397121175784,258.64623158297036
one_pass,3667249,0,33554432,0,spectral-old,bucket,3,1,0,6,7667718,0.1,1,0.4569270051324565,0.4524323099098423,0.1467076211812782,0.4580021112757091,0.1487223260030226,432.9935288330307
one_pass,3667249,0,36672493,0,spectral-old,bucket,3,1,0,6,7667718,0.1,1,0.4565459727201195,0.4523779369823275,0.1466787098452597,0.4578128244832142,0.1486632052946075,479.9899456250714
one_pass,3667249,0,16384,0,spectral-old,bucket,3,1,0,6,7667718,0.1,2,0.9284296333789824,0.7317510025926834,0.2111480232677996,,,19.113056041067463
one_pass,3667249,0,65536,0,spectral-old,bucket,3,1,0,6,7667718,0.1,2,0.6415227204561234,0.516638534791467,0.1684896683464513,,,37.33563658304047
one_pass,3667249,0,262144,0,spectral-old,bucket,3,1,0,6,7667718,0.1,2,0.5370777286589146,0.4887725514774027,0.1588915631815723,,,57.651613708003424
one_pass,3667249,0,1048576,0,spectral-old,bucket,3,1,0,6,7667718,0.1,2,0.4919562794966623,0.4707733603226746,0.1529693808827444,,,84.88762125000358
one_pass,3667249,0,4194304,0,spectral-old,bucket,3,1,0,6,7667718,0.1,2,0.4720064079738222,0.4615462022242176,0.149878041807459,,,133.50022387504578
one_pass,3667249,0,16777216,0,spectral-old,bucket,3,1,0,6,7667718,0.1,2,0.4613744713933556,0.4550985065785916,0.1476260420868884,0.4604793322819207,0.1495781678777357,259.77767595800105
one_pass,3667249,0,33554432,0,spectral-old,bucket,3,1,0,6,7667718,0.1,2,0.4576135394781886,0.4526864667624904,0.1468032577618016,0.4583354197558914,0.1488287319673792,431.2819987500552
one_pass,3667249,0,36672493,0,spectral-old,bucket,3,1,0,6,7667718,0.1,2,0.4572095948819448,0.4526342561998281,0.146775145361045,0.4581202511850178,0.1487666967947763,478.82399587507825
one_pass,3667249,0,16384,0,fm,bucket,0,-1,14,15,19169281,0.001,0,0.6808440238237381,0.667497972694375,0.2371883102232844,,,19.50726145808585
one_pass,3667249,0,65536,0,fm,bucket,0,-1,14,15,19169281,0.001,0,0.6599015705287457,0.6393075636454263,0.2232095744205045,,,39.63637458300218
one_pass,3667249,0,262144,0,fm,bucket,0,-1,14,15,19169281,0.001,0,0.6256239507347345,0.5946568740097782,0.2016681778806458,,,62.104352125083096
one_pass,3667249,0,1048576,0,fm,bucket,0,-1,14,15,19169281,0.001,0,0.5743691602256149,0.5321352524250225,0.173803963883126,,,94.24752720806282
one_pass,3667249,0,4194304,0,fm,bucket,0,-1,14,15,19169281,0.001,0,0.5204265128413681,0.4871276854776388,0.1572615755398532,,,158.9941996251
one_pass,3667249,0,16777216,0,fm,bucket,0,-1,14,15,19169281,0.001,0,0.4868267689817003,0.4686506665401721,0.1516304220359929,,,341.7125003330875
one_pass,3667249,0,33554432,0,fm,bucket,0,-1,14,15,19169281,0.001,0,0.4767207996992511,0.4638444480776014,0.1501969617171191,,,599.7040259160567
one_pass,3667249,0,36672493,0,fm,bucket,0,-1,14,15,19169281,0.001,0,0.4756770655532811,0.4633666358130811,0.1500490151834402,,,658.6588546660496
one_pass,3667249,0,16384,0,fm,bucket,0,-1,14,15,19169281,0.001,1,0.6804622858762741,0.6671994100441083,0.2370394752915824,,,19.972120166989043
one_pass,3667249,0,65536,0,fm,bucket,0,-1,14,15,19169281,0.001,1,0.6595622561872005,0.6389407643204678,0.2230289359789757,,,40.224007082986645
one_pass,3667249,0,262144,0,fm,bucket,0,-1,14,15,19169281,0.001,1,0.6252007661387324,0.5942001415038671,0.2014559597800876,,,63.08613695797976
one_pass,3667249,0,1048576,0,fm,bucket,0,-1,14,15,19169281,0.001,1,0.5740858546923846,0.5318820138101803,0.1737176273105539,,,94.61451824998947
one_pass,3667249,0,4194304,0,fm,bucket,0,-1,14,15,19169281,0.001,1,0.520120147819398,0.4868294494955195,0.1571886960003317,,,158.8022871670546
one_pass,3667249,0,16777216,0,fm,bucket,0,-1,14,15,19169281,0.001,1,0.4866488295738236,0.4685176633599754,0.1515974355283169,,,343.95338995801285
one_pass,3667249,0,33554432,0,fm,bucket,0,-1,14,15,19169281,0.001,1,0.4765772866885527,0.4637496780923706,0.1501725659595924,,,600.4889298330527
one_pass,3667249,0,36672493,0,fm,bucket,0,-1,14,15,19169281,0.001,1,0.4755360804049273,0.4632782660976106,0.1500262916337623,,,657.3480534580303
one_pass,3667249,0,16384,0,fm,bucket,0,-1,14,15,19169281,0.001,2,0.6806804090738297,0.6674572094706186,0.2371680213578916,,,19.52957958402112
one_pass,3667249,0,65536,0,fm,bucket,0,-1,14,15,19169281,0.001,2,0.6598517447710037,0.6393224386664881,0.2232170723528926,,,39.692966792033985
one_pass,3667249,0,262144,0,fm,bucket,0,-1,14,15,19169281,0.001,2,0.6257146196439862,0.5949619233817925,0.2018166420394402,,,62.513219792046584
one_pass,3667249,0,1048576,0,fm,bucket,0,-1,14,15,19169281,0.001,2,0.5747583536431193,0.5326853353753327,0.1740401438635453,,,94.7814780420158
one_pass,3667249,0,4194304,0,fm,bucket,0,-1,14,15,19169281,0.001,2,0.5207907276344486,0.487370023339707,0.1573578767092104,,,159.26956637506373
one_pass,3667249,0,16777216,0,fm,bucket,0,-1,14,15,19169281,0.001,2,0.4869790306984214,0.4687022030289807,0.1516605277339095,,,341.72742670902517
one_pass,3667249,0,33554432,0,fm,bucket,0,-1,14,15,19169281,0.001,2,0.4767954415547137,0.4638484779012438,0.1502084709458215,,,598.5154664170695
one_pass,3667249,0,36672493,0,fm,bucket,0,-1,14,15,19169281,0.001,2,0.475743221981561,0.4633630938846172,0.1500572376105766,,,655.9651980840135
one_pass,3667249,0,16384,0,fm,bucket,0,-1,14,15,19169281,0.0019306977288832,0,0.6715022474527359,0.6482441784840735,0.2276218338101936,,,21.896056542056613
one_pass,3667249,0,65536,0,fm,bucket,0,-1,14,15,19169281,0.0019306977288832,0,0.6371202953159809,0.6057153951362743,0.2069122899918019,,,42.61744629195891
one_pass,3667249,0,262144,0,fm,bucket,0,-1,14,15,19169281,0.0019306977288832,0,0.587159963324666,0.5443387980342186,0.1789429726215764,,,69.0837993749883
one_pass,3667249,0,1048576,0,fm,bucket,0,-1,14,15,19169281,0.0019306977288832,0,0.5290111773647368,0.4921357411033684,0.1588780533992285,,,99.28868250001688
one_pass,3667249,0,4194304,0,fm,bucket,0,-1,14,15,19169281,0.0019306977288832,0,0.4908578651375137,0.4705613429353904,0.1522046915790851,,,157.75917358405422
one_pass,3667249,0,16777216,0,fm,bucket,0,-1,14,15,19169281,0.0019306977288832,0,0.4718639314887696,0.4614561309504288,0.1494798567446121,,,347.81460174999665
one_pass,3667249,0,33554432,0,fm,bucket,0,-1,14,15,19169281,0.0019306977288832,0,0.4661135515816568,0.4585498401502569,0.1485765583793065,,,596.2184024590533
one_pass,3667249,0,36672493,0,fm,bucket,0,-1,14,15,19169281,0.0019306977288832,0,0.4655126782459585,0.4582673522504163,0.1484901284228103,,,653.3947324999608
one_pass,3667249,0,16384,0,fm,bucket,0,-1,14,15,19169281,0.0019306977288832,1,0.6712453663349152,0.648059434149009,0.2275303873533116,,,21.555570667027496
one_pass,3667249,0,65536,0,fm,bucket,0,-1,14,15,19169281,0.0019306977288832,1,0.636900894343853,0.6054780982851882,0.2067983780563405,,,44.40449379209895
one_pass,3667249,0,262144,0,fm,bucket,0,-1,14,15,19169281,0.0019306977288832,1,0.5869983145967126,0.5444119375138817,0.1789813249343456,,,68.40981554205064
one_pass,3667249,0,1048576,0,fm,bucket,0,-1,14,15,19169281,0.0019306977288832,1,0.5288659181678668,0.4919080271681373,0.1588222496300775,,,98.4983794169966
one_pass,3667249,0,4194304,0,fm,bucket,0,-1,14,15,19169281,0.0019306977288832,1,0.490700746391667,0.4704116844263482,0.152163717992266,,,157.17256912507582
one_pass,3667249,0,16777216,0,fm,bucket,0,-1,14,15,19169281,0.0019306977288832,1,0.4716831686164369,0.4612869046671861,0.1494230863472438,,,347.05686854210217
one_pass,3667249,0,33554432,0,fm,bucket,0,-1,14,15,19169281,0.0019306977288832,1,0.4659180485105025,0.458365542148708,0.1485132906933557,,,597.6468944580993
one_pass,3667249,0,36672493,0,fm,bucket,0,-1,14,15,19169281,0.0019306977288832,1,0.4653144239943051,0.4580815838993521,0.1484256877449659,,,655.1314997920999
one_pass,3667249,0,16384,0,fm,bucket,0,-1,14,15,19169281,0.0019306977288832,2,0.6715849190950394,0.6483730255179373,0.227685750129041,,,20.646605084068145
one_pass,3667249,0,65536,0,fm,bucket,0,-1,14,15,19169281,0.0019306977288832,2,0.6373445279896259,0.6061207602893068,0.2071075371581724,,,43.56834558409173
one_pass,3667249,0,262144,0,fm,bucket,0,-1,14,15,19169281,0.0019306977288832,2,0.5878711910918355,0.5454194851224364,0.1794146626693877,,,69.1158132920973
one_pass,3667249,0,1048576,0,fm,bucket,0,-1,14,15,19169281,0.0019306977288832,2,0.5297174911247566,0.4926478043257519,0.1590588608268977,,,102.14981529209764
one_pass,3667249,0,4194304,0,fm,bucket,0,-1,14,15,19169281,0.0019306977288832,2,0.491162867314415,0.4705763987693256,0.1522151454357998,,,168.03074091707822
one_pass,3667249,0,16777216,0,fm,bucket,0,-1,14,15,19169281,0.0019306977288832,2,0.4717246946893283,0.4610726022538862,0.1493532374172191,,,355.81279054202605
one_pass,3667249,0,33554432,0,fm,bucket,0,-1,14,15,19169281,0.0019306977288832,2,0.4657950374785287,0.458059627198307,0.1484073736793632,,,603.1647522500716
one_pass,3667249,0,36672493,0,fm,bucket,0,-1,14,15,19169281,0.0019306977288832,2,0.4651741751912243,0.4577698173290925,0.1483173068460084,,,659.6980043340009
one_pass,3667249,0,16384,0,fm,bucket,0,-1,14,15,19169281,0.0037275937203149,0,0.6572651863098145,0.6186121139308772,0.2131085620749345,,,21.001549207954668
one_pass,3667249,0,65536,0,fm,bucket,0,-1,14,15,19169281,0.0037275937203149,0,0.6064199581742287,0.5651678872158566,0.188265277133567,,,44.961054416024126
one_pass,3667249,0,262144,0,fm,bucket,0,-1,14,15,19169281,0.0037275937203149,0,0.5460307020694017,0.5033868405556173,0.1628706878462696,,,70.16256245796103
one_pass,3667249,0,1048576,0,fm,bucket,0,-1,14,15,19169281,0.0037275937203149,0,0.4992513251490891,0.4746385685232669,0.1534833092721346,,,101.10076629102696
one_pass,3667249,0,4194304,0,fm,bucket,0,-1,14,15,19169281,0.0037275937203149,0,0.4757536874094512,0.4635386972235375,0.1501554095274409,,,165.69497525005136
one_pass,3667249,0,16777216,0,fm,bucket,0,-1,14,15,19169281,0.0037275937203149,0,0.4641301781084621,0.4572655926443485,0.1481712570217292,,,353.61972316598985
one_pass,3667249,0,33554432,0,fm,bucket,0,-1,14,15,19169281,0.0037275937203149,0,0.4601620231114793,0.4547140228891667,0.1473365647708941,,,603.5616258749506
one_pass,3667249,0,36672493,0,fm,bucket,0,-1,14,15,19169281,0.0037275937203149,0,0.4597251394046333,0.454479468781633,0.1472590093379028,,,660.176585249952
one_pass,3667249,0,16384,0,fm,bucket,0,-1,14,15,19169281,0.0037275937203149,1,0.6571898758411407,0.6182217971422643,0.2129194138479457,,,22.863897082977928
one_pass,3667249,0,65536,0,fm,bucket,0,-1,14,15,19169281,0.0037275937203149,1,0.6061215661466122,0.5646357478661427,0.1880137063260836,,,44.25623016699683
one_pass,3667249,0,262144,0,fm,bucket,0,-1,14,15,19169281,0.0037275937203149,1,0.5456648599356413,0.5032150812411317,0.16281188261005,,,69.35150320804678
one_pass,3667249,0,1048576,0,fm,bucket,0,-1,14,15,19169281,0.0037275937203149,1,0.4991191399749368,0.4746713946676993,0.1534992746277766,,,101.2879483329598
one_pass,3667249,0,4194304,0,fm,bucket,0,-1,14,15,19169281,0.0037275937203149,1,0.4756467387196608,0.4633748543506769,0.1501000604301015,,,161.3734940419672
one_pass,3667249,0,16777216,0,fm,bucket,0,-1,14,15,19169281,0.0037275937203149,1,0.4639117179249297,0.4569611692803209,0.1480630784271457,,,354.42784541705623
one_pass,3667249,0,33554432,0,fm,bucket,0,-1,14,15,19169281,0.0037275937203149,1,0.4598538707869011,0.4543057189078111,0.1471883116109366,,,581.174017625046
one_pass,3667249,0,36672493,0,fm,bucket,0,-1,14,15,19169281,0.0037275937203149,1,0.459405218499177,0.4540581659790696,0.1471064086968413,,,638.116472832975
one_pass,3667249,0,16384,0,fm,bucket,0,-1,14,15,19169281,0.0037275937203149,2,0.657854363322258,0.6186586258123459,0.2131317306349851,,,23.067241666954946
one_pass,3667249,0,65536,0,fm,bucket,0,-1,14,15,19169281,0.0037275937203149,2,0.607129629701376,0.5665630759486513,0.1889250933512845,,,44.35736983292736
one_pass,3667249,0,262144,0,fm,bucket,0,-1,14,15,19169281,0.0037275937203149,2,0.547005953732878,0.5041125137898389,0.1631379762887682,,,69.37724195793271
one_pass,3667249,0,1048576,0,fm,bucket,0,-1,14,15,19169281,0.0037275937203149,2,0.4997532448032871,0.4748513873988961,0.1535402093225189,,,102.6233671249356
one_pass,3667249,0,4194304,0,fm,bucket,0,-1,14,15,19169281,0.0037275937203149,2,0.4760028571181465,0.4637168783775078,0.1502101119957377,,,164.33953541703522
one_pass,3667249,0,16777216,0,fm,bucket,0,-1,14,15,19169281,0.0037275937203149,2,0.4643183178341132,0.4573842395087494,0.1482165894703448,,,356.4539301249897
one_pass,3667249,0,33554432,0,fm,bucket,0,-1,14,15,19169281,0.0037275937203149,2,0.4603026634322305,0.4547582910932483,0.147351798005825,,,583.5686935830163
one_pass,3667249,0,36672493,0,fm,bucket,0,-1,14,15,19169281,0.0037275937203149,2,0.4598591472159113,0.4545110135845872,0.1472697077863027,,,640.7647400830174
one_pass,3667249,0,16384,0,fm,bucket,0,-1,14,15,19169281,0.0071968567300115,0,0.6402723640203476,0.5801763560405435,0.1951052697467124,,,23.884208083036356
one_pass,3667249,0,65536,0,fm,bucket,0,-1,14,15,19169281,0.0071968567300115,0,0.5730449631810188,0.5252142910066439,0.1715513028258236,,,44.89573745802045
one_pass,3667249,0,262144,0,fm,bucket,0,-1,14,15,19169281,0.0071968567300115,0,0.5160870007239282,0.483567012763696,0.1566182330292432,,,71.06719516601879
one_pass,3667249,0,1048576,0,fm,bucket,0,-1,14,15,19169281,0.0071968567300115,0,0.484035090310499,0.4683612366642565,0.1518431301304505,,,104.56470570806414
one_pass,3667249,0,4194304,0,fm,bucket,0,-1,14,15,19169281,0.0071968567300115,0,0.4688839874288533,0.4604231111818787,0.1492712090991438,,,166.25923612504266
one_pass,3667249,0,16777216,0,fm,bucket,0,-1,14,15,19169281,0.0071968567300115,0,0.4598800350868259,0.4538920885426962,0.1470504282823006,,,362.80769925005734
one_pass,3667249,0,33554432,0,fm,bucket,0,-1,14,15,19169281,0.0071968567300115,0,0.4561380072918837,0.4509540698498925,0.1460656779332962,,,587.7731846250826
one_pass,3667249,0,36672493,0,fm,bucket,0,-1,14,15,19169281,0.0071968567300115,0,0.4557062434597586,0.4507052616963481,0.1459779236539848,,,645.1326030000346
one_pass,3667249,0,16384,0,fm,bucket,0,-1,14,15,19169281,0.0071968567300115,1,0.6399740725755692,0.5794684645274695,0.1947816283342675,,,22.60959891602397
one_pass,3667249,0,65536,0,fm,bucket,0,-1,14,15,19169281,0.0071968567300115,1,0.5722547806799412,0.5241601200464162,0.1711024181112301,,,44.03017483302392
one_pass,3667249,0,262144,0,fm,bucket,0,-1,14,15,19169281,0.0071968567300115,1,0.515516821295023,0.4833914264076049,0.1565596969452352,,,69.61001795798074
one_pass,3667249,0,1048576,0,fm,bucket,0,-1,14,15,19169281,0.0071968567300115,1,0.4838305418379605,0.4683147721629506,0.1518209406677819,,,103.34513812500518
one_pass,3667249,0,4194304,0,fm,bucket,0,-1,14,15,19169281,0.0071968567300115,1,0.4686699380690697,0.4600972355088291,0.1491510824185152,,,164.6234396660002
one_pass,3667249,0,16777216,0,fm,bucket,0,-1,14,15,19169281,0.0071968567300115,1,0.4595397592856898,0.4535168184208856,0.1469189302727435,,,360.54757695796434
one_pass,3667249,0,33554432,0,fm,bucket,0,-1,14,15,19169281,0.0071968567300115,1,0.4557990847897599,0.4506034497021176,0.1459441849371277,,,586.7070558749838
one_pass,3667249,0,36672493,0,fm,bucket,0,-1,14,15,19169281,0.0071968567300115,1,0.4553677660000992,0.4503604513471332,0.1458580382613452,,,644.9318939580116
one_pass,3667249,0,16384,0,fm,bucket,0,-1,14,15,19169281,0.0071968567300115,2,0.6420379281044006,0.5804140157489809,0.1952161908651566,,,19.28572429192718
one_pass,3667249,0,65536,0,fm,bucket,0,-1,14,15,19169281,0.0071968567300115,2,0.5751797333359718,0.5282940862185076,0.1728892261643727,,,38.750604416942224
one_pass,3667249,0,262144,0,fm,bucket,0,-1,14,15,19169281,0.0071968567300115,2,0.5174641935154796,0.4841460585344267,0.1568138843816219,,,59.266142541891895
one_pass,3667249,0,1048576,0,fm,bucket,0,-1,14,15,19169281,0.0071968567300115,2,0.4844911413965747,0.468374339153287,0.151838334050677,,,90.45471387496218
one_pass,3667249,0,4194304,0,fm,bucket,0,-1,14,15,19169281,0.0071968567300115,2,0.4688592212332878,0.4601358844868585,0.149166343842213,,,164.69227299990598
one_pass,3667249,0,16777216,0,fm,bucket,0,-1,14,15,19169281,0.0071968567300115,2,0.459489703993313,0.4533426101970815,0.1468570027074337,,,341.887906457996
one_pass,3667249,0,33554432,0,fm,bucket,0,-1,14,15,19169281,0.0071968567300115,2,0.455685263255873,0.4505636740188921,0.1459311760567059,,,565.4715792919742
one_pass,3667249,0,36672493,0,fm,bucket,0,-1,14,15,19169281,0.0071968567300115,2,0.4552562757739604,0.4503452690240745,0.1458529142668408,,,622.0614052079618
one_pass,3667249,0,16384,0,fm,bucket,0,-1,14,15,19169281,0.0138949549437313,0,0.6401471048593521,0.5467464009314195,0.181262381746349,,,18.0166107499972
one_pass,3667249,0,65536,0,fm,bucket,0,-1,14,15,19169281,0.0138949549437313,0,0.5493851527571678,0.5002905499237894,0.1626288146819404,,,37.55875204200856
one_pass,3667249,0,262144,0,fm,bucket,0,-1,14,15,19169281,0.0138949549437313,0,0.5022935336455703,0.4784598545540757,0.1554838264829517,0.4835763466624108,0.1574637757933696,58.80780733295251
one_pass,3667249,0,1048576,0,fm,bucket,0,-1,14,15,19169281,0.0138949549437313,0,0.4785693938611075,0.4664231541902044,0.1513922170279512,0.4717535625405455,0.1534080087257967,90.65064154204448
one_pass,3667249,0,4194304,0,fm,bucket,0,-1,14,15,19169281,0.0138949549437313,0,0.4656722448416985,0.4578115634731982,0.1484318983925512,0.4630212873125616,0.1503538318504183,163.79501833301038
one_pass,3667249,0,16777216,0,fm,bucket,0,-1,14,15,19169281,0.0138949549437313,0,0.4565625194809399,0.4505871306545927,0.1459288084782294,0.4560257521876353,0.147920004111371,341.90923274995293
one_pass,3667249,0,33554432,0,fm,bucket,0,-1,14,15,19169281,0.0138949549437313,0,0.4527355811333109,0.4477352854732378,0.1449705722184103,,,566.2932652919553
one_pass,3667249,0,36672493,0,fm,bucket,0,-1,14,15,19169281,0.0138949549437313,0,0.4522976379984859,0.4475011012265585,0.1448834954198372,,,623.3193586249836
one_pass,3667249,0,16384,0,fm,bucket,0,-1,14,15,19169281,0.0138949549437313,1,0.6363786607980728,0.5466257286432854,0.1812645703893169,,,18.340018833987415
one_pass,3667249,0,65536,0,fm,bucket,0,-1,14,15,19169281,0.0138949549437313,1,0.5490301884710789,0.5009586961842581,0.1629030996123334,,,37.62916254193988
one_pass,3667249,0,262144,0,fm,bucket,0,-1,14,15,19169281,0.0138949549437313,1,0.5020222878083587,0.4781188934419787,0.1553600761668786,0.4833059664745605,0.1573649902661171,58.38822854193859
one_pass,3667249,0,1048576,0,fm,bucket,0,-1,14,15,19169281,0.0138949549437313,1,0.4782495899125933,0.465983873029165,0.1512245016007012,0.4713320866675745,0.1532462324155923,90.74877345899586
one_pass,3667249,0,4194304,0,fm,bucket,0,-1,14,15,19169281,0.0138949549437313,1,0.4652438490884378,0.4573278415635982,0.1482585432230461,0.4626018225301088,0.1501975128202441,164.53418999991845
one_pass,3667249,0,16777216,0,fm,bucket,0,-1,14,15,19169281,0.0138949549437313,1,0.4562629266074509,0.4504438877737534,0.1458862055017942,0.4559364121674413,0.1478913475494122,340.18930566695053
one_pass,3667249,0,33554432,0,fm,bucket,0,-1,14,15,19169281,0.0138949549437313,1,0.4525716876232764,0.4477386468684358,0.1449766445201811,,,565.0255695839878
one_pass,3667249,0,36672493,0,fm,bucket,0,-1,14,15,19169281,0.0138949549437313,1,0.4521546080385928,0.4475303040234754,0.1449007349669932,,,621.3716947089415
one_pass,3667249,0,16384,0,fm,bucket,0,-1,14,15,19169281,0.0138949549437313,2,0.6491970121860504,0.5465504598590321,0.1811400230036965,,,19.540579917025752
one_pass,3667249,0,65536,0,fm,bucket,0,-1,14,15,19169281,0.0138949549437313,2,0.5521198473870754,0.5015803470135016,0.1630782981527719,,,44.577789167058654
one_pass,3667249,0,262144,0,fm,bucket,0,-1,14,15,19169281,0.0138949549437313,2,0.5036632940173149,0.4790869210883716,0.1556915041665486,0.4842496847421835,0.1576945680477977,71.0745928749675
one_pass,3667249,0,1048576,0,fm,bucket,0,-1,14,15,19169281,0.0138949549437313,2,0.4792137064505368,0.466824364927808,0.1515256596346915,0.4722157346180095,0.1535684367851053,108.27197329199409
one_pass,3667249,0,4194304,0,fm,bucket,0,-1,14,15,19169281,0.0138949549437313,2,0.4661157876544166,0.4579770088700509,0.1484877993519504,0.4632181002678197,0.1504229035763454,170.53392604202963
one_pass,3667249,0,16777216,0,fm,bucket,0,-1,14,15,19169281,0.0138949549437313,2,0.4566798816740629,0.4505091972504642,0.1459056438859429,0.4559954029665337,0.1479121480899387,340.61427170899697
one_pass,3667249,0,33554432,0,fm,bucket,0,-1,14,15,19169281,0.0138949549437313,2,0.4528070192391169,0.4477528567364558,0.1449820734117247,,,566.2841164170532
one_pass,3667249,0,36672493,0,fm,bucket,0,-1,14,15,19169281,0.0138949549437313,2,0.4523715816418075,0.4475729299127497,0.1449143942278588,,,624.9841815839754
one_pass,3667249,0,16384,0,fm,bucket,0,-1,14,15,19169281,0.0268269579527972,0,0.817747563123703,0.5280062497260805,0.1740854382089769,0.5330045013462819,0.1761889688876072,20.773868624935854
one_pass,3667249,0,65536,0,fm,bucket,0,-1,14,15,19169281,0.0268269579527972,0,0.585584307089448,0.4974519654027852,0.1624483384826844,0.5029173512155063,0.1645808544801558,46.23620995902456
one_pass,3667249,0,262144,0,fm,bucket,0,-1,14,15,19169281,0.0268269579527972,0,0.5128070758655667,0.4801795184523726,0.1563439345345562,,,73.28943316696677
one_pass,3667249,0,1048576,0,fm,bucket,0,-1,14,15,19169281,0.0268269579527972,0,0.4820281427819282,0.4672327211691435,0.1518024082586514,,,110.35252325003968
one_pass,3667249,0,4194304,0,fm,bucket,0,-1,14,15,19169281,0.0268269579527972,0,0.4668605858751107,0.4581189232622555,0.1486162919449826,,,169.6364829170052
one_pass,3667249,0,16777216,0,fm,bucket,0,-1,14,15,19169281,0.0268269579527972,0,0.4569159107413725,0.4506141197387303,0.14597381890218,,,343.99033941701055
one_pass,3667249,0,33554432,0,fm,bucket,0,-1,14,15,19169281,0.0268269579527972,0,0.452790175932023,0.4474794010055119,0.1449047331733478,0.4531315190430474,0.1469530124558363,567.5782789590303
one_pass,3667249,0,36672493,0,fm,bucket,0,-1,14,15,19169281,0.0268269579527972,0,0.4523171946158826,0.447262493861608,0.1448245257394355,0.4528792529498171,0.1468726774892653,626.235816875007
one_pass,3667249,0,16384,0,fm,bucket,0,-1,14,15,19169281,0.0268269579527972,1,0.7903689742088318,0.5686057278665112,0.1887264525266679,0.5762460532349746,0.1917856024217958,19.20703579194378
one_pass,3667249,0,65536,0,fm,bucket,0,-1,14,15,19169281,0.0268269579527972,1,0.5828195177018642,0.4981338158810169,0.1626678948813638,0.503506197416783,0.1648016772812822,38.83774220896885
one_pass,3667249,0,262144,0,fm,bucket,0,-1,14,15,19169281,0.0268269579527972,1,0.5115933613851666,0.4800144175919204,0.156280683546834,,,60.395084667019546
one_pass,3667249,0,1048576,0,fm,bucket,0,-1,14,15,19169281,0.0268269579527972,1,0.4816939533920958,0.4671176147353089,0.1517419625467098,,,89.69936541700736
one_pass,3667249,0,4194304,0,fm,bucket,0,-1,14,15,19169281,0.0268269579527972,1,0.4666940493916627,0.4580045825736025,0.148566707589446,,,146.3208094589645
one_pass,3667249,0,16777216,0,fm,bucket,0,-1,14,15,19169281,0.0268269579527972,1,0.4568114740686724,0.4506133823004831,0.1459786697351006,,,318.20855937502347
one_pass,3667249,0,33554432,0,fm,bucket,0,-1,14,15,19169281,0.0268269579527972,1,0.4527508156679687,0.4475235633781411,0.1449164919534405,0.4531916405816731,0.1469582469352615,544.0537442499772
one_pass,3667249,0,36672493,0,fm,bucket,0,-1,14,15,19169281,0.0268269579527972,1,0.4522856014946836,0.4472897754618296,0.1448379501815649,0.4529451780823785,0.1468848613393863,601.5975724590244
one_pass,3667249,0,16384,0,fm,bucket,0,-1,14,15,19169281,0.0268269579527972,2,0.8853979110717773,0.527878660240425,0.1739806352346248,0.5332529839301371,0.1762218084382223,18.81579749996308
one_pass,3667249,0,65536,0,fm,bucket,0,-1,14,15,19169281,0.0268269579527972,2,0.6028042454272509,0.4984385595887357,0.1627992958537912,0.5038895668102606,0.1649390398591898,38.61067850003019
one_pass,3667249,0,262144,0,fm,bucket,0,-1,14,15,19169281,0.0268269579527972,2,0.5171370632015169,0.4801846011248776,0.1563324330083756,,,60.13397166703362
one_pass,3667249,0,1048576,0,fm,bucket,0,-1,14,15,19169281,0.0268269579527972,2,0.483264222391881,0.4675600843276559,0.1518978190327888,,,89.10269604204223
one_pass,3667249,0,4194304,0,fm,bucket,0,-1,14,15,19169281,0.0268269579527972,2,0.467474176432006,0.4584726114037206,0.1487365983616626,,,146.18121191696264
one_pass,3667249,0,16777216,0,fm,bucket,0,-1,14,15,19169281,0.0268269579527972,2,0.4571969584721955,0.4507435328114217,0.1460246349289132,,,322.734833833063
one_pass,3667249,0,33554432,0,fm,bucket,0,-1,14,15,19169281,0.0268269579527972,2,0.4529969494687975,0.4475684306413688,0.144932847017079,0.453222916269031,0.1469822574868059,548.5279779169941
one_pass,3667249,0,36672493,0,fm,bucket,0,-1,14,15,19169281,0.0268269579527972,2,0.4525168827718121,0.447331327758025,0.1448471310617269,0.4529598331921132,0.146898354098957,607.1113733750535
one_pass,3667249,0,16384,0,fm,bucket,0,-1,14,15,19169281,0.0517947467923121,0,2.2363904863595963,0.6524105866797584,0.2201314237336792,,,18.878008874948137
one_pass,3667249,0,65536,0,fm,bucket,0,-1,14,15,19169281,0.0517947467923121,0,0.9972664527595044,0.529301917642026,0.1717100480804906,,,38.39097458298784
one_pass,3667249,0,262144,0,fm,bucket,0,-1,14,15,19169281,0.0517947467923121,0,0.6312334192916751,0.4942038038606282,0.1609610169130938,,,59.7300999580184
one_pass,3667249,0,1048576,0,fm,bucket,0,-1,14,15,19169281,0.0517947467923121,0,0.5180384935811162,0.4730695946661289,0.1539491796935139,,,88.58388029201888
one_pass,3667249,0,4194304,0,fm,bucket,0,-1,14,15,19169281,0.0517947467923121,0,0.4787088072916958,0.4610347893489911,0.149738107116498,,,145.72133224993013
one_pass,3667249,0,16777216,0,fm,bucket,0,-1,14,15,19169281,0.0517947467923121,0,0.4616991245784447,0.452843482551344,0.1468074360953253,,,318.14523249992635
one_pass,3667249,0,33554432,0,fm,bucket,0,-1,14,15,19169281,0.0517947467923121,0,0.4561389355330902,0.4491973185616834,0.1455385944220854,,,543.6597047499381
one_pass,3667249,0,36672493,0,fm,bucket,0,-1,14,15,19169281,0.0517947467923121,0,0.4555222530738768,0.4489418871779979,0.1454451541005066,,,599.3780908749904
one_pass,3667249,0,16384,0,fm,bucket,0,-1,14,15,19169281,0.0517947467923121,1,2.2157350927591324,0.8495258433403844,0.2310333659281389,,,19.04536383401137
one_pass,3667249,0,65536,0,fm,bucket,0,-1,14,15,19169281,0.0517947467923121,1,1.0042242780327797,0.5462931158333103,0.1762408023778708,,,38.01736166700721
one_pass,3667249,0,262144,0,fm,bucket,0,-1,14,15,19169281,0.0517947467923121,1,0.6399176274426281,0.4988072880991763,0.1625667530065375,,,58.75299345899839
one_pass,3667249,0,1048576,0,fm,bucket,0,-1,14,15,19169281,0.0517947467923121,1,0.5207969417097047,0.4727838448714292,0.1538881348275594,,,86.87214975000825
one_pass,3667249,0,4194304,0,fm,bucket,0,-1,14,15,19169281,0.0517947467923121,1,0.4790374677395448,0.4604453206081925,0.1495271355945453,,,143.9114728749264
one_pass,3667249,0,16777216,0,fm,bucket,0,-1,14,15,19169281,0.0517947467923121,1,0.4614357557802577,0.4524421908340722,0.1466643335009099,,,315.79217245895416
one_pass,3667249,0,33554432,0,fm,bucket,0,-1,14,15,19169281,0.0517947467923121,1,0.4558062664946192,0.4488017108062657,0.1453972602837557,,,541.5917984589469
one_pass,3667249,0,36672493,0,fm,bucket,0,-1,14,15,19169281,0.0517947467923121,1,0.4551902897703381,0.448577600965574,0.145319360329343,,,597.3233553749742
one_pass,3667249,0,16384,0,fm,bucket,0,-1,14,15,19169281,0.0517947467923121,2,2.5628032088279724,0.8249793939950852,0.2257720415515335,,,19.35336237505544
one_pass,3667249,0,65536,0,fm,bucket,0,-1,14,15,19169281,0.0517947467923121,2,1.0768772587180138,0.529609055882055,0.1727432071285448,,,39.283765833009966
one_pass,3667249,0,262144,0,fm,bucket,0,-1,14,15,19169281,0.0517947467923121,2,0.6498686480335891,0.4921342444840593,0.1607290916473212,,,60.673135208082385
one_pass,3667249,0,1048576,0,fm,bucket,0,-1,14,15,19169281,0.0517947467923121,2,0.5212311435025185,0.4718231694053388,0.1535847539286359,,,89.50414020800963
one_pass,3667249,0,4194304,0,fm,bucket,0,-1,14,15,19169281,0.0517947467923121,2,0.4789558934862725,0.4604431459872096,0.1495472526294568,,,147.3088000410935
one_pass,3667249,0,16777216,0,fm,bucket,0,-1,14,15,19169281,0.0517947467923121,2,0.4615323192920186,0.4526315324962175,0.1467329247279435,,,320.97344037506264
one_pass,3667249,0,33554432,0,fm,bucket,0,-1,14,15,19169281,0.0517947467923121,2,0.4559597575353109,0.4490316241942919,0.1454646157553255,,,547.2877598330379
one_pass,3667249,0,36672493,0,fm,bucket,0,-1,14,15,19169281,0.0517947467923121,2,0.4553400365971464,0.4487625908226844,0.1453707047793685,,,602.2021555830725
one_pass,3667249,0,16384,0,fm,bucket,0,-1,14,15,19169281,0.1,0,8.780670672655106,2.4039421351880184,0.4757183196052857,,,19.04292383301072
one_pass,3667249,0,65536,0,fm,bucket,0,-1,14,15,19169281,0.1,0,3.1252487301826477,0.7837199191619229,0.2109778169601428,,,39.07072179205716
one_pass,3667249,0,262144,0,fm,bucket,0,-1,14,15,19169281,0.1,0,1.2828989177942276,0.5987990458508614,0.1828848972927479,,,60.42354125005659
one_pass,3667249,0,1048576,0,fm,bucket,0,-1,14,15,19169281,0.1,0,0.7197044348577037,0.4990941053888476,0.1616209242096376,,,89.06885245803278
one_pass,3667249,0,4194304,0,fm,bucket,0,-1,14,15,19169281,0.1,0,0.5385161940648686,0.468381751495811,0.1522727787685979,,,146.68139500007965
one_pass,3667249,0,16777216,0,fm,bucket,0,-1,14,15,19169281,0.1,0,0.4802440956336795,0.456555300414312,0.1481263981433989,,,321.0937398329843
one_pass,3667249,0,33554432,0,fm,bucket,0,-1,14,15,19169281,0.1,0,0.4670609671811689,0.4521459678597799,0.1465833669691524,,,548.7373997920658
one_pass,3667249,0,36672493,0,fm,bucket,0,-1,14,15,19169281,0.1,0,0.4657620579968032,0.4519835702449868,0.1465279418119059,,,605.1428438749863
one_pass,3667249,0,16384,0,fm,bucket,0,-1,14,15,19169281,0.1,1,9.08351881802082,1.285823899124927,0.2659150084571384,,,20.234031042084094
one_pass,3667249,0,65536,0,fm,bucket,0,-1,14,15,19169281,0.1,1,2.9657248705625534,0.7956415973603449,0.211979890400705,,,40.263263125089
one_pass,3667249,0,262144,0,fm,bucket,0,-1,14,15,19169281,0.1,1,1.249626082368195,0.5943024958901164,0.183636381426502,,,62.85574312508106
one_pass,3667249,0,1048576,0,fm,bucket,0,-1,14,15,19169281,0.1,1,0.7037866591708735,0.4943442907431865,0.1603467588089099,,,91.62359591701534
one_pass,3667249,0,4194304,0,fm,bucket,0,-1,14,15,19169281,0.1,1,0.533001284202328,0.4673298939883653,0.1518659152054366,,,148.05410837510135
one_pass,3667249,0,16777216,0,fm,bucket,0,-1,14,15,19169281,0.1,1,0.4784129444597056,0.4562754161998758,0.148012228735998,,,325.0150900420267
one_pass,3667249,0,33554432,0,fm,bucket,0,-1,14,15,19169281,0.1,1,0.4659875510915299,0.4518224803546403,0.1464646883459954,,,540.7201985000866
one_pass,3667249,0,36672493,0,fm,bucket,0,-1,14,15,19169281,0.1,1,0.464762710499468,0.4516950778065947,0.1464331066498255,,,594.2914906670339
one_pass,3667249,0,16384,0,fm,bucket,0,-1,14,15,19169281,0.1,2,10.016162052750587,1.4992123938496458,0.2535289243234157,,,19.6393243749626
one_pass,3667249,0,65536,0,fm,bucket,0,-1,14,15,19169281,0.1,2,3.191461943089962,0.7465502565497353,0.2064414440891281,,,39.670563042047434
one_pass,3667249,0,262144,0,fm,bucket,0,-1,14,15,19169281,0.1,2,1.2816866897046566,0.5730200719201157,0.1796904824903712,,,62.36176245799288
one_pass,3667249,0,1048576,0,fm,bucket,0,-1,14,15,19169281,0.1,2,0.7066299155121669,0.4923310959985282,0.1598256823876695,,,90.58725683297962
one_pass,3667249,0,4194304,0,fm,bucket,0,-1,14,15,19169281,0.1,2,0.5335464548843447,0.4676038375678865,0.1519966773561962,,,146.83332229196094
one_pass,3667249,0,16777216,0,fm,bucket,0,-1,14,15,19169281,0.1,2,0.4787953848208417,0.456514587912694,0.1481116184884788,,,322.78998354205396
one_pass,3667249,0,33554432,0,fm,bucket,0,-1,14,15,19169281,0.1,2,0.4662909536818915,0.4521827383478364,0.1465910902252706,,,538.2546525000362
one_pass,3667249,0,36672493,0,fm,bucket,0,-1,14,15,19169281,0.1,2,0.4650564916333575,0.4519781849239533,0.1465247166421652,,,593.1212168330094
one_pass,3667249,0,16384,0,spectral-old,bucket,5,2,0,15,19169295,0.001,0,0.6895878463983536,0.6753826119646229,0.2412400551098209,,,23.73570987500716
one_pass,3667249,0,65536,0,spectral-old,bucket,5,2,0,15,19169295,0.001,0,0.6671848222613335,0.643985334420268,0.2260112143511597,,,49.19784987508319
one_pass,3667249,0,262144,0,spectral-old,bucket,5,2,0,15,19169295,0.001,0,0.6292750928550959,0.5959538528390276,0.2031683249946597,,,74.96255766705144
one_pass,3667249,0,1048576,0,spectral-old,bucket,5,2,0,15,19169295,0.001,0,0.5845663566142321,0.5545394415317685,0.184892863271628,,,106.68549304199404
one_pass,3667249,0,4194304,0,spectral-old,bucket,5,2,0,15,19169295,0.001,0,0.5491171383764595,0.5249460811324889,0.1733998379157427,,,167.16282050008886
one_pass,3667249,0,16777216,0,spectral-old,bucket,5,2,0,15,19169295,0.001,0,0.5195484444848262,0.4983823799371822,0.1634503823547496,,,346.5198139999993
one_pass,3667249,0,33554432,0,spectral-old,bucket,5,2,0,15,19169295,0.001,0,0.5064204815680569,0.4873835632547558,0.1593786376288032,,,561.9717126670294
one_pass,3667249,0,36672493,0,spectral-old,bucket,5,2,0,15,19169295,0.001,0,0.5048386463490293,0.4860408380295838,0.1588802925746013,,,620.1271720420336
one_pass,3667249,0,16384,0,spectral-old,bucket,5,2,0,15,19169295,0.001,1,0.7383385747671127,0.7219861119419331,0.2638370510282782,,,23.651383874937892
one_pass,3667249,0,65536,0,spectral-old,bucket,5,2,0,15,19169295,0.001,1,0.7105980552732944,0.6846246681717355,0.2457282368963369,,,46.49744629196357
one_pass,3667249,0,262144,0,spectral-old,bucket,5,2,0,15,19169295,0.001,1,0.664501047693193,0.6229594266113331,0.2158613557507039,,,71.30150958290324
one_pass,3667249,0,1048576,0,spectral-old,bucket,5,2,0,15,19169295,0.001,1,0.6040353297721595,0.5619024858852156,0.187847420678627,,,104.62949374993332
one_pass,3667249,0,4194304,0,spectral-old,bucket,5,2,0,15,19169295,0.001,1,0.5546731475042179,0.5222537871811812,0.1720760803421177,,,166.84807095793076
one_pass,3667249,0,16777216,0,spectral-old,bucket,5,2,0,15,19169295,0.001,1,0.5163170638043084,0.4907697395893565,0.1604195291150872,,,341.16599687491544
one_pass,3667249,0,33554432,0,spectral-old,bucket,5,2,0,15,19169295,0.001,1,0.5008838759204082,0.4794602799794983,0.1563179736572028,,,552.6288683749735
one_pass,3667249,0,36672493,0,spectral-old,bucket,5,2,0,15,19169295,0.001,1,0.4991139687691448,0.4782428708975667,0.1558739505121265,,,607.6742374999449
one_pass,3667249,0,16384,0,spectral-old,bucket,5,2,0,15,19169295,0.001,2,0.6945391893386841,0.6794592690637773,0.2432220181520496,,,22.467664499999955
one_pass,3667249,0,65536,0,spectral-old,bucket,5,2,0,15,19169295,0.001,2,0.6709506995975971,0.647990507236485,0.2279643751542389,,,45.00880549999419
one_pass,3667249,0,262144,0,spectral-old,bucket,5,2,0,15,19169295,0.001,2,0.6318528288975358,0.5988841459356642,0.2045431667319877,,,70.06715370900929
one_pass,3667249,0,1048576,0,spectral-old,bucket,5,2,0,15,19169295,0.001,2,0.5856881220825016,0.5534935625993175,0.1843218293902163,,,103.44192708400078
one_pass,3667249,0,4194304,0,spectral-old,bucket,5,2,0,15,19169295,0.001,2,0.5477814120822586,0.5223304398030466,0.1721406915872165,,,166.78768841701094
one_pass,3667249,0,16777216,0,spectral-old,bucket,5,2,0,15,19169295,0.001,2,0.5168791443720693,0.4956972249188295,0.1623136337341833,,,339.6346337920986
one_pass,3667249,0,33554432,0,spectral-old,bucket,5,2,0,15,19169295,0.001,2,0.5034249078526045,0.4841684433811829,0.1581210509577708,,,554.1106002919842
one_pass,3667249,0,36672493,0,spectral-old,bucket,5,2,0,15,19169295,0.001,2,0.5017823120999001,0.4827698386431755,0.1576084152722436,,,609.5740657920251
one_pass,3667249,0,16384,0,spectral-old,bucket,5,2,0,15,19169295,0.0019306977288832,0,0.678613618016243,0.653380321343474,0.2305579333267992,,,23.33022570796311
one_pass,3667249,0,65536,0,spectral-old,bucket,5,2,0,15,19169295,0.0019306977288832,0,0.640652421861887,0.6051083018403927,0.2074477605624006,,,46.85840362496674
one_pass,3667249,0,262144,0,spectral-old,bucket,5,2,0,15,19169295,0.0019306977288832,0,0.5920323580503464,0.5586307730202629,0.1865790525923157,,,72.16719570802525
one_pass,3667249,0,1048576,0,spectral-old,bucket,5,2,0,15,19169295,0.0019306977288832,0,0.5531087713316083,0.5276213796722993,0.1744153577725908,,,104.97901158302555
one_pass,3667249,0,4194304,0,spectral-old,bucket,5,2,0,15,19169295,0.0019306977288832,0,0.5216497957590036,0.4996517277366778,0.1639264650652471,,,164.23141133296303
one_pass,3667249,0,16777216,0,spectral-old,bucket,5,2,0,15,19169295,0.0019306977288832,0,0.4956860995807801,0.4770619329305656,0.1555403169881835,,,328.851676958031
one_pass,3667249,0,33554432,0,spectral-old,bucket,5,2,0,15,19169295,0.0019306977288832,0,0.4844166250950366,0.4688164867442696,0.1525071662217184,,,547.0998595419805
one_pass,3667249,0,36672493,0,spectral-old,bucket,5,2,0,15,19169295,0.0019306977288832,0,0.4831373476898461,0.4680145180202368,0.1522121660543981,,,610.6910158330575
one_pass,3667249,0,16384,0,spectral-old,bucket,5,2,0,15,19169295,0.0019306977288832,1,0.7255690842866898,0.6961059025410671,0.2513095330145589,,,23.811956000048667
one_pass,3667249,0,65536,0,spectral-old,bucket,5,2,0,15,19169295,0.0019306977288832,1,0.6786356829106808,0.6355538448223227,0.2219112753044415,,,46.98213987494819
one_pass,3667249,0,262144,0,spectral-old,bucket,5,2,0,15,19169295,0.0019306977288832,1,0.6141749834641814,0.5675528381279299,0.1902704882292675,,,72.26046812499408
one_pass,3667249,0,1048576,0,spectral-old,bucket,5,2,0,15,19169295,0.0019306977288832,1,0.560120927868411,0.5254960425200942,0.173303944499054,,,105.41887570801192
one_pass,3667249,0,4194304,0,spectral-old,bucket,5,2,0,15,19169295,0.0019306977288832,1,0.5191379360621795,0.4925640223707903,0.1610694297921633,,,163.56883200001903
one_pass,3667249,0,16777216,0,spectral-old,bucket,5,2,0,15,19169295,0.0019306977288832,1,0.4901755735627375,0.4721017570330287,0.1536509065435642,,,323.967747415998
one_pass,3667249,0,33554432,0,spectral-old,bucket,5,2,0,15,19169295,0.0019306977288832,1,0.4798324232579034,0.4661590835660983,0.151511171753564,,,538.6476863749558
one_pass,3667249,0,36672493,0,spectral-old,bucket,5,2,0,15,19169295,0.0019306977288832,1,0.4787291527912206,0.4655777261733493,0.1512996737189705,,,603.7847450410482
one_pass,3667249,0,16384,0,spectral-old,bucket,5,2,0,15,19169295,0.0019306977288832,2,0.6836450546979904,0.6574777908964331,0.2325541352796165,,,22.41783391602803
one_pass,3667249,0,65536,0,spectral-old,bucket,5,2,0,15,19169295,0.0019306977288832,2,0.644587654620409,0.6085199192452938,0.2090632711760919,,,46.15847254102118
one_pass,3667249,0,262144,0,spectral-old,bucket,5,2,0,15,19169295,0.0019306977288832,2,0.5934077342972159,0.5582092458126797,0.1862896595330566,,,70.10924291599076
one_pass,3667249,0,1048576,0,spectral-old,bucket,5,2,0,15,19169295,0.0019306977288832,2,0.5522434217855334,0.5254217641190485,0.1733092937557084,,,101.19431437505408
one_pass,3667249,0,4194304,0,spectral-old,bucket,5,2,0,15,19169295,0.0019306977288832,2,0.5196110054093879,0.4976581301050392,0.1630260234634526,,,158.7427906660596
one_pass,3667249,0,16777216,0,spectral-old,bucket,5,2,0,15,19169295,0.0019306977288832,2,0.4933753028744831,0.4754798781408066,0.1549422191394088,,,320.2279985829955
one_pass,3667249,0,33554432,0,spectral-old,bucket,5,2,0,15,19169295,0.0019306977288832,2,0.4825841580532142,0.4681389455108115,0.1522527935919403,,,547.1937338330317
one_pass,3667249,0,36672493,0,spectral-old,bucket,5,2,0,15,19169295,0.0019306977288832,2,0.4813844365003539,0.4674326735911038,0.1519891011070688,,,600.3377583329566
one_pass,3667249,0,16384,0,spectral-old,bucket,5,2,0,15,19169295,0.0037275937203149,0,0.6600083559751511,0.6188980386334054,0.2139704819966877,,,22.584447250002995
one_pass,3667249,0,65536,0,spectral-old,bucket,5,2,0,15,19169295,0.0037275937203149,0,0.6059636436402798,0.5656579404719595,0.189568142819882,,,46.79928229202051
one_pass,3667249,0,262144,0,spectral-old,bucket,5,2,0,15,19169295,0.0037275937203149,0,0.5602695727720857,0.5315226656599067,0.1759172691036405,,,70.9542507090373
one_pass,3667249,0,1048576,0,spectral-old,bucket,5,2,0,15,19169295,0.0037275937203149,0,0.5246783734764904,0.5002428275214371,0.1641573153582108,,,102.46880758402403
one_pass,3667249,0,4194304,0,spectral-old,bucket,5,2,0,15,19169295,0.0037275937203149,0,0.4955208904575556,0.4757833692200783,0.1550447403048961,,,160.3176295000594
one_pass,3667249,0,16777216,0,spectral-old,bucket,5,2,0,15,19169295,0.0037275937203149,0,0.475407675759925,0.4634652187530234,0.1505512550374738,,,321.7073580001015
one_pass,3667249,0,33554432,0,spectral-old,bucket,5,2,0,15,19169295,0.0037275937203149,0,0.4688398997350305,0.4602238991673312,0.1494037387090551,,,545.9559195000911
one_pass,3667249,0,36672493,0,spectral-old,bucket,5,2,0,15,19169295,0.0037275937203149,0,0.4681600163971747,0.4599400079971547,0.1493032651012332,,,599.4200102920877
one_pass,3667249,0,16384,0,spectral-old,bucket,5,2,0,15,19169295,0.0037275937203149,1,0.7038766890764236,0.6544827773030459,0.2310669671147034,,,22.073393999948166
one_pass,3667249,0,65536,0,spectral-old,bucket,5,2,0,15,19169295,0.0037275937203149,1,0.6331736147403717,0.5780404213699374,0.1948942532728554,,,45.74061195796821
one_pass,3667249,0,262144,0,spectral-old,bucket,5,2,0,15,19169295,0.0037275937203149,1,0.5700363619253039,0.5311972065421701,0.175522831156252,,,70.06370233302005
one_pass,3667249,0,1048576,0,spectral-old,bucket,5,2,0,15,19169295,0.0037275937203149,1,0.5242215349571779,0.4957084276610571,0.1622217778553093,,,101.78459429193754
one_pass,3667249,0,4194304,0,spectral-old,bucket,5,2,0,15,19169295,0.0037275937203149,1,0.4929138990992214,0.4737942256898889,0.1542655204067296,,,160.13994295801967
one_pass,3667249,0,16777216,0,spectral-old,bucket,5,2,0,15,19169295,0.0037275937203149,1,0.4739856121595949,0.462951203670318,0.1503650151466075,,,321.2783005000092
one_pass,3667249,0,33554432,0,spectral-old,bucket,5,2,0,15,19169295,0.0037275937203149,1,0.4678840076703636,0.4598036231102697,0.1492529303905798,,,545.0514326249249
one_pass,3667249,0,36672493,0,spectral-old,bucket,5,2,0,15,19169295,0.0037275937203149,1,0.4672507714008378,0.4595160800459798,0.1491529168669725,,,597.9335604999214
one_pass,3667249,0,16384,0,spectral-old,bucket,5,2,0,15,19169295,0.0037275937203149,2,0.6651467829942703,0.6228387787755438,0.2158526898244069,,,23.096624542027712
one_pass,3667249,0,65536,0,spectral-old,bucket,5,2,0,15,19169295,0.0037275937203149,2,0.6093756072223186,0.5664261319931552,0.1898069384389278,,,45.937358667026274
one_pass,3667249,0,262144,0,spectral-old,bucket,5,2,0,15,19169295,0.0037275937203149,2,0.5601547118276358,0.5300213394442417,0.1750727503704928,,,69.65568750002421
one_pass,3667249,0,1048576,0,spectral-old,bucket,5,2,0,15,19169295,0.0037275937203149,2,0.5234726164489985,0.4994511134836795,0.1637065482474606,,,101.9495077499887
one_pass,3667249,0,4194304,0,spectral-old,bucket,5,2,0,15,19169295,0.0037275937203149,2,0.494667453225702,0.4759284870891389,0.1550988825029351,,,160.31619095802307
one_pass,3667249,0,16777216,0,spectral-old,bucket,5,2,0,15,19169295,0.0037275937203149,2,0.4752244849441922,0.4638436279953553,0.150683522308943,,,322.11555300001055
one_pass,3667249,0,33554432,0,spectral-old,bucket,5,2,0,15,19169295,0.0037275937203149,2,0.4687617898489407,0.4602309530596513,0.1493975053583365,,,546.121290332987
one_pass,3667249,0,36672493,0,spectral-old,bucket,5,2,0,15,19169295,0.0037275937203149,2,0.468073291019702,0.4598792021723429,0.1492707128773194,,,598.9911122920457
one_pass,3667249,0,16384,0,spectral-old,bucket,5,2,0,15,19169295,0.0071968567300115,0,0.6331555247306824,0.5786681751862145,0.1952551194607082,,,21.86873520805966
one_pass,3667249,0,65536,0,spectral-old,bucket,5,2,0,15,19169295,0.0071968567300115,0,0.5749746076762676,0.5388922589344636,0.1787674593545623,,,43.952114708023146
one_pass,3667249,0,262144,0,spectral-old,bucket,5,2,0,15,19169295,0.0071968567300115,0,0.5322267473675311,0.5034069913581318,0.1653540042468386,,,68.53816829202697
one_pass,3667249,0,1048576,0,spectral-old,bucket,5,2,0,15,19169295,0.0071968567300115,0,0.4983342210762203,0.4771573888197118,0.1555558385800363,,,99.79558429203462
one_pass,3667249,0,4194304,0,spectral-old,bucket,5,2,0,15,19169295,0.0071968567300115,0,0.4768821677716914,0.464699234691837,0.1510006838733255,,,156.3994249170646
one_pass,3667249,0,16777216,0,spectral-old,bucket,5,2,0,15,19169295,0.0071968567300115,0,0.4655858234473271,0.4588502344429196,0.1489238120823045,,,332.2685186250601
one_pass,3667249,0,33554432,0,spectral-old,bucket,5,2,0,15,19169295,0.0071968567300115,0,0.461904427556874,0.4568205819321119,0.1482321322291538,,,532.6592927500606
one_pass,3667249,0,36672493,0,spectral-old,bucket,5,2,0,15,19169295,0.0071968567300115,0,0.4615160716401502,0.4566589299174433,0.1481735615470419,,,585.5858669170411
one_pass,3667249,0,16384,0,spectral-old,bucket,5,2,0,15,19169295,0.0071968567300115,1,0.6715390831232071,0.6007850106827484,0.2053078446782551,,,22.41340691701043
one_pass,3667249,0,65536,0,spectral-old,bucket,5,2,0,15,19169295,0.0071968567300115,1,0.5902803279459476,0.5412980810445535,0.1795069981850321,,,44.81762466696091
one_pass,3667249,0,262144,0,spectral-old,bucket,5,2,0,15,19169295,0.0071968567300115,1,0.5355649492703378,0.5014225643810082,0.1643619680960279,,,69.31960120901931
one_pass,3667249,0,1048576,0,spectral-old,bucket,5,2,0,15,19169295,0.0071968567300115,1,0.4984849363099783,0.4771253410560588,0.1555024545245169,,,99.84632762498222
one_pass,3667249,0,4194304,0,spectral-old,bucket,5,2,0,15,19169295,0.0071968567300115,1,0.47686241439078,0.4647332449076116,0.1510129696420577,,,156.2743634589715
one_pass,3667249,0,16777216,0,spectral-old,bucket,5,2,0,15,19169295,0.0071968567300115,1,0.4653618739030207,0.4584549770890032,0.1487843943523911,,,330.9309527919395
one_pass,3667249,0,33554432,0,spectral-old,bucket,5,2,0,15,19169295,0.0071968567300115,1,0.4614833674604597,0.4561578794439665,0.1479908654536827,,,529.8162547919201
one_pass,3667249,0,36672493,0,spectral-old,bucket,5,2,0,15,19169295,0.0071968567300115,1,0.4610682178088758,0.4559699192893706,0.1479249257765365,,,581.8285891669802
one_pass,3667249,0,16384,0,spectral-old,bucket,5,2,0,15,19169295,0.0071968567300115,2,0.6380233019590378,0.5804200592195532,0.1959940421210491,,,22.337044749991037
one_pass,3667249,0,65536,0,spectral-old,bucket,5,2,0,15,19169295,0.0071968567300115,2,0.5761719942092896,0.5369462660836071,0.1777851976540975,,,44.750193541054614
one_pass,3667249,0,262144,0,spectral-old,bucket,5,2,0,15,19169295,0.0071968567300115,2,0.5305360965430737,0.5017118565768416,0.1646425197785897,,,69.46174245805014
one_pass,3667249,0,1048576,0,spectral-old,bucket,5,2,0,15,19169295,0.0071968567300115,2,0.4970322351437062,0.4774369848852675,0.1556587645090544,,,100.45529554097448
one_pass,3667249,0,4194304,0,spectral-old,bucket,5,2,0,15,19169295,0.0071968567300115,2,0.4766934595245402,0.4651541307421081,0.1511538035941275,,,158.77499170799274
one_pass,3667249,0,16777216,0,spectral-old,bucket,5,2,0,15,19169295,0.0071968567300115,2,0.4652161060439539,0.4581740001882878,0.1486771232889751,,,335.81063916604035
one_pass,3667249,0,33554432,0,spectral-old,bucket,5,2,0,15,19169295,0.0071968567300115,2,0.4611119847395457,0.4555368397369371,0.1477634641679426,,,530.22881637502
one_pass,3667249,0,36672493,0,spectral-old,bucket,5,2,0,15,19169295,0.0071968567300115,2,0.4606653508719018,0.4553204587678149,0.1476831626860384,,,582.6765727499733
one_pass,3667249,0,16384,0,spectral-old,bucket,5,2,0,15,19169295,0.0138949549437313,0,0.6062985956668854,0.5532412293869639,0.1843391797534948,,,22.653409084072337
one_pass,3667249,0,65536,0,spectral-old,bucket,5,2,0,15,19169295,0.0138949549437313,0,0.5506581105291843,0.5156697646339473,0.1698712088828501,,,45.71007933409419
one_pass,3667249,0,262144,0,spectral-old,bucket,5,2,0,15,19169295,0.0138949549437313,0,0.5107783670537174,0.4856248517912294,0.1586611266378602,,,70.89230562502053
one_pass,3667249,0,1048576,0,spectral-old,bucket,5,2,0,15,19169295,0.0138949549437313,0,0.4841675643110648,0.4695201137830626,0.1527698359255234,0.4750546181925882,0.1548213602631743,102.76030137506314
one_pass,3667249,0,4194304,0,spectral-old,bucket,5,2,0,15,19169295,0.0138949549437313,0,0.4697837743151467,0.4615557089869629,0.1499180938694193,0.4669162414809964,0.1518964622472057,162.29693900002167
one_pass,3667249,0,16777216,0,spectral-old,bucket,5,2,0,15,19169295,0.0138949549437313,0,0.4616888135351473,0.4563191149232942,0.1480731347501816,,,337.4236565839965
one_pass,3667249,0,33554432,0,spectral-old,bucket,5,2,0,15,19169295,0.0138949549437313,0,0.458498353822506,0.4539672546044666,0.1472675465781599,,,531.4997311250772
one_pass,3667249,0,36672493,0,spectral-old,bucket,5,2,0,15,19169295,0.0138949549437313,0,0.4581356853068008,0.4538095458815652,0.1472046579002243,,,585.7867766669951
one_pass,3667249,0,16384,0,spectral-old,bucket,5,2,0,15,19169295,0.0138949549437313,1,0.6350646466016769,0.5614061063821189,0.1875595372653923,,,22.533197124954313
one_pass,3667249,0,65536,0,spectral-old,bucket,5,2,0,15,19169295,0.0138949549437313,1,0.559271577745676,0.5152704162489674,0.1695793002195535,,,45.55841762502678
one_pass,3667249,0,262144,0,spectral-old,bucket,5,2,0,15,19169295,0.0138949549437313,1,0.5133783225901425,0.4867606796558575,0.1590309351357377,,,70.30573108396493
one_pass,3667249,0,1048576,0,spectral-old,bucket,5,2,0,15,19169295,0.0138949549437313,1,0.4855600831797346,0.4701418374500692,0.1530010972665302,0.4757317520711528,0.1550812224243804,102.5120149590075
one_pass,3667249,0,4194304,0,spectral-old,bucket,5,2,0,15,19169295,0.0138949549437313,1,0.470162306621205,0.4613818901099955,0.1498475822645411,0.4667330085178672,0.1518263044423918,161.45833141705953
one_pass,3667249,0,16777216,0,spectral-old,bucket,5,2,0,15,19169295,0.0138949549437313,1,0.4614048149305745,0.455832828746295,0.1478796078392191,,,332.1213955000276
one_pass,3667249,0,33554432,0,spectral-old,bucket,5,2,0,15,19169295,0.0138949549437313,1,0.458076949329552,0.4534895649411934,0.1470754460584136,,,527.6870027920231
one_pass,3667249,0,36672493,0,spectral-old,bucket,5,2,0,15,19169295,0.0138949549437313,1,0.4577022784052275,0.453325246169649,0.1470111264173457,,,582.0453212090069
one_pass,3667249,0,16384,0,spectral-old,bucket,5,2,0,15,19169295,0.0138949549437313,2,0.6092265993356705,0.5515902290242065,0.1835009344564677,,,24.55160516710021
one_pass,3667249,0,65536,0,spectral-old,bucket,5,2,0,15,19169295,0.0138949549437313,2,0.5506884679198265,0.5139407039984705,0.1692178203547391,,,46.43383958307095
one_pass,3667249,0,262144,0,spectral-old,bucket,5,2,0,15,19169295,0.0138949549437313,2,0.5099662556312978,0.4858052481758485,0.1587919592597049,,,69.57634683302604
one_pass,3667249,0,1048576,0,spectral-old,bucket,5,2,0,15,19169295,0.0138949549437313,2,0.4837794840568676,0.4697106534303537,0.1528486689635708,0.4749468312316316,0.1547917543953507,98.09094704210293
one_pass,3667249,0,4194304,0,spectral-old,bucket,5,2,0,15,19169295,0.0138949549437313,2,0.469431480509229,0.4611521627208968,0.1497623118538118,0.4663570065299883,0.1516771600600423,150.98059729207307
one_pass,3667249,0,16777216,0,spectral-old,bucket,5,2,0,15,19169295,0.0138949549437313,2,0.4608149038613192,0.4552882788496571,0.1476834005654784,,,302.2449252920924
one_pass,3667249,0,33554432,0,spectral-old,bucket,5,2,0,15,19169295,0.0138949549437313,2,0.4574961219077522,0.4529745838344227,0.1468820812316126,,,501.47153179207817
one_pass,3667249,0,36672493,0,spectral-old,bucket,5,2,0,15,19169295,0.0138949549437313,2,0.4571260764286686,0.4528309044662475,0.1468226851597043,,,555.2887037080945
one_pass,3667249,0,16384,0,spectral-old,bucket,5,2,0,15,19169295,0.0268269579527972,0,0.5909569561481476,0.5371889210472505,0.1780813863098934,,,22.072741125011817
one_pass,3667249,0,65536,0,spectral-old,bucket,5,2,0,15,19169295,0.0268269579527972,0,0.5350114982575178,0.5023782456437496,0.1648552783838159,,,43.41718870808836
one_pass,3667249,0,262144,0,spectral-old,bucket,5,2,0,15,19169295,0.0268269579527972,0,0.5025165537372231,0.4834644955526582,0.1577896237103782,0.488950079228505,0.1598406871349778,66.547508125077
one_pass,3667249,0,1048576,0,spectral-old,bucket,5,2,0,15,19169295,0.0268269579527972,0,0.4821746743982658,0.4703843813296329,0.1530654983466217,,,95.78391783300322
one_pass,3667249,0,4194304,0,spectral-old,bucket,5,2,0,15,19169295,0.0268269579527972,0,0.4694313191866968,0.4613318979668394,0.1498825917111046,,,149.39670270809438
one_pass,3667249,0,16777216,0,spectral-old,bucket,5,2,0,15,19169295,0.0268269579527972,0,0.4603938031432335,0.4544041148435703,0.1474215252682918,0.4598942617210639,0.1494119154669606,303.6626148330979
one_pass,3667249,0,33554432,0,spectral-old,bucket,5,2,0,15,19169295,0.0268269579527972,0,0.4566191287740366,0.4515888469680937,0.1464414009510777,0.4572226407726311,0.1484571975653557,506.6380835000891
one_pass,3667249,0,36672493,0,spectral-old,bucket,5,2,0,15,19169295,0.0268269579527972,0,0.4561903725206928,0.4513729742522417,0.1463549456767848,0.4569424077211643,0.1483570804704569,560.7587547920411
one_pass,3667249,0,16384,0,spectral-old,bucket,5,2,0,15,19169295,0.0268269579527972,1,0.6122717261314392,0.5440295176143383,0.1806198222333714,,,20.872527625062503
one_pass,3667249,0,65536,0,spectral-old,bucket,5,2,0,15,19169295,0.0268269579527972,1,0.5428441353142262,0.5036181551036083,0.1653645860173437,,,41.362494666012935
one_pass,3667249,0,262144,0,spectral-old,bucket,5,2,0,15,19169295,0.0268269579527972,1,0.5045274840667844,0.4838796315777258,0.1579330519643567,0.4896208688120749,0.1600534043483026,63.81666729098651
one_pass,3667249,0,1048576,0,spectral-old,bucket,5,2,0,15,19169295,0.0268269579527972,1,0.4825708959251642,0.4706555401778701,0.1532039273093925,,,93.05535291600972
one_pass,3667249,0,4194304,0,spectral-old,bucket,5,2,0,15,19169295,0.0268269579527972,1,0.4696565196791198,0.461740867786941,0.15002754597647,,,147.4354247910669
one_pass,3667249,0,16777216,0,spectral-old,bucket,5,2,0,15,19169295,0.0268269579527972,1,0.4608524717623368,0.4550648782068515,0.147634107644211,0.4605214556631939,0.1496351182424976,301.3896919579711
one_pass,3667249,0,33554432,0,spectral-old,bucket,5,2,0,15,19169295,0.0268269579527972,1,0.4572308333299588,0.4523893231204695,0.1467008220530319,0.4580305226767817,0.1487445215171972,503.625719957985
one_pass,3667249,0,36672493,0,spectral-old,bucket,5,2,0,15,19169295,0.0268269579527972,1,0.4568180193495342,0.4522118915743316,0.1466310305374189,0.4577846322611633,0.1486627606187652,559.7441059580306
one_pass,3667249,0,16384,0,spectral-old,bucket,5,2,0,15,19169295,0.0268269579527972,2,0.5934057235717773,0.5374582268098567,0.1780646920140762,,,21.10474979202263
one_pass,3667249,0,65536,0,spectral-old,bucket,5,2,0,15,19169295,0.0268269579527972,2,0.5366371646523476,0.5043245498176255,0.1656602688531208,,,42.05518604198005
one_pass,3667249,0,262144,0,spectral-old,bucket,5,2,0,15,19169295,0.0268269579527972,2,0.503295763861388,0.4843854513502328,0.1582681489408291,0.4899104724507596,0.1603313496109649,64.85104658303317
one_pass,3667249,0,1048576,0,spectral-old,bucket,5,2,0,15,19169295,0.0268269579527972,2,0.4829010805115103,0.4719203229782418,0.1536910134219163,,,93.98842429206708
one_pass,3667249,0,4194304,0,spectral-old,bucket,5,2,0,15,19169295,0.0268269579527972,2,0.4708054678339977,0.4630829308681809,0.1505015828568772,,,147.41330858296715
one_pass,3667249,0,16777216,0,spectral-old,bucket,5,2,0,15,19169295,0.0268269579527972,2,0.4619616007912555,0.455931074319773,0.14794492405314,0.4613931790046308,0.1499454232675506,301.75117854203563
one_pass,3667249,0,33554432,0,spectral-old,bucket,5,2,0,15,19169295,0.0268269579527972,2,0.4581659786854288,0.4529645394263293,0.1469024227114877,0.4586157582260567,0.1489400727867212,503.8393456670456
one_pass,3667249,0,36672493,0,spectral-old,bucket,5,2,0,15,19169295,0.0268269579527972,2,0.4577315089273346,0.4527248284837203,0.1468042474343401,0.4582995083420176,0.1488211283266993,561.3131794580258
one_pass,3667249,0,16384,0,spectral-old,bucket,5,2,0,15,19169295,0.0517947467923121,0,0.6302832514047623,0.5694959021031601,0.1929188401836214,0.5745926114590435,0.1950946928593532,20.531992875039577
one_pass,3667249,0,65536,0,spectral-old,bucket,5,2,0,15,19169295,0.0517947467923121,0,0.5467136651277542,0.5034843730233611,0.1651324744530641,0.5089565774919191,0.1671989584379935,41.5527902910253
one_pass,3667249,0,262144,0,spectral-old,bucket,5,2,0,15,19169295,0.0517947467923121,0,0.5074231335893273,0.4872750443611576,0.1590847771501217,,,64.02455462503713
one_pass,3667249,0,1048576,0,spectral-old,bucket,5,2,0,15,19169295,0.0517947467923121,0,0.4862206927500665,0.475215624573484,0.1547860098052625,,,92.44230812496971
one_pass,3667249,0,4194304,0,spectral-old,bucket,5,2,0,15,19169295,0.0517947467923121,0,0.4736476331599988,0.465533361591213,0.151370591876535,,,146.38900450000074
one_pass,3667249,0,16777216,0,spectral-old,bucket,5,2,0,15,19169295,0.0517947467923121,0,0.464009106013691,0.4574770679192214,0.1484961219851018,,,299.61442583298776
one_pass,3667249,0,33554432,0,spectral-old,bucket,5,2,0,15,19169295,0.0517947467923121,0,0.459715836430405,0.4539673531062071,0.147263291031348,,,499.9969568749657
one_pass,3667249,0,36672493,0,spectral-old,bucket,5,2,0,15,19169295,0.0517947467923121,0,0.4592258197470288,0.4536749640039329,0.1471510723308878,,,556.6757564159343
one_pass,3667249,0,16384,0,spectral-old,bucket,5,2,0,15,19169295,0.0517947467923121,1,0.6096216291189194,0.534030254627582,0.1761279280077244,0.5403339937141047,0.178607105075028,21.388985749916177
one_pass,3667249,0,65536,0,spectral-old,bucket,5,2,0,15,19169295,0.0517947467923121,1,0.5379343554377556,0.5021398134529204,0.1647256440650041,0.5075245355604958,0.1667528057020622,42.00853787502274
one_pass,3667249,0,262144,0,spectral-old,bucket,5,2,0,15,19169295,0.0517947467923121,1,0.5049454267136753,0.486938398418851,0.1589237326277622,,,64.83053358295001
one_pass,3667249,0,1048576,0,spectral-old,bucket,5,2,0,15,19169295,0.0517947467923121,1,0.4854605462169274,0.4743510991954787,0.1544325343619159,,,94.1195389169734
one_pass,3667249,0,4194304,0,spectral-old,bucket,5,2,0,15,19169295,0.0517947467923121,1,0.4728599028603639,0.4643365066256948,0.1509505072457829,,,147.9283484169282
one_pass,3667249,0,16777216,0,spectral-old,bucket,5,2,0,15,19169295,0.0517947467923121,1,0.4631289538810961,0.4565697477223888,0.1481816971743459,,,299.80409529199824
one_pass,3667249,0,33554432,0,spectral-old,bucket,5,2,0,15,19169295,0.0517947467923121,1,0.4589243145856017,0.4532872326862906,0.1470280368298164,,,501.4493774169823
one_pass,3667249,0,36672493,0,spectral-old,bucket,5,2,0,15,19169295,0.0517947467923121,1,0.4584420113415146,0.4530394910024902,0.1469206814347702,,,559.3185054579517
one_pass,3667249,0,16384,0,spectral-old,bucket,5,2,0,15,19169295,0.0517947467923121,2,0.6037884801626205,0.5311729017968965,0.1760027905037416,0.5363616379217885,0.1781187424159624,21.05216008296702
one_pass,3667249,0,65536,0,spectral-old,bucket,5,2,0,15,19169295,0.0517947467923121,2,0.5383660793304443,0.5014861616676569,0.1643681481648676,0.5069030360721599,0.1664340880634896,43.3674528329866
one_pass,3667249,0,262144,0,spectral-old,bucket,5,2,0,15,19169295,0.0517947467923121,2,0.5047013610601425,0.4862742149095026,0.1586250144391462,,,66.13744779198896
one_pass,3667249,0,1048576,0,spectral-old,bucket,5,2,0,15,19169295,0.0517947467923121,2,0.484940473572351,0.473983331183526,0.1543152468794537,,,95.46446024999022
one_pass,3667249,0,4194304,0,spectral-old,bucket,5,2,0,15,19169295,0.0517947467923121,2,0.4722062207292765,0.463981000209737,0.15083074888151,,,150.02547108300496
one_pass,3667249,0,16777216,0,spectral-old,bucket,5,2,0,15,19169295,0.0517947467923121,2,0.4624599708185997,0.4560858226179978,0.1480019788346732,,,306.126907124999
one_pass,3667249,0,33554432,0,spectral-old,bucket,5,2,0,15,19169295,0.0517947467923121,2,0.4583207690484414,0.4528022330168517,0.1468451105312455,,,524.4626524579944
one_pass,3667249,0,36672493,0,spectral-old,bucket,5,2,0,15,19169295,0.0517947467923121,2,0.4578483948461627,0.4525166554603942,0.1467394964786757,,,584.8895745829213
one_pass,3667249,0,16384,0,spectral-old,bucket,5,2,0,15,19169295,0.1,0,1.0127371847629547,0.6459647737914488,0.2129604753097547,,,20.398610959062353
one_pass,3667249,0,65536,0,spectral-old,bucket,5,2,0,15,19169295,0.1,0,0.7466828264296055,0.5435011567410637,0.1751770819248747,,,42.66071666707285
one_pass,3667249,0,262144,0,spectral-old,bucket,5,2,0,15,19169295,0.1,0,0.579972495790571,0.5084272783223265,0.1646606508244167,,,65.225305375061
one_pass,3667249,0,1048576,0,spectral-old,bucket,5,2,0,15,19169295,0.1,0,0.5149552897782996,0.4851331592693728,0.1576384348294029,,,94.22674379206728
one_pass,3667249,0,4194304,0,spectral-old,bucket,5,2,0,15,19169295,0.1,0,0.4853257755457889,0.4699132207153625,0.1528215749849989,,,148.09246608405374
one_pass,3667249,0,16777216,0,spectral-old,bucket,5,2,0,15,19169295,0.1,0,0.4684586667062831,0.458552564379796,0.1488483935565654,,,301.0571749591036
one_pass,3667249,0,33554432,0,spectral-old,bucket,5,2,0,15,19169295,0.1,0,0.4622947428033512,0.4543994290073896,0.1474230870661148,,,514.5477047919994
one_pass,3667249,0,36672493,0,spectral-old,bucket,5,2,0,15,19169295,0.1,0,0.4616103320948749,0.4541191082989603,0.1473132231870372,,,573.4007723340765
one_pass,3667249,0,16384,0,spectral-old,bucket,5,2,0,15,19169295,0.1,1,0.7528527975082397,1.1443248013096918,0.2408961018409207,,,22.635743041988466
one_pass,3667249,0,65536,0,spectral-old,bucket,5,2,0,15,19169295,0.1,1,0.7613531537353992,0.537545633024387,0.1744690143173045,,,43.7586318339454
one_pass,3667249,0,262144,0,spectral-old,bucket,5,2,0,15,19169295,0.1,1,0.581632484216243,0.5105655257666676,0.1653241754053196,,,66.67906962498091
one_pass,3667249,0,1048576,0,spectral-old,bucket,5,2,0,15,19169295,0.1,1,0.5161838430212811,0.4858367641126532,0.1579379596974109,,,95.70035445899704
one_pass,3667249,0,4194304,0,spectral-old,bucket,5,2,0,15,19169295,0.1,1,0.4856177460751496,0.4687228720241475,0.1523717369501754,,,149.9870552920038
one_pass,3667249,0,16777216,0,spectral-old,bucket,5,2,0,15,19169295,0.1,1,0.4679247166059213,0.4577093941671658,0.148548563901364,,,303.4323707919102
one_pass,3667249,0,33554432,0,spectral-old,bucket,5,2,0,15,19169295,0.1,1,0.461658752621588,0.4536557865818249,0.147153313864617,,,522.4640050419839
one_pass,3667249,0,36672493,0,spectral-old,bucket,5,2,0,15,19169295,0.1,1,0.460968655297972,0.45340124122782,0.1470517821103682,,,584.0725406670244
one_pass,3667249,0,16384,0,spectral-old,bucket,5,2,0,15,19169295,0.1,2,0.7677778750658035,0.8125468300082714,0.2177229559155022,,,21.34166387503501
one_pass,3667249,0,65536,0,spectral-old,bucket,5,2,0,15,19169295,0.1,2,0.7069186754524708,0.5402702630147174,0.1746359434715195,,,43.35691770899575
one_pass,3667249,0,262144,0,spectral-old,bucket,5,2,0,15,19169295,0.1,2,0.5655609159730375,0.5013572308047908,0.1618858270739247,,,66.81862033403013
one_pass,3667249,0,1048576,0,spectral-old,bucket,5,2,0,15,19169295,0.1,2,0.5033210982801393,0.4736152191011853,0.1538325691924909,,,96.07716495904606
one_pass,3667249,0,4194304,0,spectral-old,bucket,5,2,0,15,19169295,0.1,2,0.4754292969591915,0.4615081221876083,0.1498488155268377,,,150.20950750005431
one_pass,3667249,0,16777216,0,spectral-old,bucket,5,2,0,15,19169295,0.1,2,0.4613950419370667,0.4535788711089035,0.1470734266246063,,,310.3601711250376
one_pass,3667249,0,33554432,0,spectral-old,bucket,5,2,0,15,19169295,0.1,2,0.4566447040670027,0.4506089137127006,0.1460411620194239,,,537.7950379590038
one_pass,3667249,0,36672493,0,spectral-old,bucket,5,2,0,15,19169295,0.1,2,0.4561263886531786,0.4504235746124629,0.1459715963817632,,,602.2376816250617
one_pass,3667249,0,16384,0,fm,bucket,0,-1,44,45,57507841,0.001,0,0.6781727075576782,0.6627099617686001,0.2348037955089534,,,20.624623167095702
one_pass,3667249,0,65536,0,fm,bucket,0,-1,44,45,57507841,0.001,0,0.6545934714376926,0.6319325176843916,0.2195886340064252,,,42.246425625053234
one_pass,3667249,0,262144,0,fm,bucket,0,-1,44,45,57507841,0.001,0,0.6163898631930351,0.5812610178497472,0.1953967766073223,,,65.45430183305871
one_pass,3667249,0,1048576,0,fm,bucket,0,-1,44,45,57507841,0.001,0,0.5582343013957143,0.5132331889902585,0.1662819837890493,,,97.12700454203878
one_pass,3667249,0,4194304,0,fm,bucket,0,-1,44,45,57507841,0.001,0,0.5059110348520335,0.4763848321522074,0.153851735342088,,,163.77329158305656
one_pass,3667249,0,16777216,0,fm,bucket,0,-1,44,45,57507841,0.001,0,0.4776352374392445,0.4627369088530228,0.1497719401243392,,,380.7607153330464
one_pass,3667249,0,33554432,0,fm,bucket,0,-1,44,45,57507841,0.001,0,0.4693447641111561,0.4587943959857907,0.1485540203858441,,,716.9005325420294
one_pass,3667249,0,36672493,0,fm,bucket,0,-1,44,45,57507841,0.001,0,0.4684864246088341,0.4583982803898569,0.1484305484656745,,,804.136464875075
one_pass,3667249,0,16384,0,fm,bucket,0,-1,44,45,57507841,0.001,1,0.6779600530862808,0.662348331901,0.234623707724509,,,21.89558229094837
one_pass,3667249,0,65536,0,fm,bucket,0,-1,44,45,57507841,0.001,1,0.6542238146066666,0.6314624261628503,0.2193577731882349,,,44.00499462499283
one_pass,3667249,0,262144,0,fm,bucket,0,-1,44,45,57507841,0.001,1,0.6158202635124326,0.5807314318161372,0.1951544653745433,,,68.98703120800201
one_pass,3667249,0,1048576,0,fm,bucket,0,-1,44,45,57507841,0.001,1,0.5582984087523073,0.5139480277852935,0.1666184229016671,,,103.8997981249122
one_pass,3667249,0,4194304,0,fm,bucket,0,-1,44,45,57507841,0.001,1,0.5062873673450667,0.4766054470385014,0.1539489490638979,,,183.38361145800445
one_pass,3667249,0,16777216,0,fm,bucket,0,-1,44,45,57507841,0.001,1,0.4776397604728117,0.4625024805355938,0.1496925878950412,,,441.9415842909366
one_pass,3667249,0,33554432,0,fm,bucket,0,-1,44,45,57507841,0.001,1,0.4691699325558147,0.4584058782453238,0.1484102037070681,,,792.4206449999474
one_pass,3667249,0,36672493,0,fm,bucket,0,-1,44,45,57507841,0.001,1,0.4682898069231155,0.4579942768190081,0.1482799505102618,,,878.1701709579211
one_pass,3667249,0,16384,0,fm,bucket,0,-1,44,45,57507841,0.001,2,0.6773646920919418,0.6622366103560536,0.2345681218461878,,,22.81334262492601
one_pass,3667249,0,65536,0,fm,bucket,0,-1,44,45,57507841,0.001,2,0.6539993733167648,0.6312810984787589,0.2192687571200008,,,45.65750383294653
one_pass,3667249,0,262144,0,fm,bucket,0,-1,44,45,57507841,0.001,2,0.6154217375442386,0.5799798121675949,0.1948019532224312,,,70.69370745797642
one_pass,3667249,0,1048576,0,fm,bucket,0,-1,44,45,57507841,0.001,2,0.5574028871487826,0.5127954416696171,0.1661666780416427,,,106.12444770801812
one_pass,3667249,0,4194304,0,fm,bucket,0,-1,44,45,57507841,0.001,2,0.5055368389585055,0.4761792940770712,0.153832249660993,,,185.7452540419763
one_pass,3667249,0,16777216,0,fm,bucket,0,-1,44,45,57507841,0.001,2,0.4773864446979132,0.4624874971066958,0.1497048379189456,,,445.540654374985
one_pass,3667249,0,33554432,0,fm,bucket,0,-1,44,45,57507841,0.001,2,0.4690799958043499,0.4584845011017205,0.1484530882616068,,,797.3775270419428
one_pass,3667249,0,36672493,0,fm,bucket,0,-1,44,45,57507841,0.001,2,0.4682186613002844,0.4580819811550877,0.1483264298773683,,,884.0355149999959
one_pass,3667249,0,16384,0,fm,bucket,0,-1,44,45,57507841,0.0019306977288832,0,0.6691249161958694,0.6429326494942068,0.2249981679608276,,,24.25762141693849
one_pass,3667249,0,65536,0,fm,bucket,0,-1,44,45,57507841,0.0019306977288832,0,0.6314639933407307,0.5976259653882112,0.2030698980990232,,,49.898371750023216
one_pass,3667249,0,262144,0,fm,bucket,0,-1,44,45,57507841,0.0019306977288832,0,0.5758661860600114,0.5294745262577454,0.1726708497544327,,,77.88426391698886
one_pass,3667249,0,1048576,0,fm,bucket,0,-1,44,45,57507841,0.0019306977288832,0,0.5167388550471514,0.4820178870472293,0.155554841371409,,,116.2462622920284
one_pass,3667249,0,4194304,0,fm,bucket,0,-1,44,45,57507841,0.0019306977288832,0,0.4825767179427203,0.4650856417415869,0.1504993902694458,,,197.15412283292972
one_pass,3667249,0,16777216,0,fm,bucket,0,-1,44,45,57507841,0.0019306977288832,0,0.4660988588948385,0.456963730305604,0.1479764000143887,,,469.19643208303023
one_pass,3667249,0,33554432,0,fm,bucket,0,-1,44,45,57507841,0.0019306977288832,0,0.4608360458150855,0.4538997243449001,0.146977868687031,,,821.3307674579555
one_pass,3667249,0,36672493,0,fm,bucket,0,-1,44,45,57507841,0.0019306977288832,0,0.4602690956250262,0.4536010423355021,0.1468817638953667,,,910.4627774169204
one_pass,3667249,0,16384,0,fm,bucket,0,-1,44,45,57507841,0.0019306977288832,1,0.6689056009054184,0.6426886608758466,0.2248774683710149,,,24.614172957953997
one_pass,3667249,0,65536,0,fm,bucket,0,-1,44,45,57507841,0.0019306977288832,1,0.6311947777867317,0.5973667290585728,0.2029446960656155,,,49.448940042057075
one_pass,3667249,0,262144,0,fm,bucket,0,-1,44,45,57507841,0.0019306977288832,1,0.575987221673131,0.5300971006639673,0.172961881553517,,,77.32114633300807
one_pass,3667249,0,1048576,0,fm,bucket,0,-1,44,45,57507841,0.0019306977288832,1,0.5171997239813209,0.4823450307204832,0.1556873943268853,,,115.81260279205162
one_pass,3667249,0,4194304,0,fm,bucket,0,-1,44,45,57507841,0.0019306977288832,1,0.4826548479613848,0.464896118887101,0.1504398601873042,,,197.1576232080115
one_pass,3667249,0,16777216,0,fm,bucket,0,-1,44,45,57507841,0.0019306977288832,1,0.465790520349401,0.4565105035256382,0.147806985645148,,,470.0751479170285
one_pass,3667249,0,33554432,0,fm,bucket,0,-1,44,45,57507841,0.0019306977288832,1,0.4604314415046246,0.4534519778859569,0.146812411441809,,,821.0392624579836
one_pass,3667249,0,36672493,0,fm,bucket,0,-1,44,45,57507841,0.0019306977288832,1,0.4598572372128807,0.4531551081195176,0.1467164396950663,,,909.1265124999918
one_pass,3667249,0,16384,0,fm,bucket,0,-1,44,45,57507841,0.0019306977288832,2,0.6685452163219452,0.6426365376971968,0.2248517962117432,,,24.67564837494865
one_pass,3667249,0,65536,0,fm,bucket,0,-1,44,45,57507841,0.0019306977288832,2,0.6310196779668331,0.5970978644167987,0.2028141200203004,,,49.916321333963424
one_pass,3667249,0,262144,0,fm,bucket,0,-1,44,45,57507841,0.0019306977288832,2,0.5755346911028028,0.529447220411556,0.1726818565350501,,,78.1475844590459
one_pass,3667249,0,1048576,0,fm,bucket,0,-1,44,45,57507841,0.0019306977288832,2,0.5167005880502984,0.4819578657745346,0.1555738722092662,,,116.03237520903348
one_pass,3667249,0,4194304,0,fm,bucket,0,-1,44,45,57507841,0.0019306977288832,2,0.4824217282584868,0.46483074966758,0.1504319680265979,,,197.71255437505897
one_pass,3667249,0,16777216,0,fm,bucket,0,-1,44,45,57507841,0.0019306977288832,2,0.4658431838906836,0.4566559972071994,0.147872939176182,,,468.13436954200733
one_pass,3667249,0,33554432,0,fm,bucket,0,-1,44,45,57507841,0.0019306977288832,2,0.4605626787779329,0.4536254086809788,0.146881354470046,,,822.5304637500085
one_pass,3667249,0,36672493,0,fm,bucket,0,-1,44,45,57507841,0.0019306977288832,2,0.4599965501678306,0.4533289015788285,0.1467868656701366,,,909.0936925839632
one_pass,3667249,0,16384,0,fm,bucket,0,-1,44,45,57507841,0.0037275937203149,0,0.659851685166359,0.6135693238925399,0.2106785817771925,,,24.871066749910824
one_pass,3667249,0,65536,0,fm,bucket,0,-1,44,45,57507841,0.0037275937203149,0,0.6022307947278023,0.5568335144024514,0.1844718081347683,,,49.86207516700961
one_pass,3667249,0,262144,0,fm,bucket,0,-1,44,45,57507841,0.0037275937203149,0,0.5388279226608574,0.4968155258846354,0.160464840025601,,,77.60628795891535
one_pass,3667249,0,1048576,0,fm,bucket,0,-1,44,45,57507841,0.0037275937203149,0,0.4939218838699162,0.4710612547737496,0.1523595328351654,,,115.25448766699992
one_pass,3667249,0,4194304,0,fm,bucket,0,-1,44,45,57507841,0.0037275937203149,0,0.4719091781880706,0.4602524497530409,0.14906295294417,,,197.98575999995228
one_pass,3667249,0,16777216,0,fm,bucket,0,-1,44,45,57507841,0.0037275937203149,0,0.4600424852615106,0.4528795675216099,0.1466320800143478,,,466.6542942089727
one_pass,3667249,0,33554432,0,fm,bucket,0,-1,44,45,57507841,0.0037275937203149,0,0.45565118304512,0.4497869591013411,0.1456086791677802,,,820.8414853339782
one_pass,3667249,0,36672493,0,fm,bucket,0,-1,44,45,57507841,0.0037275937203149,0,0.455157690912373,0.4495097731462297,0.1455145393480339,,,907.8055239589884
one_pass,3667249,0,16384,0,fm,bucket,0,-1,44,45,57507841,0.0037275937203149,1,0.6595880687236786,0.6133115344520131,0.2105536783446614,,,25.362636041943915
one_pass,3667249,0,65536,0,fm,bucket,0,-1,44,45,57507841,0.0037275937203149,1,0.602181401103735,0.5574684844232233,0.1847833091810571,,,51.91447208391037
one_pass,3667249,0,262144,0,fm,bucket,0,-1,44,45,57507841,0.0037275937203149,1,0.5392751381732523,0.4973110270472586,0.1606681717609422,,,81.77434145892039
one_pass,3667249,0,1048576,0,fm,bucket,0,-1,44,45,57507841,0.0037275937203149,1,0.4941049353219569,0.4709907174283347,0.1523399053214834,,,123.68961037497502
one_pass,3667249,0,4194304,0,fm,bucket,0,-1,44,45,57507841,0.0037275937203149,1,0.4718300136155449,0.4600674853202443,0.1489941540120096,,,212.89021012501323
one_pass,3667249,0,16777216,0,fm,bucket,0,-1,44,45,57507841,0.0037275937203149,1,0.4599053446072503,0.4527908341166228,0.1465936301368561,,,482.98527104198
one_pass,3667249,0,33554432,0,fm,bucket,0,-1,44,45,57507841,0.0037275937203149,1,0.4555640692524321,0.4497807995736692,0.1456030403292565,,,840.1597979589133
one_pass,3667249,0,36672493,0,fm,bucket,0,-1,44,45,57507841,0.0037275937203149,1,0.4550767837947387,0.4495110756180488,0.1455100848171875,,,927.4666624999372
one_pass,3667249,0,16384,0,fm,bucket,0,-1,44,45,57507841,0.0037275937203149,2,0.6593171805143356,0.6130520488855429,0.2104294527839864,,,26.21159462502692
one_pass,3667249,0,65536,0,fm,bucket,0,-1,44,45,57507841,0.0037275937203149,2,0.6019016951322556,0.5570335177396126,0.1845801562797001,,,53.063346582930535
one_pass,3667249,0,262144,0,fm,bucket,0,-1,44,45,57507841,0.0037275937203149,2,0.5389708178117871,0.4970203181599276,0.1605648588967023,,,82.29044591600541
one_pass,3667249,0,1048576,0,fm,bucket,0,-1,44,45,57507841,0.0037275937203149,2,0.4939180666115135,0.4708499499396419,0.1523050500352035,,,124.39212166599464
one_pass,3667249,0,4194304,0,fm,bucket,0,-1,44,45,57507841,0.0037275937203149,2,0.4716540218505543,0.4598379534367293,0.1489215045229172,,,212.84791183297057
one_pass,3667249,0,16777216,0,fm,bucket,0,-1,44,45,57507841,0.0037275937203149,2,0.4597357792954426,0.4525820137153054,0.1465261077246083,,,482.78021912497934
one_pass,3667249,0,33554432,0,fm,bucket,0,-1,44,45,57507841,0.0037275937203149,2,0.4553911045550194,0.4495880532969897,0.1455394994567569,,,836.2384465410141
one_pass,3667249,0,36672493,0,fm,bucket,0,-1,44,45,57507841,0.0037275937203149,2,0.4549050164211674,0.4493254792722206,0.1454508493182284,,,924.181826874963
one_pass,3667249,0,16384,0,fm,bucket,0,-1,44,45,57507841,0.0071968567300115,0,0.668951153755188,0.5757798067031795,0.1931317730475871,,,26.538901833002456
one_pass,3667249,0,65536,0,fm,bucket,0,-1,44,45,57507841,0.0071968567300115,0,0.5763163790106773,0.521075096606353,0.1697598789216008,,,53.446623165975325
one_pass,3667249,0,262144,0,fm,bucket,0,-1,44,45,57507841,0.0071968567300115,0,0.5157851264812052,0.4829733582181938,0.1563566869549515,,,83.35911491594743
one_pass,3667249,0,1048576,0,fm,bucket,0,-1,44,45,57507841,0.0071968567300115,0,0.4834373036865145,0.467458330411905,0.1515054647607034,,,125.25071379099973
one_pass,3667249,0,4194304,0,fm,bucket,0,-1,44,45,57507841,0.0071968567300115,0,0.4670557419885881,0.4574874228115116,0.1482131768869957,,,213.45764762500767
one_pass,3667249,0,16777216,0,fm,bucket,0,-1,44,45,57507841,0.0071968567300115,0,0.4562909323212807,0.4495986560613607,0.1455341609733143,,,482.5434572499944
one_pass,3667249,0,33554432,0,fm,bucket,0,-1,44,45,57507841,0.0071968567300115,0,0.4520128149815718,0.4464886833207371,0.1444946375001873,,,838.9041625829414
one_pass,3667249,0,36672493,0,fm,bucket,0,-1,44,45,57507841,0.0071968567300115,0,0.451530849136489,0.446206587490578,0.1443942571797582,,,924.7914338749832
one_pass,3667249,0,16384,0,fm,bucket,0,-1,44,45,57507841,0.0071968567300115,1,0.6679195761680603,0.5750932073372679,0.1928240841604598,,,27.80363279103767
one_pass,3667249,0,65536,0,fm,bucket,0,-1,44,45,57507841,0.0071968567300115,1,0.5764399170875549,0.5223840733750055,0.170347849858087,,,55.19008858304005
one_pass,3667249,0,262144,0,fm,bucket,0,-1,44,45,57507841,0.0071968567300115,1,0.5164133762009442,0.4835261109344895,0.1565574886298799,,,86.40673387504648
one_pass,3667249,0,1048576,0,fm,bucket,0,-1,44,45,57507841,0.0071968567300115,1,0.4837731799343601,0.4676210515592466,0.1515738218530408,,,128.91266833303962
one_pass,3667249,0,4194304,0,fm,bucket,0,-1,44,45,57507841,0.0071968567300115,1,0.4672037786513101,0.4577024708515652,0.1482950224599099,,,216.90847237501293
one_pass,3667249,0,16777216,0,fm,bucket,0,-1,44,45,57507841,0.0071968567300115,1,0.4565042910107877,0.4498357322355275,0.1456187487555307,,,488.0503072079737
one_pass,3667249,0,33554432,0,fm,bucket,0,-1,44,45,57507841,0.0071968567300115,1,0.4522204339336895,0.4466804100218509,0.1445657662721283,,,842.7562838330632
one_pass,3667249,0,36672493,0,fm,bucket,0,-1,44,45,57507841,0.0071968567300115,1,0.4517341709206881,0.446407063770572,0.1444657261025886,,,929.6117832500022
one_pass,3667249,0,16384,0,fm,bucket,0,-1,44,45,57507841,0.0071968567300115,2,0.6658821552991867,0.5747620693971299,0.192688884165432,,,26.42504999996163
one_pass,3667249,0,65536,0,fm,bucket,0,-1,44,45,57507841,0.0071968567300115,2,0.5761419050395489,0.5226227145524959,0.1704518635469659,,,53.56588025006931
one_pass,3667249,0,262144,0,fm,bucket,0,-1,44,45,57507841,0.0071968567300115,2,0.5161747303791344,0.4831413354945726,0.1564217031150352,,,83.35271270899102
one_pass,3667249,0,1048576,0,fm,bucket,0,-1,44,45,57507841,0.0071968567300115,2,0.4834139926824718,0.4671595003836032,0.1514086524254976,,,125.10630099999253
one_pass,3667249,0,4194304,0,fm,bucket,0,-1,44,45,57507841,0.0071968567300115,2,0.466745053534396,0.4571884641970298,0.1481195197846956,,,212.7342770000687
one_pass,3667249,0,16777216,0,fm,bucket,0,-1,44,45,57507841,0.0071968567300115,2,0.4561362650929368,0.4495443421243786,0.1455207491218457,,,486.0600237089675
one_pass,3667249,0,33554432,0,fm,bucket,0,-1,44,45,57507841,0.0071968567300115,2,0.4519155619891535,0.446460151149181,0.1444901518946247,,,839.8802350839833
one_pass,3667249,0,36672493,0,fm,bucket,0,-1,44,45,57507841,0.0071968567300115,2,0.4514339529767393,0.4461955600889049,0.1443976111803355,,,925.7805627089692
one_pass,3667249,0,16384,0,fm,bucket,0,-1,44,45,57507841,0.0138949549437313,0,0.8679322302341461,0.545145677931477,0.180634700999177,0.5501632173055886,0.1828948815968713,27.324048583046533
one_pass,3667249,0,65536,0,fm,bucket,0,-1,44,45,57507841,0.0138949549437313,0,0.6065643280744553,0.5036464976346817,0.1637152918880093,,,55.10991058300715
one_pass,3667249,0,262144,0,fm,bucket,0,-1,44,45,57507841,0.0138949549437313,0,0.5180359124206007,0.479476285666863,0.1556875135229122,0.4844958729930864,0.1576455095125404,85.50183500000276
one_pass,3667249,0,1048576,0,fm,bucket,0,-1,44,45,57507841,0.0138949549437313,0,0.4827058259397745,0.4663324151470462,0.1513193424165125,0.471712582960472,0.1533480371516772,127.21580495801754
one_pass,3667249,0,4194304,0,fm,bucket,0,-1,44,45,57507841,0.0138949549437313,0,0.4663188400445506,0.4568670358083314,0.1480968316869232,0.4622115253939112,0.150055492375231,214.95023304095955
one_pass,3667249,0,16777216,0,fm,bucket,0,-1,44,45,57507841,0.0138949549437313,0,0.4554887760023121,0.4487173234277578,0.1452713802370239,0.4542120871316293,0.1472781252729821,487.2252894999692
one_pass,3667249,0,33554432,0,fm,bucket,0,-1,44,45,57507841,0.0138949549437313,0,0.4509951550535334,0.445297343141199,0.1441092941374206,0.4509760721136514,0.1461549178140483,836.0519026250113
one_pass,3667249,0,36672493,0,fm,bucket,0,-1,44,45,57507841,0.0138949549437313,0,0.4504811649725738,0.4450003734084083,0.1440027489102033,0.4506783036885911,0.1460628821042559,922.1137140829816
one_pass,3667249,0,16384,0,fm,bucket,0,-1,44,45,57507841,0.0138949549437313,1,0.8577911257743835,0.5436197449211687,0.1800083667004309,0.5485436232135659,0.1822250694180591,27.377188040991314
one_pass,3667249,0,65536,0,fm,bucket,0,-1,44,45,57507841,0.0138949549437313,1,0.6035502515733242,0.5036571541169863,0.1637758118740313,,,55.33653445797973
one_pass,3667249,0,262144,0,fm,bucket,0,-1,44,45,57507841,0.0138949549437313,1,0.5175796938128769,0.4798189728894829,0.1558253978617969,0.4849154785446189,0.1578125579360129,85.89302079100162
one_pass,3667249,0,1048576,0,fm,bucket,0,-1,44,45,57507841,0.0138949549437313,1,0.4827134705847129,0.4665230549604084,0.1513953268046603,0.4719158522934028,0.1534254922804579,127.97572129091714
one_pass,3667249,0,4194304,0,fm,bucket,0,-1,44,45,57507841,0.0138949549437313,1,0.4662975404353346,0.4568670323798104,0.1480884973102552,0.4621509660897438,0.1500249481395232,216.49902074993588
one_pass,3667249,0,16777216,0,fm,bucket,0,-1,44,45,57507841,0.0138949549437313,1,0.4554615493470919,0.4487523057923342,0.1452838111253959,0.4542252777036911,0.1472807166856129,488.03160154097714
one_pass,3667249,0,33554432,0,fm,bucket,0,-1,44,45,57507841,0.0138949549437313,1,0.4509817419675528,0.4453044693120672,0.1441157190376092,0.4509595638184259,0.1461475788984604,837.5800485829823
one_pass,3667249,0,36672493,0,fm,bucket,0,-1,44,45,57507841,0.0138949549437313,1,0.4504635522315521,0.4450032700359653,0.144008333263537,0.4506394150669312,0.1460464557789754,923.4784438749776
one_pass,3667249,0,16384,0,fm,bucket,0,-1,44,45,57507841,0.0138949549437313,2,0.8357121646404266,0.5488501386544373,0.1823643588114421,0.5542118680351584,0.1847637049430382,26.707945916918103
one_pass,3667249,0,65536,0,fm,bucket,0,-1,44,45,57507841,0.0138949549437313,2,0.6019023582339287,0.5079560327606237,0.1654896532532897,,,54.88036850001663
one_pass,3667249,0,262144,0,fm,bucket,0,-1,44,45,57507841,0.0138949549437313,2,0.5185721931047738,0.4812220903799488,0.1562872620697273,0.486251802847613,0.1582523297699986,85.9810005419422
one_pass,3667249,0,1048576,0,fm,bucket,0,-1,44,45,57507841,0.0138949549437313,2,0.4835043079219758,0.4667979569080744,0.1514816358209111,0.4722355423820211,0.153530506812862,127.81247245892882
one_pass,3667249,0,4194304,0,fm,bucket,0,-1,44,45,57507841,0.0138949549437313,2,0.4664992912148591,0.4568154882617105,0.1480797210904356,0.4621136414861239,0.1500194732874909,216.81458429200575
one_pass,3667249,0,16777216,0,fm,bucket,0,-1,44,45,57507841,0.0138949549437313,2,0.4555128567080828,0.4487296956418199,0.1452804025031536,0.4541807414691568,0.1472679749618702,486.8408387500094
one_pass,3667249,0,33554432,0,fm,bucket,0,-1,44,45,57507841,0.0138949549437313,2,0.451012343630282,0.4452646070170787,0.1440998448506673,0.4509354390072591,0.1461370978865281,832.6002034170087
one_pass,3667249,0,36672493,0,fm,bucket,0,-1,44,45,57507841,0.0138949549437313,2,0.4504932660638873,0.4449917723810176,0.1440069291127702,0.4506387676889399,0.1460452039244419,916.1076603339752
one_pass,3667249,0,16384,0,fm,bucket,0,-1,44,45,57507841,0.0268269579527972,0,2.273616909980774,0.5858091539562676,0.1936554038467744,,,27.162786499946375
one_pass,3667249,0,65536,0,fm,bucket,0,-1,44,45,57507841,0.0268269579527972,0,0.956634795293212,0.5014824212378144,0.1639851334185987,0.5072677026040915,0.1662261653904325,54.66976287495345
one_pass,3667249,0,262144,0,fm,bucket,0,-1,44,45,57507841,0.0268269579527972,0,0.6082733822986484,0.4834539685952161,0.1575250758694384,,,85.17535224999301
one_pass,3667249,0,1048576,0,fm,bucket,0,-1,44,45,57507841,0.0268269579527972,0,0.5078148831380531,0.4691993711584757,0.1525264120311696,,,128.0718924999237
one_pass,3667249,0,4194304,0,fm,bucket,0,-1,44,45,57507841,0.0268269579527972,0,0.4742720994690899,0.4587951131724636,0.14887887338268,,,215.76452570792753
one_pass,3667249,0,16777216,0,fm,bucket,0,-1,44,45,57507841,0.0268269579527972,0,0.4587215964493225,0.4503263824004614,0.1458960434463514,,,489.1199973329203
one_pass,3667249,0,33554432,0,fm,bucket,0,-1,44,45,57507841,0.0268269579527972,0,0.453235626580863,0.4464323148874956,0.1445423977261162,,,836.059104999993
one_pass,3667249,0,36672493,0,fm,bucket,0,-1,44,45,57507841,0.0268269579527972,0,0.4526191952553643,0.4461696181017035,0.1444453269636451,,,919.2390316670062
one_pass,3667249,0,16384,0,fm,bucket,0,-1,44,45,57507841,0.0268269579527972,1,2.2214082777500153,0.546796546892007,0.1816654869648135,,,26.795704208081588
one_pass,3667249,0,65536,0,fm,bucket,0,-1,44,45,57507841,0.0268269579527972,1,0.9409251641482116,0.5007544784691661,0.1637459392306604,0.5064826370743277,0.1659518678876864,55.05922904110048
one_pass,3667249,0,262144,0,fm,bucket,0,-1,44,45,57507841,0.0268269579527972,1,0.6043517403304577,0.4836147354123693,0.1576035284548317,,,85.7143656250555
one_pass,3667249,0,1048576,0,fm,bucket,0,-1,44,45,57507841,0.0268269579527972,1,0.5070472077932209,0.4697233360553821,0.1527182506268921,,,126.83598020800856
one_pass,3667249,0,4194304,0,fm,bucket,0,-1,44,45,57507841,0.0268269579527972,1,0.4742024479201063,0.4589258589212454,0.1489249355853286,,,214.4210991250584
one_pass,3667249,0,16777216,0,fm,bucket,0,-1,44,45,57507841,0.0268269579527972,1,0.4587240134715102,0.4503592796584104,0.1459059762527582,,,486.1979611250572
one_pass,3667249,0,33554432,0,fm,bucket,0,-1,44,45,57507841,0.0268269579527972,1,0.4532337112104869,0.4464386590493437,0.1445462106808277,,,833.5188310830854
one_pass,3667249,0,36672493,0,fm,bucket,0,-1,44,45,57507841,0.0268269579527972,1,0.4526119024201116,0.4461652543068312,0.1444470717179992,,,917.326957375044
one_pass,3667249,0,16384,0,fm,bucket,0,-1,44,45,57507841,0.0268269579527972,2,2.172380045056343,0.6041020858693861,0.1990367934169796,,,26.572012042044665
one_pass,3667249,0,65536,0,fm,bucket,0,-1,44,45,57507841,0.0268269579527972,2,0.9422229789197444,0.5103314338171046,0.1671024666045903,0.5160479748423148,0.169326141760536,54.308714249986224
one_pass,3667249,0,262144,0,fm,bucket,0,-1,44,45,57507841,0.0268269579527972,2,0.608926453627646,0.488106601074775,0.1591606014196824,,,85.17187908408232
one_pass,3667249,0,1048576,0,fm,bucket,0,-1,44,45,57507841,0.0268269579527972,2,0.5096409373218194,0.4702783368162682,0.1529262157720011,,,127.06796704197768
one_pass,3667249,0,4194304,0,fm,bucket,0,-1,44,45,57507841,0.0268269579527972,2,0.4748120223521255,0.4587821651799114,0.1488805049742055,,,215.50123637507204
one_pass,3667249,0,16777216,0,fm,bucket,0,-1,44,45,57507841,0.0268269579527972,2,0.4587648209344479,0.4502023689021305,0.1458550011343299,,,486.34942574996967
one_pass,3667249,0,33554432,0,fm,bucket,0,-1,44,45,57507841,0.0268269579527972,2,0.4531726360255561,0.4462609724279023,0.1444773555309093,,,832.2019603339722
one_pass,3667249,0,36672493,0,fm,bucket,0,-1,44,45,57507841,0.0268269579527972,2,0.4525428938951879,0.4459988013309075,0.1443874423052803,,,916.0140093750088
one_pass,3667249,0,16384,0,fm,bucket,0,-1,44,45,57507841,0.0517947467923121,0,8.550525665283203,0.7430714324910469,0.2275290203687109,,,26.91134445904754
one_pass,3667249,0,65536,0,fm,bucket,0,-1,44,45,57507841,0.0517947467923121,0,2.6281886771321297,0.5973309303198787,0.1848279842790127,,,54.93488112499472
one_pass,3667249,0,262144,0,fm,bucket,0,-1,44,45,57507841,0.0517947467923121,0,1.074570712633431,0.5287264488372464,0.1699769738968601,,,86.17271487507969
one_pass,3667249,0,1048576,0,fm,bucket,0,-1,44,45,57507841,0.0517947467923121,0,0.6436291011050344,0.4858188816329328,0.158014435750446,,,128.04111175006256
one_pass,3667249,0,4194304,0,fm,bucket,0,-1,44,45,57507841,0.0517947467923121,0,0.5152147412591148,0.4651205450504612,0.1511917807984081,,,215.624359791982
one_pass,3667249,0,16777216,0,fm,bucket,0,-1,44,45,57507841,0.0517947467923121,0,0.472249184960674,0.4539640378728818,0.1472366164990312,,,483.7299871670548
one_pass,3667249,0,33554432,0,fm,bucket,0,-1,44,45,57507841,0.0517947467923121,0,0.461558878665528,0.4492799917462752,0.1455784395761333,,,818.781065584044
one_pass,3667249,0,36672493,0,fm,bucket,0,-1,44,45,57507841,0.0517947467923121,0,0.460472960209482,0.4490240990567563,0.1454844144953367,,,895.7258365839953
one_pass,3667249,0,16384,0,fm,bucket,0,-1,44,45,57507841,0.0517947467923121,1,8.385712325572968,0.7092455132334138,0.2216916553216769,,,27.043447750038467
one_pass,3667249,0,65536,0,fm,bucket,0,-1,44,45,57507841,0.0517947467923121,1,2.583545483648777,0.5911743218372936,0.1862232596801575,,,54.370201874990016
one_pass,3667249,0,262144,0,fm,bucket,0,-1,44,45,57507841,0.0517947467923121,1,1.062350181862712,0.52781532551191,0.1695052142018073,,,85.181156167062
one_pass,3667249,0,1048576,0,fm,bucket,0,-1,44,45,57507841,0.0517947467923121,1,0.6410106723196805,0.4866563810119484,0.1582092451362958,,,127.26564679201692
one_pass,3667249,0,4194304,0,fm,bucket,0,-1,44,45,57507841,0.0517947467923121,1,0.5148725541657768,0.4653424619558765,0.1512605800268193,,,214.41394720808603
one_pass,3667249,0,16777216,0,fm,bucket,0,-1,44,45,57507841,0.0517947467923121,1,0.4722592817342956,0.4539657150986873,0.1472358121130867,,,483.3593326250557
one_pass,3667249,0,33554432,0,fm,bucket,0,-1,44,45,57507841,0.0517947467923121,1,0.4615782014370779,0.4493175301498004,0.1455986003979179,,,819.917751167086
one_pass,3667249,0,36672493,0,fm,bucket,0,-1,44,45,57507841,0.0517947467923121,1,0.4604815140912237,0.4491019998799496,0.1455230095656989,,,896.6404041250935
one_pass,3667249,0,16384,0,fm,bucket,0,-1,44,45,57507841,0.0517947467923121,2,8.332044512033463,0.8006390409413962,0.2325734661729752,,,26.57276099990122
one_pass,3667249,0,65536,0,fm,bucket,0,-1,44,45,57507841,0.0517947467923121,2,2.573474403470754,0.6063366554802789,0.1879091502501789,,,54.818795208935626
one_pass,3667249,0,262144,0,fm,bucket,0,-1,44,45,57507841,0.0517947467923121,2,1.0669115791097283,0.5318613843728225,0.1715108896707023,,,85.94200962490868
one_pass,3667249,0,1048576,0,fm,bucket,0,-1,44,45,57507841,0.0517947467923121,2,0.6417408405104652,0.4849834245339903,0.1578691113912199,,,127.03990520897788
one_pass,3667249,0,4194304,0,fm,bucket,0,-1,44,45,57507841,0.0517947467923121,2,0.5142024826491252,0.4647382008047283,0.1510438656157243,,,215.3186831669882
one_pass,3667249,0,16777216,0,fm,bucket,0,-1,44,45,57507841,0.0517947467923121,2,0.4717968123295577,0.4538411719970537,0.1471866234138641,,,482.401579458965
one_pass,3667249,0,33554432,0,fm,bucket,0,-1,44,45,57507841,0.0517947467923121,2,0.4612626242196711,0.449228298524128,0.1455460515916891,,,812.3003972499864
one_pass,3667249,0,36672493,0,fm,bucket,0,-1,44,45,57507841,0.0517947467923121,2,0.4601810500312482,0.449047730300706,0.1454838741387941,,,888.1424883339787
one_pass,3667249,0,16384,0,fm,bucket,0,-1,44,45,57507841,0.1,0,33.443731874227524,1.5947521211852134,0.25870985246112,,,26.69168016605545
one_pass,3667249,0,65536,0,fm,bucket,0,-1,44,45,57507841,0.1,0,9.2576959207654,1.030391825700801,0.2293093984038484,,,54.19463470811024
one_pass,3667249,0,262144,0,fm,bucket,0,-1,44,45,57507841,0.1,0,2.9703391110524535,0.7528899084747988,0.2050831734322321,,,84.21284020808525
one_pass,3667249,0,1048576,0,fm,bucket,0,-1,44,45,57507841,0.1,0,1.2076141913421452,0.5562804510421832,0.1744410925972372,,,125.5425136249978
one_pass,3667249,0,4194304,0,fm,bucket,0,-1,44,45,57507841,0.1,0,0.682384987390833,0.4856247199296468,0.1573707849758561,,,213.79451912501827
one_pass,3667249,0,16777216,0,fm,bucket,0,-1,44,45,57507841,0.1,0,0.522917601352674,0.4621737017507553,0.1499836698004617,,,477.0663944160333
one_pass,3667249,0,33554432,0,fm,bucket,0,-1,44,45,57507841,0.1,0,0.4903612488415092,0.4554429090869285,0.147691878635455,,,800.8868183750892
one_pass,3667249,0,36672493,0,fm,bucket,0,-1,44,45,57507841,0.1,0,0.4873306168450131,0.4552997060102191,0.1476695703528982,,,871.6673117080936
one_pass,3667249,0,16384,0,fm,bucket,0,-1,44,45,57507841,0.1,1,33.15605266392231,2.1773560663231786,0.253720121035102,,,26.889094291022047
one_pass,3667249,0,65536,0,fm,bucket,0,-1,44,45,57507841,0.1,1,9.281868424266577,1.033614458868533,0.2330178726233683,,,54.19782845804002
one_pass,3667249,0,262144,0,fm,bucket,0,-1,44,45,57507841,0.1,1,2.976030002348125,0.7545336097627136,0.2060753877479662,,,83.62508404103573
one_pass,3667249,0,1048576,0,fm,bucket,0,-1,44,45,57507841,0.1,1,1.2107912034261972,0.5587265678936028,0.1749258023685841,,,124.63824804103932
one_pass,3667249,0,4194304,0,fm,bucket,0,-1,44,45,57507841,0.1,1,0.6840173799137119,0.4861478630799765,0.1574725654093861,,,208.92845016601495
one_pass,3667249,0,16777216,0,fm,bucket,0,-1,44,45,57507841,0.1,1,0.5235040189654683,0.4624304846973546,0.1500557283340336,,,469.4287612499902
one_pass,3667249,0,33554432,0,fm,bucket,0,-1,44,45,57507841,0.1,1,0.4907434233864478,0.4555080394616977,0.1477049699185478,,,770.2602464579977
one_pass,3667249,0,36672493,0,fm,bucket,0,-1,44,45,57507841,0.1,1,0.4876822736087357,0.4553790224131372,0.1476943624258136,,,841.0530317500234
one_pass,3667249,0,16384,0,fm,bucket,0,-1,44,45,57507841,0.1,2,32.76348061859608,1.842130320261526,0.2568265957356589,,,26.523578459047712
one_pass,3667249,0,65536,0,fm,bucket,0,-1,44,45,57507841,0.1,2,9.114042151719332,1.0438056902504886,0.2325143815122959,,,53.96762329200283
one_pass,3667249,0,262144,0,fm,bucket,0,-1,44,45,57507841,0.1,2,2.944413756020367,0.7673607451795563,0.2073193453624043,,,82.96730608399957
one_pass,3667249,0,1048576,0,fm,bucket,0,-1,44,45,57507841,0.1,2,1.2074598581530154,0.561772864491595,0.1754454222925325,,,123.0919981249608
one_pass,3667249,0,4194304,0,fm,bucket,0,-1,44,45,57507841,0.1,2,0.6835381668061018,0.486075938728064,0.1574290957178264,,,202.1070506250253
one_pass,3667249,0,16777216,0,fm,bucket,0,-1,44,45,57507841,0.1,2,0.5232202238112222,0.4622488155259164,0.1500075633578885,,,431.7494424999458
one_pass,3667249,0,33554432,0,fm,bucket,0,-1,44,45,57507841,0.1,2,0.4905187139011104,0.4553670797095372,0.1476587581841189,,,732.3773094170028
one_pass,3667249,0,36672493,0,fm,bucket,0,-1,44,45,57507841,0.1,2,0.4874651576038424,0.4552366330476166,0.1476398366029065,,,833.794272750034
one_pass,3667249,0,16384,0,spectral-old,bucket,9,4,0,45,57507885,0.001,0,0.6755625307559967,0.6603713954499932,0.2338819727316258,,,35.567389959003776
one_pass,3667249,0,65536,0,spectral-old,bucket,9,4,0,45,57507885,0.001,0,0.6526092812418938,0.6298658911711851,0.2190490425966025,,,71.80469737504609
one_pass,3667249,0,262144,0,spectral-old,bucket,9,4,0,45,57507885,0.001,0,0.6166837252676487,0.5862378238448782,0.198473230935198,,,111.73092395905404
one_pass,3667249,0,1048576,0,spectral-old,bucket,9,4,0,45,57507885,0.001,0,0.5755801037885249,0.5463816040091736,0.1814599292622268,,,163.7311642919667
one_pass,3667249,0,4194304,0,spectral-old,bucket,9,4,0,45,57507885,0.001,0,0.5395396709791385,0.5143050382035307,0.1692650401392446,,,264.6081553340191
one_pass,3667249,0,16777216,0,spectral-old,bucket,9,4,0,45,57507885,0.001,0,0.5099985152701265,0.4901933819588208,0.1603457863838292,,,562.5016551669687
one_pass,3667249,0,33554432,0,spectral-old,bucket,9,4,0,45,57507885,0.001,0,0.4980492109134502,0.4810540783523476,0.1569904975764174,,,979.2163643339882
one_pass,3667249,0,36672493,0,spectral-old,bucket,9,4,0,45,57507885,0.001,0,0.4966471900036843,0.4799831335163364,0.1565975756977051,,,1089.4658703750465
one_pass,3667249,0,16384,0,spectral-old,bucket,9,4,0,45,57507885,0.001,1,0.6590563952922821,0.6471810281541721,0.2274973502915946,,,34.304540457902476
one_pass,3667249,0,65536,0,spectral-old,bucket,9,4,0,45,57507885,0.001,1,0.6389370672404766,0.6188862173460493,0.2138626412312524,,,69.1934394169366
one_pass,3667249,0,262144,0,spectral-old,bucket,9,4,0,45,57507885,0.001,1,0.6070415964350104,0.5800921445484905,0.1958391018622648,,,107.15750062500592
one_pass,3667249,0,1048576,0,spectral-old,bucket,9,4,0,45,57507885,0.001,1,0.5711539136245847,0.5448768960668482,0.18099978901284,,,157.7101952919038
one_pass,3667249,0,4194304,0,spectral-old,bucket,9,4,0,45,57507885,0.001,1,0.5389592869614717,0.5155872173260053,0.1697370695340737,,,253.37810849992093
one_pass,3667249,0,16777216,0,spectral-old,bucket,9,4,0,45,57507885,0.001,1,0.5116505175610655,0.4928856130117475,0.1612872413166568,,,555.840979832923
one_pass,3667249,0,33554432,0,spectral-old,bucket,9,4,0,45,57507885,0.001,1,0.5004478735681914,0.4843325862729297,0.1581607703017421,,,985.3817521249877
one_pass,3667249,0,36672493,0,spectral-old,bucket,9,4,0,45,57507885,0.001,1,0.4991356902859858,0.4833335092149061,0.1577941437725766,,,1086.75761820795
one_pass,3667249,0,16384,0,spectral-old,bucket,9,4,0,45,57507885,0.001,2,0.6780680567026138,0.6638904509122471,0.2356462329834059,,,34.78369320894126
one_pass,3667249,0,65536,0,spectral-old,bucket,9,4,0,45,57507885,0.001,2,0.6554641611874104,0.6318602714842331,0.2201240548867704,,,69.35903683397919
one_pass,3667249,0,262144,0,spectral-old,bucket,9,4,0,45,57507885,0.001,2,0.6186470221728086,0.5861777544796872,0.1986616864012295,,,107.40506416698918
one_pass,3667249,0,1048576,0,spectral-old,bucket,9,4,0,45,57507885,0.001,2,0.5767005258239806,0.5473196712087718,0.1820113895459454,,,157.39260299992748
one_pass,3667249,0,4194304,0,spectral-old,bucket,9,4,0,45,57507885,0.001,2,0.5427217044634745,0.518413830543553,0.1709022668383816,,,253.46422862494364
one_pass,3667249,0,16777216,0,spectral-old,bucket,9,4,0,45,57507885,0.001,2,0.514115417819994,0.4939214759895007,0.1617176711250016,,,556.6048355000094
one_pass,3667249,0,33554432,0,spectral-old,bucket,9,4,0,45,57507885,0.001,2,0.502071508213703,0.4847923601166125,0.1583365017774732,,,986.8475793339312
one_pass,3667249,0,36672493,0,spectral-old,bucket,9,4,0,45,57507885,0.001,2,0.500650314026958,0.4837580115864774,0.1579540191592964,,,1088.2066539169757
one_pass,3667249,0,16384,0,spectral-old,bucket,9,4,0,45,57507885,0.0019306977288832,0,0.6644413769245148,0.6385162313118994,0.2232295328763348,,,34.110920000006445
one_pass,3667249,0,65536,0,spectral-old,bucket,9,4,0,45,57507885,0.0019306977288832,0,0.6274401247501373,0.5942330753171728,0.2021440914835068,,,68.77529475011397
one_pass,3667249,0,262144,0,spectral-old,bucket,9,4,0,45,57507885,0.0019306977288832,0,0.5826677456498146,0.5509898991483588,0.18328551879242,,,107.1357066250639
one_pass,3667249,0,1048576,0,spectral-old,bucket,9,4,0,45,57507885,0.0019306977288832,0,0.5439395145513117,0.5172751241393124,0.1703729880701532,,,157.7634455841035
one_pass,3667249,0,4194304,0,spectral-old,bucket,9,4,0,45,57507885,0.0019306977288832,0,0.5126342468429357,0.4919797969370262,0.1610074366905086,,,252.4746248750016
one_pass,3667249,0,16777216,0,spectral-old,bucket,9,4,0,45,57507885,0.0019306977288832,0,0.4898153269023169,0.4745296732113518,0.1546107816497258,,,555.1670124590164
one_pass,3667249,0,33554432,0,spectral-old,bucket,9,4,0,45,57507885,0.0019306977288832,0,0.4805158144736197,0.4673134449566227,0.1519966237947098,,,983.8603894170374
one_pass,3667249,0,36672493,0,spectral-old,bucket,9,4,0,45,57507885,0.0019306977288832,0,0.4794320720416229,0.4665269572230985,0.1517093245082474,,,1085.8873409170192
one_pass,3667249,0,16384,0,spectral-old,bucket,9,4,0,45,57507885,0.0019306977288832,1,0.6486041694879532,0.6268115332682347,0.2176535527531207,,,34.66065783298109
one_pass,3667249,0,65536,0,spectral-old,bucket,9,4,0,45,57507885,0.0019306977288832,1,0.6162031143903732,0.5871749232429061,0.1990347167634872,,,69.71469562500715
one_pass,3667249,0,262144,0,spectral-old,bucket,9,4,0,45,57507885,0.0019306977288832,1,0.5770698571577668,0.5490038508269931,0.18263855673729,,,107.7758061659988
one_pass,3667249,0,1048576,0,spectral-old,bucket,9,4,0,45,57507885,0.0019306977288832,1,0.5426260128151625,0.5181931970766726,0.1707258128883995,,,158.60631499998271
one_pass,3667249,0,4194304,0,spectral-old,bucket,9,4,0,45,57507885,0.0019306977288832,1,0.5136901848309208,0.4942420936428335,0.1617933442849967,,,254.78093187499329
one_pass,3667249,0,16777216,0,spectral-old,bucket,9,4,0,45,57507885,0.0019306977288832,1,0.4923479230710654,0.47776093792364,0.155765929000391,,,558.4816591660492
one_pass,3667249,0,33554432,0,spectral-old,bucket,9,4,0,45,57507885,0.0019306977288832,1,0.483667831733328,0.471200282657527,0.1533778506730332,,,994.3947166659636
one_pass,3667249,0,36672493,0,spectral-old,bucket,9,4,0,45,57507885,0.0019306977288832,1,0.4826569451777419,0.4704574261355158,0.1531037120156613,,,1095.1809709160589
one_pass,3667249,0,16384,0,spectral-old,bucket,9,4,0,45,57507885,0.0019306977288832,2,0.6666140705347061,0.641156343892903,0.2246051849612394,,,33.599846209050156
one_pass,3667249,0,65536,0,spectral-old,bucket,9,4,0,45,57507885,0.0019306977288832,2,0.6292687952518463,0.5946084325300736,0.2025243121732475,,,67.85971458407585
one_pass,3667249,0,262144,0,spectral-old,bucket,9,4,0,45,57507885,0.0019306977288832,2,0.5835185507312417,0.5511539874167763,0.183547560427797,,,104.53313916700426
one_pass,3667249,0,1048576,0,spectral-old,bucket,9,4,0,45,57507885,0.0019306977288832,2,0.5464407133404166,0.5209548016419316,0.1718640867614181,,,158.26054483407643
one_pass,3667249,0,4194304,0,spectral-old,bucket,9,4,0,45,57507885,0.0019306977288832,2,0.5162098270084243,0.4952097235341917,0.1622056847772749,,,253.6854774170788
one_pass,3667249,0,16777216,0,spectral-old,bucket,9,4,0,45,57507885,0.0019306977288832,2,0.493294350359065,0.4779918397642503,0.1558395771993369,,,586.829038041993
one_pass,3667249,0,33554432,0,spectral-old,bucket,9,4,0,45,57507885,0.0019306977288832,2,0.4841994725466065,0.4713398784641543,0.1534139013198097,,,998.234801667044
one_pass,3667249,0,36672493,0,spectral-old,bucket,9,4,0,45,57507885,0.0019306977288832,2,0.4831436949594154,0.4705921871284042,0.1531383971907134,,,1139.980827084044
one_pass,3667249,0,16384,0,spectral-old,bucket,9,4,0,45,57507885,0.0037275937203149,0,0.6460108458995819,0.6057414562496007,0.2075050483086056,,,33.957373291952536
one_pass,3667249,0,65536,0,spectral-old,bucket,9,4,0,45,57507885,0.0037275937203149,0,0.5957765355706215,0.5584039249097394,0.1862997761597822,,,67.63046433392446
one_pass,3667249,0,262144,0,spectral-old,bucket,9,4,0,45,57507885,0.0037275937203149,0,0.5518231559544802,0.5223706358895174,0.1722802084912601,,,103.33150299999396
one_pass,3667249,0,1048576,0,spectral-old,bucket,9,4,0,45,57507885,0.0037275937203149,0,0.5168861941201612,0.4946582761523637,0.1619940842515405,,,158.79974487493746
one_pass,3667249,0,4194304,0,spectral-old,bucket,9,4,0,45,57507885,0.0037275937203149,0,0.4925516818184405,0.4767082119285578,0.1554006243258385,,,256.74140333395917
one_pass,3667249,0,16777216,0,spectral-old,bucket,9,4,0,45,57507885,0.0037275937203149,0,0.4751653782659559,0.4635767915134738,0.1506444833849179,,,588.6553281249944
one_pass,3667249,0,33554432,0,spectral-old,bucket,9,4,0,45,57507885,0.0037275937203149,0,0.4682819821682642,0.4588357918748563,0.1489464461026479,,,1001.2640208340016
one_pass,3667249,0,36672493,0,spectral-old,bucket,9,4,0,45,57507885,0.0037275937203149,0,0.4675156329167796,0.4583973411415418,0.1487875811543191,,,1141.8881707920227
one_pass,3667249,0,16384,0,spectral-old,bucket,9,4,0,45,57507885,0.0037275937203149,1,0.6317751556634903,0.5972602827691507,0.2036675405237087,,,32.524238666985184
one_pass,3667249,0,65536,0,spectral-old,bucket,9,4,0,45,57507885,0.0037275937203149,1,0.5885054245591164,0.5557951344242874,0.1853886568771047,,,65.94191712501924
one_pass,3667249,0,262144,0,spectral-old,bucket,9,4,0,45,57507885,0.0037275937203149,1,0.5492912782356143,0.5225424449608298,0.1724023876559725,,,103.27751520904712
one_pass,3667249,0,1048576,0,spectral-old,bucket,9,4,0,45,57507885,0.0037275937203149,1,0.5170552532654256,0.4962474056319176,0.162556490086819,,,156.3724900420057
one_pass,3667249,0,4194304,0,spectral-old,bucket,9,4,0,45,57507885,0.0037275937203149,1,0.4939650162414182,0.4788346971160195,0.1561661956464775,,,256.05350645899307
one_pass,3667249,0,16777216,0,spectral-old,bucket,9,4,0,45,57507885,0.0037275937203149,1,0.477538918639766,0.4664626579417864,0.1516531663964602,,,587.1847843750147
one_pass,3667249,0,33554432,0,spectral-old,bucket,9,4,0,45,57507885,0.0037275937203149,1,0.4709394611199968,0.4615914134979173,0.1499032353751601,,,1005.9822996670846
one_pass,3667249,0,36672493,0,spectral-old,bucket,9,4,0,45,57507885,0.0037275937203149,1,0.4701835746411332,0.4610789589781016,0.1497210166717249,,,1144.0722322920335
one_pass,3667249,0,16384,0,spectral-old,bucket,9,4,0,45,57507885,0.0037275937203149,2,0.647898480296135,0.607526962922725,0.2085356311693251,,,32.74874845799059
one_pass,3667249,0,65536,0,spectral-old,bucket,9,4,0,45,57507885,0.0037275937203149,2,0.5967101790010929,0.558314570463128,0.1864895186127012,,,71.0368387500057
one_pass,3667249,0,262144,0,spectral-old,bucket,9,4,0,45,57507885,0.0037275937203149,2,0.5532817775383592,0.5247424595606358,0.1733333832680881,,,108.97957295796368
one_pass,3667249,0,1048576,0,spectral-old,bucket,9,4,0,45,57507885,0.0037275937203149,2,0.5195503924041986,0.4969371291260609,0.1628568440976888,,,156.96278449997772
one_pass,3667249,0,4194304,0,spectral-old,bucket,9,4,0,45,57507885,0.0037275937203149,2,0.4948132225254085,0.4789930508735348,0.1562168009656316,,,264.4162758330349
one_pass,3667249,0,16777216,0,spectral-old,bucket,9,4,0,45,57507885,0.0037275937203149,2,0.4778977137320908,0.4667087084060899,0.1517461831459084,,,589.1264080830151
one_pass,3667249,0,33554432,0,spectral-old,bucket,9,4,0,45,57507885,0.0037275937203149,2,0.4712826284412585,0.4620518148541416,0.1500749660914535,,,1033.9067072910257
one_pass,3667249,0,36672493,0,spectral-old,bucket,9,4,0,45,57507885,0.0037275937203149,2,0.4705247533661852,0.4615384908148044,0.1498894218258575,,,1169.150530832936
one_pass,3667249,0,16384,0,spectral-old,bucket,9,4,0,45,57507885,0.0071968567300115,0,0.6203250139951706,0.5694591792482445,0.190945136739688,,,37.51490116596688
one_pass,3667249,0,65536,0,spectral-old,bucket,9,4,0,45,57507885,0.0071968567300115,0,0.5662678480148315,0.5308048727380221,0.1754640691693267,,,74.3690405410016
one_pass,3667249,0,262144,0,spectral-old,bucket,9,4,0,45,57507885,0.0071968567300115,0,0.525335212238133,0.499408054342528,0.1637673541538246,,,111.60922208300326
one_pass,3667249,0,1048576,0,spectral-old,bucket,9,4,0,45,57507885,0.0071968567300115,0,0.4971476005157456,0.4802612875859123,0.1566961193028587,,,160.52779666602146
one_pass,3667249,0,4194304,0,spectral-old,bucket,9,4,0,45,57507885,0.0071968567300115,0,0.4786822048481554,0.4666688147750855,0.1517567382089008,,,289.2916134999832
one_pass,3667249,0,16777216,0,spectral-old,bucket,9,4,0,45,57507885,0.0071968567300115,0,0.4657306699373293,0.4573566176927296,0.1484237373609053,,,605.0475924160564
one_pass,3667249,0,33554432,0,spectral-old,bucket,9,4,0,45,57507885,0.0071968567300115,0,0.4607655366635299,0.4540478081242709,0.1472657522334121,,,1100.7114023329923
one_pass,3667249,0,36672493,0,spectral-old,bucket,9,4,0,45,57507885,0.0071968567300115,0,0.4602192732338494,0.4537855867312062,0.147165649198778,,,1205.897742333007
one_pass,3667249,0,16384,0,spectral-old,bucket,9,4,0,45,57507885,0.0071968567300115,1,0.6088490933179855,0.5655107864608768,0.1894440888283883,,,36.85403966601007
one_pass,3667249,0,65536,0,spectral-old,bucket,9,4,0,45,57507885,0.0071968567300115,1,0.5622040815651417,0.530346573464597,0.1754346426880452,,,73.2858532910468
one_pass,3667249,0,262144,0,spectral-old,bucket,9,4,0,45,57507885,0.0071968567300115,1,0.5244385711848736,0.5003435251464898,0.1640987348565485,,,110.71397849998904
one_pass,3667249,0,1048576,0,spectral-old,bucket,9,4,0,45,57507885,0.0071968567300115,1,0.4976411138195544,0.4812565757887311,0.1570763743560327,,,161.71043408301193
one_pass,3667249,0,4194304,0,spectral-old,bucket,9,4,0,45,57507885,0.0071968567300115,1,0.4797432723280508,0.468247740090783,0.1523074374391857,,,272.5219733749982
one_pass,3667249,0,16777216,0,spectral-old,bucket,9,4,0,45,57507885,0.0071968567300115,1,0.4671985154054709,0.4588617617828673,0.1489483583469092,,,632.8309474160196
one_pass,3667249,0,33554432,0,spectral-old,bucket,9,4,0,45,57507885,0.0071968567300115,1,0.462171173592651,0.4552042096911546,0.1476650617662591,,,1132.3122350829651
one_pass,3667249,0,36672493,0,spectral-old,bucket,9,4,0,45,57507885,0.0071968567300115,1,0.4616044750586633,0.4548685820528653,0.14754545258925,,,1271.6715408749878
one_pass,3667249,0,16384,0,spectral-old,bucket,9,4,0,45,57507885,0.0071968567300115,2,0.6218568682670593,0.5702867039812471,0.1915647735308839,,,37.676128459046595
one_pass,3667249,0,65536,0,spectral-old,bucket,9,4,0,45,57507885,0.0071968567300115,2,0.5676324926316738,0.5328679518704179,0.1764793601773925,,,73.36638783407398
one_pass,3667249,0,262144,0,spectral-old,bucket,9,4,0,45,57507885,0.0071968567300115,2,0.5271743847988546,0.501309702110545,0.1645509469457587,,,111.5948080420494
one_pass,3667249,0,1048576,0,spectral-old,bucket,9,4,0,45,57507885,0.0071968567300115,2,0.4988603424280882,0.4817479515085919,0.1572499247698215,,,166.43865587504115
one_pass,3667249,0,4194304,0,spectral-old,bucket,9,4,0,45,57507885,0.0071968567300115,2,0.4804930707032326,0.4688496456616139,0.1525264529786947,,,311.6732314170804
one_pass,3667249,0,16777216,0,spectral-old,bucket,9,4,0,45,57507885,0.0071968567300115,2,0.4681449659328791,0.4599246882270201,0.1493183060460671,,,688.0118793339934
one_pass,3667249,0,33554432,0,spectral-old,bucket,9,4,0,45,57507885,0.0071968567300115,2,0.4632069658582622,0.4563662964980984,0.1480704721557966,,,1227.1932357500773
one_pass,3667249,0,36672493,0,spectral-old,bucket,9,4,0,45,57507885,0.0071968567300115,2,0.462642843313471,0.4559988763312352,0.1479398737252353,,,1324.5618608340155
one_pass,3667249,0,16384,0,spectral-old,bucket,9,4,0,45,57507885,0.0138949549437313,0,0.5963041633367538,0.5451151368663189,0.181042634056171,,,36.634328291984275
one_pass,3667249,0,65536,0,spectral-old,bucket,9,4,0,45,57507885,0.0138949549437313,0,0.5424510650336742,0.509241026186208,0.1674501502224827,,,82.36314062494785
one_pass,3667249,0,262144,0,spectral-old,bucket,9,4,0,45,57507885,0.0138949549437313,0,0.5073241074569523,0.4870125338272712,0.1592436130342457,,,139.04097491700668
one_pass,3667249,0,1048576,0,spectral-old,bucket,9,4,0,45,57507885,0.0138949549437313,0,0.4857526461128145,0.4734098985673695,0.1542269063480199,,,210.91813412494955
one_pass,3667249,0,4194304,0,spectral-old,bucket,9,4,0,45,57507885,0.0138949549437313,0,0.4724901150912046,0.4639429631528003,0.1508116110371829,0.4695094806546446,0.1528477338561102,345.9272639999399
one_pass,3667249,0,16777216,0,spectral-old,bucket,9,4,0,45,57507885,0.0138949549437313,0,0.4629220278147841,0.4562748768835399,0.1480611300352888,0.4618549157664477,0.1501090280895452,727.8160505839624
one_pass,3667249,0,33554432,0,spectral-old,bucket,9,4,0,45,57507885,0.0138949549437313,0,0.458720937869657,0.4529318536515375,0.1468836582330953,0.4586437114901813,0.1489574965952435,1223.16769199993
one_pass,3667249,0,36672493,0,spectral-old,bucket,9,4,0,45,57507885,0.0138949549437313,0,0.4582354853165126,0.4526601591684636,0.1467809965015765,0.4583049513753781,0.1488394122779046,1321.5588867499027
one_pass,3667249,0,16384,0,spectral-old,bucket,9,4,0,45,57507885,0.0138949549437313,1,0.5875349342823029,0.5446300067133631,0.1810744376059418,,,36.23766774998512
one_pass,3667249,0,65536,0,spectral-old,bucket,9,4,0,45,57507885,0.0138949549437313,1,0.5412172190845013,0.5102135912238093,0.1678509975701491,,,84.6532221250236
one_pass,3667249,0,262144,0,spectral-old,bucket,9,4,0,45,57507885,0.0138949549437313,1,0.5079044038429856,0.4877509654801354,0.1594909723447545,,,142.2944977079751
one_pass,3667249,0,1048576,0,spectral-old,bucket,9,4,0,45,57507885,0.0138949549437313,1,0.486097436863929,0.4733632923915881,0.1542135796486964,,,213.20885900000576
one_pass,3667249,0,4194304,0,spectral-old,bucket,9,4,0,45,57507885,0.0138949549437313,1,0.4723905056889634,0.4636090621043612,0.1506944913192424,0.4689875286057895,0.1526645439175906,346.95324529195204
one_pass,3667249,0,16777216,0,spectral-old,bucket,9,4,0,45,57507885,0.0138949549437313,1,0.4626419009509845,0.4559199273858781,0.1479483033748426,0.4614445255999785,0.1499726805718745,723.3963373750448
one_pass,3667249,0,33554432,0,spectral-old,bucket,9,4,0,45,57507885,0.0138949549437313,1,0.45843528311525,0.4525136099085376,0.1467569590261564,0.4582238069117035,0.148826155314032,1214.2727562079672
one_pass,3667249,0,36672493,0,spectral-old,bucket,9,4,0,45,57507885,0.0138949549437313,1,0.457951259185221,0.4522524579344106,0.1466623227349361,0.4579593204113313,0.1487359407480383,1310.197815750027
one_pass,3667249,0,16384,0,spectral-old,bucket,9,4,0,45,57507885,0.0138949549437313,2,0.5967903286218643,0.5466458784671735,0.1818426491207406,,,37.088330290978774
one_pass,3667249,0,65536,0,spectral-old,bucket,9,4,0,45,57507885,0.0138949549437313,2,0.5444837138056755,0.5114470795764888,0.1683464445754556,,,86.38134054094553
one_pass,3667249,0,262144,0,spectral-old,bucket,9,4,0,45,57507885,0.0138949549437313,2,0.5089689735323191,0.4876821322161641,0.1594928485362868,,,143.42191549995914
one_pass,3667249,0,1048576,0,spectral-old,bucket,9,4,0,45,57507885,0.0138949549437313,2,0.4865978604648262,0.4735090726509018,0.1542317788255597,,,214.8558172909543
one_pass,3667249,0,4194304,0,spectral-old,bucket,9,4,0,45,57507885,0.0138949549437313,2,0.4726281452167313,0.4638037429589539,0.1507335618339261,0.4692242974646449,0.1527274204109621,351.12725408305414
one_pass,3667249,0,16777216,0,spectral-old,bucket,9,4,0,45,57507885,0.0138949549437313,2,0.4629774342101882,0.4563695791305164,0.1480796610413886,0.4618426313957532,0.150088918276164,733.343039499945
one_pass,3667249,0,33554432,0,spectral-old,bucket,9,4,0,45,57507885,0.0138949549437313,2,0.4588471843599109,0.4530345527805642,0.1469210332343092,0.4587204785447595,0.1489724415930843,1225.354664750048
one_pass,3667249,0,36672493,0,spectral-old,bucket,9,4,0,45,57507885,0.0138949549437313,2,0.4583629749878473,0.4527562864419052,0.1468172836813495,0.4584013488295876,0.148858106859406,1322.7767682910198
one_pass,3667249,0,16384,0,spectral-old,bucket,9,4,0,45,57507885,0.0268269579527972,0,0.5808854252099991,0.52584408875401,0.1737636272139806,0.5312387253254051,0.176004923248503,38.55170345795341
one_pass,3667249,0,65536,0,spectral-old,bucket,9,4,0,45,57507885,0.0268269579527972,0,0.5275210272520781,0.4995458129678672,0.1639382645848236,0.5047196855755502,0.1659482084724632,92.10018824995495
one_pass,3667249,0,262144,0,spectral-old,bucket,9,4,0,45,57507885,0.0268269579527972,0,0.5002004900015891,0.4839923781239556,0.1580617228255008,0.489568515749429,0.1601123557643406,147.05722149997018
one_pass,3667249,0,1048576,0,spectral-old,bucket,9,4,0,45,57507885,0.0268269579527972,0,0.4825919327558949,0.4727538570364107,0.1540126228631516,0.4784038933758677,0.1560874470931786,218.18294145795517
one_pass,3667249,0,4194304,0,spectral-old,bucket,9,4,0,45,57507885,0.0268269579527972,0,0.4715468627691734,0.4641450884448678,0.1509435152016512,,,356.7725419169292
one_pass,3667249,0,16777216,0,spectral-old,bucket,9,4,0,45,57507885,0.0268269579527972,0,0.4628756641395739,0.4567537219916694,0.1482861734455997,,,737.8241026669275
one_pass,3667249,0,33554432,0,spectral-old,bucket,9,4,0,45,57507885,0.0268269579527972,0,0.4588242014542629,0.4531904854563681,0.1470244460632363,,,1219.2757696249755
one_pass,3667249,0,36672493,0,spectral-old,bucket,9,4,0,45,57507885,0.0268269579527972,0,0.4583346888152228,0.4528523711084843,0.1468948822637752,,,1318.1057405829197
one_pass,3667249,0,16384,0,spectral-old,bucket,9,4,0,45,57507885,0.0268269579527972,1,0.575060099363327,0.5262901886441169,0.1740488598262766,0.5319114351803026,0.176395253686291,46.57004666700959
one_pass,3667249,0,65536,0,spectral-old,bucket,9,4,0,45,57507885,0.0268269579527972,1,0.5266043804585934,0.4995827367607414,0.1638724488720114,0.5046693988791695,0.1658320017679949,95.38310416706372
one_pass,3667249,0,262144,0,spectral-old,bucket,9,4,0,45,57507885,0.0268269579527972,1,0.499852558132261,0.4842258246261509,0.1581100220748434,0.4898273821250106,0.1601838334165848,149.00052520807367
one_pass,3667249,0,1048576,0,spectral-old,bucket,9,4,0,45,57507885,0.0268269579527972,1,0.4829508099937811,0.4729195209066089,0.154043572817716,0.4785236157439991,0.156101741888659,220.21703933307435
one_pass,3667249,0,4194304,0,spectral-old,bucket,9,4,0,45,57507885,0.0268269579527972,1,0.4717342688236385,0.4643305837458584,0.1509599697206917,,,327.4082149580354
one_pass,3667249,0,16777216,0,spectral-old,bucket,9,4,0,45,57507885,0.0268269579527972,1,0.4628593542802264,0.4565017807557949,0.148173094951966,,,746.6151217500446
one_pass,3667249,0,33554432,0,spectral-old,bucket,9,4,0,45,57507885,0.0268269579527972,1,0.4586722003768955,0.4530185256765937,0.1469521713414448,,,1181.2188431670656
one_pass,3667249,0,36672493,0,spectral-old,bucket,9,4,0,45,57507885,0.0268269579527972,1,0.4581768208399596,0.4526492721297735,0.1468068033517927,,,1289.5686992079718
one_pass,3667249,0,16384,0,spectral-old,bucket,9,4,0,45,57507885,0.0268269579527972,2,0.5823473185300827,0.5305787426596513,0.1756800765661373,0.5363572098704413,0.1780888182549029,46.48703454202041
one_pass,3667249,0,65536,0,spectral-old,bucket,9,4,0,45,57507885,0.0268269579527972,2,0.5295910313725471,0.4998953291984603,0.1640353469393571,0.5050340030386485,0.1660265858217929,95.3974140000064
one_pass,3667249,0,262144,0,spectral-old,bucket,9,4,0,45,57507885,0.0268269579527972,2,0.5003970223478973,0.4839124792053372,0.1580140226935559,0.4895007725154653,0.1600547267305084,147.01026679202914
one_pass,3667249,0,1048576,0,spectral-old,bucket,9,4,0,45,57507885,0.0268269579527972,2,0.4829865792999044,0.4727846589487706,0.1540325758965929,0.4782436028368657,0.1560464480504234,218.67549116699956
one_pass,3667249,0,4194304,0,spectral-old,bucket,9,4,0,45,57507885,0.0268269579527972,2,0.4714865001733415,0.4639001480357974,0.1508396253905612,,,324.00308675004635
one_pass,3667249,0,16777216,0,spectral-old,bucket,9,4,0,45,57507885,0.0268269579527972,2,0.4626568032326759,0.4564632097150375,0.1481610065928116,,,738.1255126670003
one_pass,3667249,0,33554432,0,spectral-old,bucket,9,4,0,45,57507885,0.0268269579527972,2,0.4585949461215932,0.4530218917119454,0.1469459668052813,,,1169.860011709039
one_pass,3667249,0,36672493,0,spectral-old,bucket,9,4,0,45,57507885,0.0268269579527972,2,0.4581088172089007,0.4526757393331022,0.1468133523494617,,,1277.8487262920244
one_pass,3667249,0,16384,0,spectral-old,bucket,9,4,0,45,57507885,0.0517947467923121,0,0.6170505732297897,0.5884560150449033,0.2012138681673779,,,45.71001266606618
one_pass,3667249,0,65536,0,spectral-old,bucket,9,4,0,45,57507885,0.0517947467923121,0,0.5523439198732376,0.5034162526654044,0.165233147227997,,,95.39090374996886
one_pass,3667249,0,262144,0,spectral-old,bucket,9,4,0,45,57507885,0.0517947467923121,0,0.5100025222636759,0.4891663059807563,0.1597178359868109,,,149.70155966596212
one_pass,3667249,0,1048576,0,spectral-old,bucket,9,4,0,45,57507885,0.0517947467923121,0,0.4890491727273911,0.4775754555777987,0.1556838305324464,,,214.02559858304448
one_pass,3667249,0,4194304,0,spectral-old,bucket,9,4,0,45,57507885,0.0517947467923121,0,0.4765309294161852,0.4682895192418927,0.1524124615847632,,,328.0216740410542
one_pass,3667249,0,16777216,0,spectral-old,bucket,9,4,0,45,57507885,0.0517947467923121,0,0.4668870568057173,0.4602243138452793,0.1495034773584824,,,746.3074915410252
one_pass,3667249,0,33554432,0,spectral-old,bucket,9,4,0,45,57507885,0.0517947467923121,0,0.4623967380721296,0.4563423105919612,0.1481451893592619,,,1176.1891703329748
one_pass,3667249,0,36672493,0,spectral-old,bucket,9,4,0,45,57507885,0.0517947467923121,0,0.4618587724959011,0.4559193559346475,0.1479816692317216,,,1287.521951957955
one_pass,3667249,0,16384,0,spectral-old,bucket,9,4,0,45,57507885,0.0517947467923121,1,0.643122673034668,0.5354665256229892,0.1778272510236409,,,46.240518082981
one_pass,3667249,0,65536,0,spectral-old,bucket,9,4,0,45,57507885,0.0517947467923121,1,0.5491141527891159,0.5034855134293265,0.1652137667542305,,,99.45678137498908
one_pass,3667249,0,262144,0,spectral-old,bucket,9,4,0,45,57507885,0.0517947467923121,1,0.5090275998227298,0.4893773584091467,0.1598367497682274,,,140.7642922080122
one_pass,3667249,0,1048576,0,spectral-old,bucket,9,4,0,45,57507885,0.0517947467923121,1,0.4883483822923153,0.4776090248125449,0.1556944479063112,,,193.91855025000405
one_pass,3667249,0,4194304,0,spectral-old,bucket,9,4,0,45,57507885,0.0517947467923121,1,0.4764033197134267,0.468506177834669,0.1524828397436162,,,331.176220708061
one_pass,3667249,0,16777216,0,spectral-old,bucket,9,4,0,45,57507885,0.0517947467923121,1,0.4669501554380986,0.4602298743204623,0.149525747003605,,,751.976625374984
one_pass,3667249,0,33554432,0,spectral-old,bucket,9,4,0,45,57507885,0.0517947467923121,1,0.4624536363444349,0.4562529492816505,0.1481299807680738,,,1162.1002328749746
one_pass,3667249,0,36672493,0,spectral-old,bucket,9,4,0,45,57507885,0.0517947467923121,1,0.4619060585853447,0.4558204327922216,0.1479554083820832,,,1281.9402425410226
one_pass,3667249,0,16384,0,spectral-old,bucket,9,4,0,45,57507885,0.0517947467923121,2,0.6121145635843277,0.5410425246962712,0.179667260297268,,,49.60747508297209
one_pass,3667249,0,65536,0,spectral-old,bucket,9,4,0,45,57507885,0.0517947467923121,2,0.5386291164904833,0.5036103703904193,0.1653784977388494,,,99.69954291603062
one_pass,3667249,0,262144,0,spectral-old,bucket,9,4,0,45,57507885,0.0517947467923121,2,0.5065184850245714,0.4884462684095157,0.1595421101381816,,,153.83880595804658
one_pass,3667249,0,1048576,0,spectral-old,bucket,9,4,0,45,57507885,0.0517947467923121,2,0.4881694677751511,0.4777741845237261,0.1557227770195516,,,226.6297776659485
one_pass,3667249,0,4194304,0,spectral-old,bucket,9,4,0,45,57507885,0.0517947467923121,2,0.4766458761296235,0.468660202521905,0.152496755987108,,,364.48208025004715
one_pass,3667249,0,16777216,0,spectral-old,bucket,9,4,0,45,57507885,0.0517947467923121,2,0.4671396722987992,0.4604160741924999,0.1495729995737585,,,717.6193924580002
one_pass,3667249,0,33554432,0,spectral-old,bucket,9,4,0,45,57507885,0.0517947467923121,2,0.4625828646385344,0.4563770982032313,0.1481689942095336,,,1159.2091627080226
one_pass,3667249,0,36672493,0,spectral-old,bucket,9,4,0,45,57507885,0.0517947467923121,2,0.462036989793975,0.4559865789787622,0.1480165874030678,,,1278.379199833027
one_pass,3667249,0,16384,0,spectral-old,bucket,9,4,0,45,57507885,0.1,0,0.6777703762054443,0.9410586820148028,0.333138897276248,,,50.81996908399742
one_pass,3667249,0,65536,0,spectral-old,bucket,9,4,0,45,57507885,0.1,0,0.7045308388769627,0.5341881653136697,0.1735577868764405,,,101.49408099998254
one_pass,3667249,0,262144,0,spectral-old,bucket,9,4,0,45,57507885,0.1,0,0.5682585639879107,0.5130526348670451,0.1664563285129253,,,157.08552591700573
one_pass,3667249,0,1048576,0,spectral-old,bucket,9,4,0,45,57507885,0.1,0,0.518571172724478,0.4944837406745678,0.1606697309873744,,,228.5287492920179
one_pass,3667249,0,4194304,0,spectral-old,bucket,9,4,0,45,57507885,0.1,0,0.4927205055428203,0.4766355123714087,0.1551014097156784,,,326.1269875840517
one_pass,3667249,0,16777216,0,spectral-old,bucket,9,4,0,45,57507885,0.1,0,0.4743353267549537,0.4631401262074239,0.1504303488959154,,,637.4740294170333
one_pass,3667249,0,33554432,0,spectral-old,bucket,9,4,0,45,57507885,0.1,0,0.4669778171155485,0.4572513715787124,0.1483927644236001,,,1161.4634348750114
one_pass,3667249,0,36672493,0,spectral-old,bucket,9,4,0,45,57507885,0.1,0,0.4661312452179889,0.4568914518374044,0.1482508105451526,,,1322.8552276249975
one_pass,3667249,0,16384,0,spectral-old,bucket,9,4,0,45,57507885,0.1,1,0.8740811198949814,0.6501599126068102,0.2224446246158241,,,33.896557333064266
one_pass,3667249,0,65536,0,spectral-old,bucket,9,4,0,45,57507885,0.1,1,0.8187526315450668,0.5831749178602214,0.1801992364893273,,,68.44920066709165
one_pass,3667249,0,262144,0,spectral-old,bucket,9,4,0,45,57507885,0.1,1,0.6132037686184049,0.5281220276174411,0.1694677159702291,,,108.30201941705307
one_pass,3667249,0,1048576,0,spectral-old,bucket,9,4,0,45,57507885,0.1,1,0.5368598138447851,0.5002657375377193,0.1622048434981146,,,165.61684470809996
one_pass,3667249,0,4194304,0,spectral-old,bucket,9,4,0,45,57507885,0.1,1,0.496752540464513,0.4736156404297983,0.1540567588428266,,,275.3521927500842
one_pass,3667249,0,16777216,0,spectral-old,bucket,9,4,0,45,57507885,0.1,1,0.4722286254182108,0.4588697820054895,0.148931709152786,,,646.9090553330025
one_pass,3667249,0,33554432,0,spectral-old,bucket,9,4,0,45,57507885,0.1,1,0.4639821673008555,0.4537372102203098,0.1471537447930888,,,1333.9394255420193
one_pass,3667249,0,36672493,0,spectral-old,bucket,9,4,0,45,57507885,0.1,1,0.4630746056222824,0.4533619840434836,0.14701406608782,,,1449.2872637080727
one_pass,3667249,0,16384,0,spectral-old,bucket,9,4,0,45,57507885,0.1,2,0.8245069533586502,0.600713628975833,0.1991188204335484,,,37.89341600006446
one_pass,3667249,0,65536,0,spectral-old,bucket,9,4,0,45,57507885,0.1,2,0.7856484763324261,0.5752345000820318,0.1875984114506488,,,77.42885475000367
one_pass,3667249,0,262144,0,spectral-old,bucket,9,4,0,45,57507885,0.1,2,0.601406516507268,0.5217554746912714,0.1683235994364434,,,118.6390679590404
one_pass,3667249,0,1048576,0,spectral-old,bucket,9,4,0,45,57507885,0.1,2,0.5282170686405152,0.4915224226719038,0.1597042126421992,,,172.3729085000232
one_pass,3667249,0,4194304,0,spectral-old,bucket,9,4,0,45,57507885,0.1,2,0.4907404553669039,0.4703316935900809,0.1529074911626475,,,290.42283254198264
one_pass,3667249,0,16777216,0,spectral-old,bucket,9,4,0,45,57507885,0.1,2,0.4695907793284277,0.4577739725500575,0.1485751012911772,,,694.5900801670505
one_pass,3667249,0,33554432,0,spectral-old,bucket,9,4,0,45,57507885,0.1,2,0.4622219056582253,0.4528504040694677,0.1468625430492097,,,1351.863494749996
one_pass,3667249,0,36672493,0,spectral-old,bucket,9,4,0,45,57507885,0.1,2,0.4613959602874505,0.4524296900404874,0.1466934268214904,,,1467.0147297920194
one_pass,3667249,0,16384,0,fm,bucket,0,-1,119,120,153354241,0.001,0,0.6709461808204651,0.6507632878680814,0.2288723836050217,,,46.58168574993033
one_pass,3667249,0,65536,0,fm,bucket,0,-1,119,120,153354241,0.001,0,0.6416102536022663,0.6144518853546628,0.2110917381742471,,,93.61295374995098
one_pass,3667249,0,262144,0,fm,bucket,0,-1,119,120,153354241,0.001,0,0.5954574830830097,0.5540493710398583,0.1831144790229636,,,142.66218612494413
one_pass,3667249,0,1048576,0,fm,bucket,0,-1,119,120,153354241,0.001,0,0.5345009062439203,0.4934376217656201,0.1593252027862363,,,216.7946904170094
one_pass,3667249,0,4194304,0,fm,bucket,0,-1,119,120,153354241,0.001,0,0.4912932046863716,0.4684014984784702,0.1514809004431051,,,387.1927272499306
one_pass,3667249,0,16777216,0,fm,bucket,0,-1,119,120,153354241,0.001,0,0.4695197989713051,0.4578082336070786,0.1481947322247017,,,1107.5674292090116
one_pass,3667249,0,33554432,0,fm,bucket,0,-1,119,120,153354241,0.001,0,0.4628055196335481,0.4541814991123772,0.1470175618261175,,,1873.2049305419205
one_pass,3667249,0,36672493,0,fm,bucket,0,-1,119,120,153354241,0.001,0,0.4620917733756755,0.453820922719428,0.1469016927593994,,,2054.0536972089903
one_pass,3667249,0,16384,0,fm,bucket,0,-1,119,120,153354241,0.001,1,0.6691756546497345,0.6491001580838057,0.2280488643631485,,,46.95279837504495
one_pass,3667249,0,65536,0,fm,bucket,0,-1,119,120,153354241,0.001,1,0.6398467682301998,0.6125322942922862,0.210166069435204,,,94.4340465409914
one_pass,3667249,0,262144,0,fm,bucket,0,-1,119,120,153354241,0.001,1,0.5934952143579721,0.5521774059218914,0.1823033694392618,,,145.28632304095663
one_pass,3667249,0,1048576,0,fm,bucket,0,-1,119,120,153354241,0.001,1,0.5333129870705307,0.4929414775655797,0.1591747221378353,,,224.08285679097753
one_pass,3667249,0,4194304,0,fm,bucket,0,-1,119,120,153354241,0.001,1,0.4908157607715111,0.4683141728641409,0.1514601614761524,,,392.72367987502366
one_pass,3667249,0,16777216,0,fm,bucket,0,-1,119,120,153354241,0.001,1,0.4694102670691791,0.4578391946494132,0.1482038748701974,,,1116.1821917500347
one_pass,3667249,0,33554432,0,fm,bucket,0,-1,119,120,153354241,0.001,1,0.462771953731135,0.454203180519831,0.1470197780204137,,,1877.3490648750449
one_pass,3667249,0,36672493,0,fm,bucket,0,-1,119,120,153354241,0.001,1,0.4620621985185725,0.4538392754590801,0.1469029031604513,,,2058.1978481250117
one_pass,3667249,0,16384,0,fm,bucket,0,-1,119,120,153354241,0.001,2,0.668623685836792,0.6487240534466744,0.2278627486962519,,,47.33743149996735
one_pass,3667249,0,65536,0,fm,bucket,0,-1,119,120,153354241,0.001,2,0.6394297257065773,0.6121965129896837,0.2100076552758036,,,93.83166400005577
one_pass,3667249,0,262144,0,fm,bucket,0,-1,119,120,153354241,0.001,2,0.5932130767032504,0.5517988509374598,0.1821395196494433,,,143.69989050005097
one_pass,3667249,0,1048576,0,fm,bucket,0,-1,119,120,153354241,0.001,2,0.5329003371298313,0.4925953544190387,0.1590402551006769,,,225.74788300006185
one_pass,3667249,0,4194304,0,fm,bucket,0,-1,119,120,153354241,0.001,2,0.4906109929142985,0.4681543667318805,0.1513915236711634,,,395.25591683306266
one_pass,3667249,0,16777216,0,fm,bucket,0,-1,119,120,153354241,0.001,2,0.469249832094647,0.4577437438131746,0.1481685168945045,,,1130.6333707500016
one_pass,3667249,0,33554432,0,fm,bucket,0,-1,119,120,153354241,0.001,2,0.4626503652179963,0.4541907540752216,0.1470172196214442,,,1887.3451618329857
one_pass,3667249,0,36672493,0,fm,bucket,0,-1,119,120,153354241,0.001,2,0.4619496475129198,0.4538390532376621,0.1469037425372817,,,2069.4711314580636
one_pass,3667249,0,16384,0,fm,bucket,0,-1,119,120,153354241,0.0019306977288832,0,0.6626507341861725,0.630096195230855,0.218695214231958,,,53.35486162500456
one_pass,3667249,0,65536,0,fm,bucket,0,-1,119,120,153354241,0.0019306977288832,0,0.6179402470588684,0.5790398276325481,0.194384965020457,,,102.82427012501284
one_pass,3667249,0,262144,0,fm,bucket,0,-1,119,120,153354241,0.0019306977288832,0,0.5567785259336233,0.5104076589257046,0.1653034350186929,,,161.1949930000119
one_pass,3667249,0,1048576,0,fm,bucket,0,-1,119,120,153354241,0.0019306977288832,0,0.502943204715848,0.4739792472891119,0.1531920197248319,,,244.33296458399855
one_pass,3667249,0,4194304,0,fm,bucket,0,-1,119,120,153354241,0.0019306977288832,0,0.4750432735891081,0.4607073947080016,0.1491502242447353,,,433.5573204589309
one_pass,3667249,0,16777216,0,fm,bucket,0,-1,119,120,153354241,0.0019306977288832,0,0.460896607277391,0.4527553491175563,0.1465466150783256,,,1170.8402444589883
one_pass,3667249,0,33554432,0,fm,bucket,0,-1,119,120,153354241,0.0019306977288832,0,0.4559914327037404,0.4495896447631693,0.1455045345876235,,,1904.760908458964
one_pass,3667249,0,36672493,0,fm,bucket,0,-1,119,120,153354241,0.0019306977288832,0,0.4554497195383885,0.4493033778875902,0.145408673207634,,,2090.221962124924
one_pass,3667249,0,16384,0,fm,bucket,0,-1,119,120,153354241,0.0019306977288832,1,0.6604030877351761,0.6281280350679055,0.2177330177041997,,,53.936503874952905
one_pass,3667249,0,65536,0,fm,bucket,0,-1,119,120,153354241,0.0019306977288832,1,0.6156144216656685,0.5763126902416655,0.1931296331428756,,,101.84275591594631
one_pass,3667249,0,262144,0,fm,bucket,0,-1,119,120,153354241,0.0019306977288832,1,0.554562964476645,0.5089456204514852,0.1647992622227832,,,159.4493442910025
one_pass,3667249,0,1048576,0,fm,bucket,0,-1,119,120,153354241,0.0019306977288832,1,0.5018760326784104,0.4736195377860419,0.1530993252014328,,,242.20133950002491
one_pass,3667249,0,4194304,0,fm,bucket,0,-1,119,120,153354241,0.0019306977288832,1,0.4746307142195292,0.4605872233767124,0.1491120241083676,,,429.93003687495366
one_pass,3667249,0,16777216,0,fm,bucket,0,-1,119,120,153354241,0.0019306977288832,1,0.4607331263905507,0.4526938591863061,0.1465221256689177,,,1166.1539733329555
one_pass,3667249,0,33554432,0,fm,bucket,0,-1,119,120,153354241,0.0019306977288832,1,0.4558979267567338,0.4495593516166933,0.1454903322756642,,,1900.8240043330009
one_pass,3667249,0,36672493,0,fm,bucket,0,-1,119,120,153354241,0.0019306977288832,1,0.4553619727418831,0.4492791298094439,0.1453970163811034,,,2086.439382915967
one_pass,3667249,0,16384,0,fm,bucket,0,-1,119,120,153354241,0.0019306977288832,2,0.660155400633812,0.6279323561542126,0.2176384711853062,,,52.596744125010446
one_pass,3667249,0,65536,0,fm,bucket,0,-1,119,120,153354241,0.0019306977288832,2,0.6155073121190071,0.5764170913883659,0.1931841244658744,,,103.11135520902462
one_pass,3667249,0,262144,0,fm,bucket,0,-1,119,120,153354241,0.0019306977288832,2,0.5544406278058887,0.5085770918271463,0.1646408648331777,,,165.3660534590017
one_pass,3667249,0,1048576,0,fm,bucket,0,-1,119,120,153354241,0.0019306977288832,2,0.501736506819725,0.4734812379869738,0.1530353802960435,,,245.648470834014
one_pass,3667249,0,4194304,0,fm,bucket,0,-1,119,120,153354241,0.0019306977288832,2,0.4745482732541859,0.46054113373591,0.1490897371092701,,,453.9503282500664
one_pass,3667249,0,16777216,0,fm,bucket,0,-1,119,120,153354241,0.0019306977288832,2,0.4607590673840605,0.4528149732676619,0.1465656052532583,,,1188.045837291982
one_pass,3667249,0,33554432,0,fm,bucket,0,-1,119,120,153354241,0.0019306977288832,2,0.4559608715280774,0.4496765787139137,0.1455335213677468,,,1923.369349542074
one_pass,3667249,0,36672493,0,fm,bucket,0,-1,119,120,153354241,0.0019306977288832,2,0.4554300318502603,0.4493914364797607,0.1454375336750528,,,2108.246170624974
one_pass,3667249,0,16384,0,fm,bucket,0,-1,119,120,153354241,0.0037275937203149,0,0.6667546629905701,0.6015077618784137,0.2049298973126219,,,50.84182683296967
one_pass,3667249,0,65536,0,fm,bucket,0,-1,119,120,153354241,0.0037275937203149,0,0.5943278297781944,0.5440896485797324,0.1789204609095581,,,109.07187791599426
one_pass,3667249,0,262144,0,fm,bucket,0,-1,119,120,153354241,0.0037275937203149,0,0.5302772857248783,0.4905559049195206,0.1584320933278686,,,167.18723879102618
one_pass,3667249,0,1048576,0,fm,bucket,0,-1,119,120,153354241,0.0037275937203149,0,0.4889663418289274,0.4682840862544316,0.1515879348736648,,,257.81481854093727
one_pass,3667249,0,4194304,0,fm,bucket,0,-1,119,120,153354241,0.0037275937203149,0,0.4685061713971663,0.4573558521938689,0.1481056274559698,,,487.24332624999806
one_pass,3667249,0,16777216,0,fm,bucket,0,-1,119,120,153354241,0.0037275937203149,0,0.4565627435367787,0.4494203321211419,0.1454389969311913,,,1186.1616910409648
one_pass,3667249,0,33554432,0,fm,bucket,0,-1,119,120,153354241,0.0037275937203149,0,0.4520792936455109,0.44634167707558,0.1444200946236991,,,1926.5029480409576
one_pass,3667249,0,36672493,0,fm,bucket,0,-1,119,120,153354241,0.0037275937203149,0,0.4515771683211232,0.4460710904907667,0.1443245556911146,,,2112.785590665997
one_pass,3667249,0,16384,0,fm,bucket,0,-1,119,120,153354241,0.0037275937203149,1,0.6621853113174438,0.5993774823434562,0.2039185104878836,,,59.3724488329608
one_pass,3667249,0,65536,0,fm,bucket,0,-1,119,120,153354241,0.0037275937203149,1,0.5908195562660694,0.5405604620377064,0.1774239635742934,,,119.1622806249652
one_pass,3667249,0,262144,0,fm,bucket,0,-1,119,120,153354241,0.0037275937203149,1,0.5276545719243586,0.4890846286849776,0.1580191390005175,,,205.28339266695548
one_pass,3667249,0,1048576,0,fm,bucket,0,-1,119,120,153354241,0.0037275937203149,1,0.4877349426969886,0.467820098778438,0.1514663166665787,,,325.70915887493175
one_pass,3667249,0,4194304,0,fm,bucket,0,-1,119,120,153354241,0.0037275937203149,1,0.4679794879630208,0.4571674726346261,0.1480456523334975,,,592.4664393329294
one_pass,3667249,0,16777216,0,fm,bucket,0,-1,119,120,153354241,0.0037275937203149,1,0.4563627834795625,0.4493669608343666,0.1454210834117057,,,1200.7782144579105
one_pass,3667249,0,33554432,0,fm,bucket,0,-1,119,120,153354241,0.0037275937203149,1,0.4519642661143734,0.446287897974556,0.1443995658816696,,,1937.2669323749144
one_pass,3667249,0,36672493,0,fm,bucket,0,-1,119,120,153354241,0.0037275937203149,1,0.4514689263187566,0.4460209433718051,0.1443055759199124,,,2120.7853900420014
one_pass,3667249,0,16384,0,fm,bucket,0,-1,119,120,153354241,0.0037275937203149,2,0.6630146205425262,0.599534569998104,0.203999253267039,,,81.51035370898899
one_pass,3667249,0,65536,0,fm,bucket,0,-1,119,120,153354241,0.0037275937203149,2,0.5915543138980865,0.5415604724256855,0.1778485210951225,,,162.030917208991
one_pass,3667249,0,262144,0,fm,bucket,0,-1,119,120,153354241,0.0037275937203149,2,0.5283110472373664,0.489356921801129,0.1580753935968766,,,251.12344029196535
one_pass,3667249,0,1048576,0,fm,bucket,0,-1,119,120,153354241,0.0037275937203149,2,0.4880296754417941,0.4678371515094803,0.1514577952008468,,,360.1990472089965
one_pass,3667249,0,4194304,0,fm,bucket,0,-1,119,120,153354241,0.0037275937203149,2,0.4680707183142658,0.4571833291513703,0.1480461614688628,,,534.5047566669527
one_pass,3667249,0,16777216,0,fm,bucket,0,-1,119,120,153354241,0.0037275937203149,2,0.4564123684249352,0.4494056595159643,0.1454318563538777,,,1101.920503375004
one_pass,3667249,0,33554432,0,fm,bucket,0,-1,119,120,153354241,0.0037275937203149,2,0.4520023953955387,0.446339137826398,0.1444182546147134,,,1842.894766625017
one_pass,3667249,0,36672493,0,fm,bucket,0,-1,119,120,153354241,0.0037275937203149,2,0.4515061117349522,0.4460771596719177,0.1443243200901432,,,2025.3927178749584
one_pass,3667249,0,16384,0,fm,bucket,0,-1,119,120,153354241,0.0071968567300115,0,0.7780092060565948,0.5670454576460722,0.1893267861089797,,,55.21273524989374
one_pass,3667249,0,65536,0,fm,bucket,0,-1,119,120,153354241,0.0071968567300115,0,0.6011005491018295,0.5228276538014922,0.1705577060821653,,,111.44533870893063
one_pass,3667249,0,262144,0,fm,bucket,0,-1,119,120,153354241,0.0071968567300115,0,0.5237792260013521,0.4848112895201786,0.1569415087449888,,,175.35964666691143
one_pass,3667249,0,1048576,0,fm,bucket,0,-1,119,120,153354241,0.0071968567300115,0,0.4858106832252815,0.4673940400913488,0.1514768984454056,0.4727046125704636,0.1534994814791017,264.2672351669753
one_pass,3667249,0,4194304,0,fm,bucket,0,-1,119,120,153354241,0.0071968567300115,0,0.4670099556969944,0.4563523922877166,0.1478282378849919,0.461665020834219,0.1497799602887098,447.13633770891465
one_pass,3667249,0,16777216,0,fm,bucket,0,-1,119,120,153354241,0.0071968567300115,0,0.455037073326821,0.4478445917749444,0.1449290502246816,0.453370992079587,0.1469400499553146,1015.7228655419312
one_pass,3667249,0,33554432,0,fm,bucket,0,-1,119,120,153354241,0.0071968567300115,0,0.450347913949372,0.4444435330163395,0.1437850380777094,0.4501653616996653,0.1458372327361486,1763.4596395839471
one_pass,3667249,0,36672493,0,fm,bucket,0,-1,119,120,153354241,0.0071968567300115,0,0.4498167087241936,0.4441397461988398,0.1436786295353047,0.4498461234834547,0.1457362272582057,1995.4516563339855
one_pass,3667249,0,16384,0,fm,bucket,0,-1,119,120,153354241,0.0071968567300115,1,0.7570864707231522,0.5642933366161609,0.1881586288809586,,,58.16613808297552
one_pass,3667249,0,65536,0,fm,bucket,0,-1,119,120,153354241,0.0071968567300115,1,0.5924145132303238,0.5170912900798965,0.1682339196082122,,,116.94370662490836
one_pass,3667249,0,262144,0,fm,bucket,0,-1,119,120,153354241,0.0071968567300115,1,0.5188296171836555,0.4825143877069344,0.1562662268269678,,,183.2435116659617
one_pass,3667249,0,1048576,0,fm,bucket,0,-1,119,120,153354241,0.0071968567300115,1,0.4835081767523661,0.4663688130247742,0.1511532695204329,0.4716665942380181,0.1531658435796337,269.84560124995187
one_pass,3667249,0,4194304,0,fm,bucket,0,-1,119,120,153354241,0.0071968567300115,1,0.4658717311685905,0.4558008541532712,0.1476446771086559,0.4610873207080425,0.1495847954467867,452.2330204579048
one_pass,3667249,0,16777216,0,fm,bucket,0,-1,119,120,153354241,0.0071968567300115,1,0.4544994249154115,0.4476025599300098,0.1448484898678073,0.4531277459190951,0.1468605881747852,1023.800893165986
one_pass,3667249,0,33554432,0,fm,bucket,0,-1,119,120,153354241,0.0071968567300115,1,0.4499824798622285,0.4442466151683114,0.1437156587069334,0.4499790134758579,0.1457754105795513,1812.2003326659324
one_pass,3667249,0,36672493,0,fm,bucket,0,-1,119,120,153354241,0.0071968567300115,1,0.4494660318385896,0.4439451672478793,0.1436091751548142,0.4496619850645784,0.1456747970031925,2050.124527249951
one_pass,3667249,0,16384,0,fm,bucket,0,-1,119,120,153354241,0.0071968567300115,2,0.762664332985878,0.5654902318518216,0.1886845208912555,,,57.27240424999036
one_pass,3667249,0,65536,0,fm,bucket,0,-1,119,120,153354241,0.0071968567300115,2,0.5951663367450237,0.5193048941119145,0.1691172887100458,,,115.56239962496328
one_pass,3667249,0,262144,0,fm,bucket,0,-1,119,120,153354241,0.0071968567300115,2,0.5205371361225843,0.4832296781813146,0.1564365726521278,,,179.894420000026
one_pass,3667249,0,1048576,0,fm,bucket,0,-1,119,120,153354241,0.0071968567300115,2,0.4843211912084371,0.4666848984396661,0.1512399839626182,0.4720092708288944,0.1532633018149052,268.649312332971
one_pass,3667249,0,4194304,0,fm,bucket,0,-1,119,120,153354241,0.0071968567300115,2,0.4662095414532814,0.455926085615372,0.1476794085287973,0.4612417799320189,0.1496348964704488,456.11222912499215
one_pass,3667249,0,16777216,0,fm,bucket,0,-1,119,120,153354241,0.0071968567300115,2,0.4546401121406234,0.447643069962485,0.1448579293117096,0.4531631060334528,0.1468682924808356,1025.0947770000205
one_pass,3667249,0,33554432,0,fm,bucket,0,-1,119,120,153354241,0.0071968567300115,2,0.4500652057540719,0.4443062260503736,0.1437387679335991,0.4499987099294408,0.145778466734858,1936.912129999953
one_pass,3667249,0,36672493,0,fm,bucket,0,-1,119,120,153354241,0.0071968567300115,2,0.449544152511858,0.4440260936975637,0.1436401132293869,0.4496957448651751,0.145683651672898,2178.209706792026
one_pass,3667249,0,16384,0,fm,bucket,0,-1,119,120,153354241,0.0138949549437313,0,1.724772870540619,0.5550195708107383,0.1849588218156256,0.5609415078305124,0.1875777525496469,56.86415937496349
one_pass,3667249,0,65536,0,fm,bucket,0,-1,119,120,153354241,0.0138949549437313,0,0.8243411481380463,0.5077351757541755,0.1656680885172518,0.5125197468481812,0.1676720985071866,115.631481874967
one_pass,3667249,0,262144,0,fm,bucket,0,-1,119,120,153354241,0.0138949549437313,0,0.5752010433934629,0.4826396052951756,0.1568593977429707,0.4877864655314077,0.1588677853550362,180.7272730419645
one_pass,3667249,0,1048576,0,fm,bucket,0,-1,119,120,153354241,0.0138949549437313,0,0.4983620392158627,0.467506124094207,0.1517755571458539,,,272.2325224999804
one_pass,3667249,0,4194304,0,fm,bucket,0,-1,119,120,153354241,0.0138949549437313,0,0.4705541072471533,0.4570275842386843,0.1481824769531629,,,459.1699937080266
one_pass,3667249,0,16777216,0,fm,bucket,0,-1,119,120,153354241,0.0138949549437313,0,0.4563599284010706,0.4483704952974158,0.1451721502569493,,,1032.0617246250622
one_pass,3667249,0,33554432,0,fm,bucket,0,-1,119,120,153354241,0.0138949549437313,0,0.4510852954881557,0.4445277079730078,0.143851044476204,,,1940.6765036670256
one_pass,3667249,0,36672493,0,fm,bucket,0,-1,119,120,153354241,0.0138949549437313,0,0.4504849509834817,0.4442282286760352,0.1437479871665948,,,2185.197664999985
one_pass,3667249,0,16384,0,fm,bucket,0,-1,119,120,153354241,0.0138949549437313,1,1.614887312054634,0.5501452891965812,0.1830728548776174,0.5558601575629092,0.1855985401681911,58.215732583077624
one_pass,3667249,0,65536,0,fm,bucket,0,-1,119,120,153354241,0.0138949549437313,1,0.7908820137381554,0.5008343254207267,0.163039393072547,0.5056350829350826,0.165014706947707,117.08151854202151
one_pass,3667249,0,262144,0,fm,bucket,0,-1,119,120,153354241,0.0138949549437313,1,0.564802800770849,0.481163835434661,0.1563902669579165,0.486338228292109,0.1584034273807497,181.735305625014
one_pass,3667249,0,1048576,0,fm,bucket,0,-1,119,120,153354241,0.0138949549437313,1,0.4953685570508241,0.4673155528246351,0.1517227433499045,,,273.6436495000962
one_pass,3667249,0,4194304,0,fm,bucket,0,-1,119,120,153354241,0.0138949549437313,1,0.4696900559356436,0.4568959990681351,0.1481354088457598,,,460.2008988750167
one_pass,3667249,0,16777216,0,fm,bucket,0,-1,119,120,153354241,0.0138949549437313,1,0.4560194580917596,0.4482916071533832,0.1451481491704529,,,1032.976473833085
one_pass,3667249,0,33554432,0,fm,bucket,0,-1,119,120,153354241,0.0138949549437313,1,0.4508690960392414,0.4444534708340457,0.1438261056126607,,,1932.5608633330555
one_pass,3667249,0,36672493,0,fm,bucket,0,-1,119,120,153354241,0.0138949549437313,1,0.4502827728075403,0.4441842436478144,0.1437317531197609,,,2181.490241667023
one_pass,3667249,0,16384,0,fm,bucket,0,-1,119,120,153354241,0.0138949549437313,2,1.6525190323591232,0.5548861026764956,0.1849603565464404,0.5607012028084344,0.1875355142846273,59.49390429200139
one_pass,3667249,0,65536,0,fm,bucket,0,-1,119,120,153354241,0.0138949549437313,2,0.8029295280575752,0.5027730240033272,0.1637329417692106,0.5075477347841729,0.165712483110597,118.6805174590554
one_pass,3667249,0,262144,0,fm,bucket,0,-1,119,120,153354241,0.0138949549437313,2,0.568243807181716,0.4812849409014417,0.1564007837929,0.4864779526316577,0.1584222228256768,184.9369777919492
one_pass,3667249,0,1048576,0,fm,bucket,0,-1,119,120,153354241,0.0138949549437313,2,0.4963039715075865,0.467337339830535,0.151717540376257,,,276.524358374998
one_pass,3667249,0,4194304,0,fm,bucket,0,-1,119,120,153354241,0.0138949549437313,2,0.4699688039254397,0.4570315603443931,0.1481754004375974,,,460.4286928749643
one_pass,3667249,0,16777216,0,fm,bucket,0,-1,119,120,153354241,0.0138949549437313,2,0.4561848104640376,0.4483595411995184,0.1451659225932483,,,1094.4332555839792
one_pass,3667249,0,33554432,0,fm,bucket,0,-1,119,120,153354241,0.0138949549437313,2,0.4509771142220415,0.4445333662176259,0.1438552722852826,,,1968.7485168339915
one_pass,3667249,0,36672493,0,fm,bucket,0,-1,119,120,153354241,0.0138949549437313,2,0.4503833419721964,0.4442727659823983,0.1437633883690957,,,2216.793850334012
one_pass,3667249,0,16384,0,fm,bucket,0,-1,119,120,153354241,0.0268269579527972,0,6.300619453191757,0.6301149795580538,0.2069798099624767,,,60.54220612498466
one_pass,3667249,0,65536,0,fm,bucket,0,-1,119,120,153354241,0.0268269579527972,0,1.9930430203676224,0.5340487355073736,0.1739086344133799,,,119.79498158290517
one_pass,3667249,0,262144,0,fm,bucket,0,-1,119,120,153354241,0.0268269579527972,0,0.8849255624227226,0.500886126098713,0.1632693957169574,,,185.50477095798124
one_pass,3667249,0,1048576,0,fm,bucket,0,-1,119,120,153354241,0.0268269579527972,0,0.5846792686497793,0.4761692493094825,0.1549680215225618,,,275.3892406669911
one_pass,3667249,0,4194304,0,fm,bucket,0,-1,119,120,153354241,0.0268269579527972,0,0.4965269862441346,0.4615166826452769,0.1498961169167998,,,460.9136527919909
one_pass,3667249,0,16777216,0,fm,bucket,0,-1,119,120,153354241,0.0268269579527972,0,0.4654752464266494,0.4513544586411997,0.1462949431777389,,,1094.5147369579645
one_pass,3667249,0,33554432,0,fm,bucket,0,-1,119,120,153354241,0.0268269579527972,0,0.4569177505509287,0.4468573558031534,0.1447170015047101,,,1970.6826535
one_pass,3667249,0,36672493,0,fm,bucket,0,-1,119,120,153354241,0.0268269579527972,0,0.456007850628235,0.4466313953932984,0.1446401724621397,,,2216.89334862493
one_pass,3667249,0,16384,0,fm,bucket,0,-1,119,120,153354241,0.0268269579527972,1,5.916652128100395,0.6654710333020356,0.2101446901020847,,,58.57438779203221
one_pass,3667249,0,65536,0,fm,bucket,0,-1,119,120,153354241,0.0268269579527972,1,1.8946750983595848,0.5282439008931734,0.1720036328711345,,,117.63489124993794
one_pass,3667249,0,262144,0,fm,bucket,0,-1,119,120,153354241,0.0268269579527972,1,0.8582235709764063,0.4989143214445924,0.1625277016965642,,,182.77054349996615
one_pass,3667249,0,1048576,0,fm,bucket,0,-1,119,120,153354241,0.0268269579527972,1,0.5777923989808187,0.4767202779257665,0.155125398005137,,,270.72332287498284
one_pass,3667249,0,4194304,0,fm,bucket,0,-1,119,120,153354241,0.0268269579527972,1,0.4950183698965702,0.4618209363873899,0.1499952564321861,,,454.27001166704576
one_pass,3667249,0,16777216,0,fm,bucket,0,-1,119,120,153354241,0.0268269579527972,1,0.4650413700583158,0.4513703537837278,0.1463039695181499,,,1121.7026560000377
one_pass,3667249,0,33554432,0,fm,bucket,0,-1,119,120,153354241,0.0268269579527972,1,0.4566531794880575,0.4468180002768521,0.1446999890904116,,,2032.866757708951
one_pass,3667249,0,36672493,0,fm,bucket,0,-1,119,120,153354241,0.0268269579527972,1,0.4557605104723158,0.4466169427859931,0.1446357865766077,,,2260.5527619170025
one_pass,3667249,0,16384,0,fm,bucket,0,-1,119,120,153354241,0.0268269579527972,2,6.068644791841507,0.6383110473929942,0.2067335150163338,,,58.953506249934435
one_pass,3667249,0,65536,0,fm,bucket,0,-1,119,120,153354241,0.0268269579527972,2,1.9333780333399773,0.5310068203461578,0.1726147901460504,,,118.94172641600017
one_pass,3667249,0,262144,0,fm,bucket,0,-1,119,120,153354241,0.0268269579527972,2,0.8694639252498746,0.5007506407026143,0.1630295682196141,,,183.6415789159946
one_pass,3667249,0,1048576,0,fm,bucket,0,-1,119,120,153354241,0.0268269579527972,2,0.5812582416692749,0.4768199424742038,0.1551494830088452,,,272.03215345798526
one_pass,3667249,0,4194304,0,fm,bucket,0,-1,119,120,153354241,0.0268269579527972,2,0.4957296369539108,0.4616711644775198,0.1499569284103215,,,454.9629390829941
one_pass,3667249,0,16777216,0,fm,bucket,0,-1,119,120,153354241,0.0268269579527972,2,0.4651253597694449,0.4512647741112346,0.1462710771666474,,,1129.4352559159745
one_pass,3667249,0,33554432,0,fm,bucket,0,-1,119,120,153354241,0.0268269579527972,2,0.4566413435422873,0.4467618475341954,0.1446869008114355,,,2062.412320332951
one_pass,3667249,0,36672493,0,fm,bucket,0,-1,119,120,153354241,0.0268269579527972,2,0.4557426915543188,0.4465414164565698,0.1446108835111507,,,2271.0118873330066
one_pass,3667249,0,16384,0,fm,bucket,0,-1,119,120,153354241,0.0517947467923121,0,24.59932404756546,1.129196277470451,0.2465381324440889,,,57.52213475003373
one_pass,3667249,0,65536,0,fm,bucket,0,-1,119,120,153354241,0.0517947467923121,0,6.771297372877598,0.7388278549254831,0.2083076141345319,,,116.3858766250778
one_pass,3667249,0,262144,0,fm,bucket,0,-1,119,120,153354241,0.0517947467923121,0,2.1931237457320094,0.614195336086733,0.1871434337383338,,,180.76647487503945
one_pass,3667249,0,1048576,0,fm,bucket,0,-1,119,120,153354241,0.0517947467923121,0,0.9625977254472672,0.5206508977554195,0.1671640969470892,,,268.903221292072
one_pass,3667249,0,4194304,0,fm,bucket,0,-1,119,120,153354241,0.0517947467923121,0,0.609528455970576,0.4779452344139767,0.155245929286192,,,453.4391771249939
one_pass,3667249,0,16777216,0,fm,bucket,0,-1,119,120,153354241,0.0517947467923121,0,0.5014528432875522,0.4590071703039618,0.1489466495803751,,,1168.5862374170683
one_pass,3667249,0,33554432,0,fm,bucket,0,-1,119,120,153354241,0.0517947467923121,0,0.4781341038178652,0.4525955921163344,0.146725334436859,,,2089.689167625038
one_pass,3667249,0,36672493,0,fm,bucket,0,-1,119,120,153354241,0.0517947467923121,0,0.4758948045570821,0.4525043533346212,0.1467062893539964,,,2270.9544147499837
one_pass,3667249,0,16384,0,fm,bucket,0,-1,119,120,153354241,0.0517947467923121,1,23.49121201038361,1.1555670638922508,0.2464265893286946,,,56.823247249936685
one_pass,3667249,0,65536,0,fm,bucket,0,-1,119,120,153354241,0.0517947467923121,1,6.491993222385645,0.7556507053537458,0.2150821989872532,,,115.41559279197828
one_pass,3667249,0,262144,0,fm,bucket,0,-1,119,120,153354241,0.0517947467923121,1,2.129173431545496,0.6215920876545881,0.1863715155097012,,,182.83876158297065
one_pass,3667249,0,1048576,0,fm,bucket,0,-1,119,120,153354241,0.0517947467923121,1,0.9534773763734848,0.529847951888528,0.1687755196586585,,,297.59836837498005
one_pass,3667249,0,4194304,0,fm,bucket,0,-1,119,120,153354241,0.0517947467923121,1,0.6114720857294742,0.4809278290256127,0.1561475844196441,,,542.1865472079953
one_pass,3667249,0,16777216,0,fm,bucket,0,-1,119,120,153354241,0.0517947467923121,1,0.502681683654373,0.4594805723787308,0.1491194269059558,,,1200.5743577498945
one_pass,3667249,0,33554432,0,fm,bucket,0,-1,119,120,153354241,0.0517947467923121,1,0.4788861168781295,0.4528673198993344,0.1468319488353192,,,2089.056812291965
one_pass,3667249,0,36672493,0,fm,bucket,0,-1,119,120,153354241,0.0517947467923121,1,0.4765867957825794,0.4527074271419964,0.1467873686774368,,,2256.0786862079985
one_pass,3667249,0,16384,0,fm,bucket,0,-1,119,120,153354241,0.0517947467923121,2,23.882824420928955,1.196414839769326,0.2478513192534267,,,63.78156904107891
one_pass,3667249,0,65536,0,fm,bucket,0,-1,119,120,153354241,0.0517947467923121,2,6.5818753354251385,0.731229368644002,0.210325239250614,,,133.413200333016
one_pass,3667249,0,262144,0,fm,bucket,0,-1,119,120,153354241,0.0517947467923121,2,2.1431271908804774,0.6147409062845849,0.1857232895169978,,,204.41719545808155
one_pass,3667249,0,1048576,0,fm,bucket,0,-1,119,120,153354241,0.0517947467923121,2,0.9549550989177078,0.5273333645972017,0.1682169520276506,,,312.20102979103103
one_pass,3667249,0,4194304,0,fm,bucket,0,-1,119,120,153354241,0.0517947467923121,2,0.6109318620001432,0.4803013439218735,0.1559733983480799,,,526.7428777500754
one_pass,3667249,0,16777216,0,fm,bucket,0,-1,119,120,153354241,0.0517947467923121,2,0.5024053515517153,0.4594347522795933,0.1490992114558489,,,1262.0014188330388
one_pass,3667249,0,33554432,0,fm,bucket,0,-1,119,120,153354241,0.0517947467923121,2,0.4786934171206667,0.4527998183794283,0.1468074367826938,,,1970.3041764580412
one_pass,3667249,0,36672493,0,fm,bucket,0,-1,119,120,153354241,0.0517947467923121,2,0.4764103465850835,0.4526932554337478,0.1467843085993029,,,2130.7745713330805
one_pass,3667249,0,16384,0,fm,bucket,0,-1,119,120,153354241,0.1,0,95.5368977189064,2.830965619398135,0.2903040899311088,,,64.63748662499711
one_pass,3667249,0,65536,0,fm,bucket,0,-1,119,120,153354241,0.1,0,25.412080600857735,1.6932010527981924,0.2635576220448687,,,137.57913579198066
one_pass,3667249,0,262144,0,fm,bucket,0,-1,119,120,153354241,0.1,0,7.40393204241991,1.1985608398718492,0.2340686273586916,,,208.34515804203693
one_pass,3667249,0,1048576,0,fm,bucket,0,-1,119,120,153354241,0.1,0,2.5519566053990275,0.7774524770547516,0.2037318194735585,,,317.5342262920458
one_pass,3667249,0,4194304,0,fm,bucket,0,-1,119,120,153354241,0.1,0,1.1053369952715002,0.5508749541279604,0.1719988168426947,,,522.6107964590192
one_pass,3667249,0,16777216,0,fm,bucket,0,-1,119,120,153354241,0.1,0,0.6523938159589306,0.4804081475830134,0.1552122521412445,,,1235.1307060840772
one_pass,3667249,0,33554432,0,fm,bucket,0,-1,119,120,153354241,0.1,0,0.5617660286152386,0.4656802802792674,0.150857098163689,,,1937.4273032919737
one_pass,3667249,0,36672493,0,fm,bucket,0,-1,119,120,153354241,0.1,0,0.5534925399801383,0.4657418956744134,0.1509528143424863,,,2084.4941173340194
one_pass,3667249,0,16384,0,fm,bucket,0,-1,119,120,153354241,0.1,1,91.98235887289049,3.0516419708847504,0.3402532533478958,,,70.8302952919621
one_pass,3667249,0,65536,0,fm,bucket,0,-1,119,120,153354241,0.1,1,24.51603251695633,1.730008773713804,0.2635044102475635,,,141.2822943329811
one_pass,3667249,0,262144,0,fm,bucket,0,-1,119,120,153354241,0.1,1,7.233897792175412,1.2738212168324703,0.2341633814062929,,,214.51351016690023
one_pass,3667249,0,1048576,0,fm,bucket,0,-1,119,120,153354241,0.1,1,2.5467498342040926,0.8209618763397153,0.2070490825381529,,,314.4423907919554
one_pass,3667249,0,4194304,0,fm,bucket,0,-1,119,120,153354241,0.1,1,1.1207788123283535,0.5623487353054385,0.1743306185362923,,,498.9672906670021
one_pass,3667249,0,16777216,0,fm,bucket,0,-1,119,120,153354241,0.1,1,0.6586099196574651,0.4815226562051776,0.1555571828515178,,,1046.6522132079117
one_pass,3667249,0,33554432,0,fm,bucket,0,-1,119,120,153354241,0.1,1,0.5651248564354319,0.4660516610935371,0.1509875415252421,,,1636.647612000001
one_pass,3667249,0,36672493,0,fm,bucket,0,-1,119,120,153354241,0.1,1,0.5565719738226986,0.4658291660063384,0.151011981760339,,,1779.3011208329117
one_pass,3667249,0,16384,0,fm,bucket,0,-1,119,120,153354241,0.1,2,93.18433803319932,2.9713533782355497,0.3207182363320367,,,69.24633283296134
one_pass,3667249,0,65536,0,fm,bucket,0,-1,119,120,153354241,0.1,2,24.78697831183672,1.6897975879568232,0.2606041258633081,,,135.58925595798064
one_pass,3667249,0,262144,0,fm,bucket,0,-1,119,120,153354241,0.1,2,7.270533079281449,1.2400157267000247,0.2327876286327173,,,205.34544262499548
one_pass,3667249,0,1048576,0,fm,bucket,0,-1,119,120,153354241,0.1,2,2.5431173394899815,0.8105926263156837,0.2059263085790815,,,308.5488539999351
one_pass,3667249,0,4194304,0,fm,bucket,0,-1,119,120,153354241,0.1,2,1.117634148860816,0.5614763363456491,0.1742083038018688,,,486.3207783749094
one_pass,3667249,0,16777216,0,fm,bucket,0,-1,119,120,153354241,0.1,2,0.657796001782117,0.481638166405609,0.1555636890226325,,,1028.291259832913
one_pass,3667249,0,33554432,0,fm,bucket,0,-1,119,120,153354241,0.1,2,0.56463998811887,0.4658389575893031,0.1508896725797866,,,1619.8329249999952
one_pass,3667249,0,36672493,0,fm,bucket,0,-1,119,120,153354241,0.1,2,0.5561283169376009,0.4658194920582584,0.1509633035479181,,,1761.1136542919558
one_pass,3667249,0,16384,0,spectral-old,bucket,15,7,0,120,153354360,0.001,0,0.6952099502086639,0.6764622040897574,0.241755109750045,,,92.45663958310617
one_pass,3667249,0,65536,0,spectral-old,bucket,15,7,0,120,153354360,0.001,0,0.6651934273540974,0.6370967583916423,0.2225094157001629,,,181.20442041603383
one_pass,3667249,0,262144,0,spectral-old,bucket,15,7,0,120,153354360,0.001,0,0.6207632217556238,0.5844759166469615,0.1976863145333628,,,277.7058193749981
one_pass,3667249,0,1048576,0,spectral-old,bucket,15,7,0,120,153354360,0.001,0,0.5743728682864457,0.5435311747404095,0.1803797765090034,,,405.72868141601793
one_pass,3667249,0,4194304,0,spectral-old,bucket,15,7,0,120,153354360,0.001,0,0.5380621130752843,0.5131455615462513,0.1687965573796063,,,660.0313208750449
one_pass,3667249,0,16777216,0,spectral-old,bucket,15,7,0,120,153354360,0.001,0,0.509287261069403,0.4900369562617002,0.1602298431046109,,,1369.042661332991
one_pass,3667249,0,33554432,0,spectral-old,bucket,15,7,0,120,153354360,0.001,0,0.4977282518120773,0.4813667413044242,0.157056666323702,,,2390.668990208069
one_pass,3667249,0,36672493,0,spectral-old,bucket,15,7,0,120,153354360,0.001,0,0.4963817629222293,0.480363272643893,0.1566894613697607,,,2723.076391833019
one_pass,3667249,0,16384,0,spectral-old,bucket,15,7,0,120,153354360,0.001,1,0.701086089015007,0.6848483313993041,0.2458805896603247,,,88.66178879200015
one_pass,3667249,0,65536,0,spectral-old,bucket,15,7,0,120,153354360,0.001,1,0.6740665175020695,0.6474059274334555,0.2275188270629472,,,166.34859012498055
one_pass,3667249,0,262144,0,spectral-old,bucket,15,7,0,120,153354360,0.001,1,0.6298460382968187,0.591699644029068,0.200966717307616,,,245.81967320898548
one_pass,3667249,0,1048576,0,spectral-old,bucket,15,7,0,120,153354360,0.001,1,0.57907132524997,0.5453390928096913,0.1810631101437741,,,371.74316633399576
one_pass,3667249,0,4194304,0,spectral-old,bucket,15,7,0,120,153354360,0.001,1,0.5407327442080714,0.5152289000088296,0.1695659890267978,,,629.9779414170189
one_pass,3667249,0,16777216,0,spectral-old,bucket,15,7,0,120,153354360,0.001,1,0.5113869253618759,0.4918440804785856,0.160874107161716,,,1298.62725804199
one_pass,3667249,0,33554432,0,spectral-old,bucket,15,7,0,120,153354360,0.001,1,0.4996473035753297,0.4831762951110788,0.1577068041179546,,,2439.891816833988
one_pass,3667249,0,36672493,0,spectral-old,bucket,15,7,0,120,153354360,0.001,1,0.4982771533785532,0.4821827425920125,0.1573429790765534,,,2655.509786834009
one_pass,3667249,0,16384,0,spectral-old,bucket,15,7,0,120,153354360,0.001,2,0.6824697256088257,0.666411140551504,0.2367952969262224,,,89.91948291601148
one_pass,3667249,0,65536,0,spectral-old,bucket,15,7,0,120,153354360,0.001,2,0.658608827739954,0.633248992022608,0.220572075527532,,,166.26625470805448
one_pass,3667249,0,262144,0,spectral-old,bucket,15,7,0,120,153354360,0.001,2,0.6198406321927905,0.5873498998748208,0.1988585177673124,,,246.811450875015
one_pass,3667249,0,1048576,0,spectral-old,bucket,15,7,0,120,153354360,0.001,2,0.577119667083025,0.5468698503947766,0.1816613254676579,,,371.9525212500011
one_pass,3667249,0,4194304,0,spectral-old,bucket,15,7,0,120,153354360,0.001,2,0.5408246371662244,0.5149543943049862,0.1694698955059801,,,631.2489027910633
one_pass,3667249,0,16777216,0,spectral-old,bucket,15,7,0,120,153354360,0.001,2,0.5108972753805574,0.4911696832454661,0.1606345156148536,,,1300.448828250053
one_pass,3667249,0,33554432,0,spectral-old,bucket,15,7,0,120,153354360,0.001,2,0.499148869432247,0.4828864845428455,0.1576096132340889,,,2439.9753932500025
one_pass,3667249,0,36672493,0,spectral-old,bucket,15,7,0,120,153354360,0.001,2,0.4978072682482103,0.4819442119993026,0.1572648908830242,,,2654.741770499968
one_pass,3667249,0,16384,0,spectral-old,bucket,15,7,0,120,153354360,0.0019306977288832,0,0.6809581518173218,0.6484128820876286,0.228010858828633,,,74.0554321249947
one_pass,3667249,0,65536,0,spectral-old,bucket,15,7,0,120,153354360,0.0019306977288832,0,0.6336675509810448,0.5937305971409873,0.2019108491647148,,,146.9927940829657
one_pass,3667249,0,262144,0,spectral-old,bucket,15,7,0,120,153354360,0.0019306977288832,0,0.5819009402766824,0.5478516650760218,0.1820813519184062,,,238.6760284169577
one_pass,3667249,0,1048576,0,spectral-old,bucket,15,7,0,120,153354360,0.0019306977288832,0,0.5422323949169368,0.516078849386061,0.1698879463330947,,,371.1511788329808
one_pass,3667249,0,4194304,0,spectral-old,bucket,15,7,0,120,153354360,0.0019306977288832,0,0.5118476587813348,0.4916261260113966,0.1608154836770522,,,618.0349634169834
one_pass,3667249,0,16777216,0,spectral-old,bucket,15,7,0,120,153354360,0.0019306977288832,0,0.4897241192084038,0.4750118799809723,0.1547401145799072,,,1289.0404080419105
one_pass,3667249,0,33554432,0,spectral-old,bucket,15,7,0,120,153354360,0.0019306977288832,0,0.4808556424541166,0.4684180108280049,0.1523544301873649,,,2460.6998892918928
one_pass,3667249,0,36672493,0,spectral-old,bucket,15,7,0,120,153354360,0.0019306977288832,0,0.4798382164777992,0.4676754432470957,0.1520852000536042,,,2731.807321832981
one_pass,3667249,0,16384,0,spectral-old,bucket,15,7,0,120,153354360,0.0019306977288832,1,0.6878817826509476,0.6583505387797983,0.2328659925958363,,,70.13242058397736
one_pass,3667249,0,65536,0,spectral-old,bucket,15,7,0,120,153354360,0.0019306977288832,1,0.6430402770638466,0.6023207856320072,0.2058945461166395,,,153.16783670894802
one_pass,3667249,0,262144,0,spectral-old,bucket,15,7,0,120,153354360,0.0019306977288832,1,0.5875513227656484,0.5499425469571426,0.1828786921724044,,,247.56796408398077
one_pass,3667249,0,1048576,0,spectral-old,bucket,15,7,0,120,153354360,0.0019306977288832,1,0.5448538234923035,0.5177699342319382,0.1705154278316036,,,381.3180491250241
one_pass,3667249,0,4194304,0,spectral-old,bucket,15,7,0,120,153354360,0.0019306977288832,1,0.5135444957122672,0.4930445851013569,0.1613123525066518,,,605.7973636250244
one_pass,3667249,0,16777216,0,spectral-old,bucket,15,7,0,120,153354360,0.0019306977288832,1,0.4912217944511212,0.4765967919270246,0.1553086143116458,,,1271.937424874981
one_pass,3667249,0,33554432,0,spectral-old,bucket,15,7,0,120,153354360,0.0019306977288832,1,0.4823840833996655,0.4699492855272565,0.1529094686636461,,,2436.539946208941
one_pass,3667249,0,36672493,0,spectral-old,bucket,15,7,0,120,153354360,0.0019306977288832,1,0.4813620803100681,0.4692049336974286,0.152637074256336,,,2746.2485783339944
one_pass,3667249,0,16384,0,spectral-old,bucket,15,7,0,120,153354360,0.0019306977288832,2,0.6701204031705856,0.6423621475644683,0.2250051911362626,,,87.98648337495979
one_pass,3667249,0,65536,0,spectral-old,bucket,15,7,0,120,153354360,0.0019306977288832,2,0.6316813677549362,0.5956080337789968,0.2026529166176158,,,174.0257937089773
one_pass,3667249,0,262144,0,spectral-old,bucket,15,7,0,120,153354360,0.0019306977288832,2,0.5842710435390472,0.5511846265775783,0.1833606925417333,,,254.75133720901795
one_pass,3667249,0,1048576,0,spectral-old,bucket,15,7,0,120,153354360,0.0019306977288832,2,0.5449415624607354,0.5178989393439197,0.1705718841681287,,,364.9782476669643
one_pass,3667249,0,4194304,0,spectral-old,bucket,15,7,0,120,153354360,0.0019306977288832,2,0.5133310951350722,0.4927113602704292,0.1611993513677745,,,593.7432174590649
one_pass,3667249,0,16777216,0,spectral-old,bucket,15,7,0,120,153354360,0.0019306977288832,2,0.4912258846816257,0.4769821676177482,0.1554602809886418,,,1281.342372791958
one_pass,3667249,0,33554432,0,spectral-old,bucket,15,7,0,120,153354360,0.0019306977288832,2,0.4826847626136441,0.4707816259608257,0.1532144955671977,,,2522.3466920419596
one_pass,3667249,0,36672493,0,spectral-old,bucket,15,7,0,120,153354360,0.0019306977288832,2,0.48170651678672,0.4700708169428318,0.1529545842932608,,,2769.4029285419965
one_pass,3667249,0,16384,0,spectral-old,bucket,15,7,0,120,153354360,0.0037275937203149,0,0.6576291173696518,0.6077400752997218,0.2084424557043206,,,70.36270408297423
one_pass,3667249,0,65536,0,spectral-old,bucket,15,7,0,120,153354360,0.0037275937203149,0,0.5964322201907635,0.5548255543702246,0.1848764450033717,,,147.19178562494926
one_pass,3667249,0,262144,0,spectral-old,bucket,15,7,0,120,153354360,0.0037275937203149,0,0.5498203616589308,0.5207283374991284,0.1716608461631546,,,233.7233521669405
one_pass,3667249,0,1048576,0,spectral-old,bucket,15,7,0,120,153354360,0.0037275937203149,0,0.5158203616738319,0.4942102255270224,0.1617566719192133,,,339.5254523330368
one_pass,3667249,0,4194304,0,spectral-old,bucket,15,7,0,120,153354360,0.0037275937203149,0,0.4921228600724134,0.4768375639402892,0.1554038411889053,,,554.2915005829418
one_pass,3667249,0,16777216,0,spectral-old,bucket,15,7,0,120,153354360,0.0037275937203149,0,0.4754492658175877,0.464517898919099,0.1509601960962788,,,1301.6832734169438
one_pass,3667249,0,33554432,0,spectral-old,bucket,15,7,0,120,153354360,0.0037275937203149,0,0.4688925220434612,0.4599309869126997,0.1493253768679577,,,2507.924774416955
one_pass,3667249,0,36672493,0,spectral-old,bucket,15,7,0,120,153354360,0.0037275937203149,0,0.4681560103707677,0.4594336851108304,0.1491478289651408,,,2722.7603751249844
one_pass,3667249,0,16384,0,spectral-old,bucket,15,7,0,120,153354360,0.0037275937203149,1,0.6656056791543961,0.6176850959356827,0.2131556373289731,,,72.68667370895855
one_pass,3667249,0,65536,0,spectral-old,bucket,15,7,0,120,153354360,0.0037275937203149,1,0.6034655682742596,0.5578431255279374,0.186097129888973,,,141.70142195897645
one_pass,3667249,0,262144,0,spectral-old,bucket,15,7,0,120,153354360,0.0037275937203149,1,0.5527001833543181,0.5219123285474176,0.172087523197317,,,218.30174579191953
one_pass,3667249,0,1048576,0,spectral-old,bucket,15,7,0,120,153354360,0.0037275937203149,1,0.5169452927075326,0.4950006496486708,0.1620199896267979,,,320.85717237496283
one_pass,3667249,0,4194304,0,spectral-old,bucket,15,7,0,120,153354360,0.0037275937203149,1,0.4930485305085312,0.4778012012557232,0.1557463249005115,,,542.1206000419334
one_pass,3667249,0,16777216,0,spectral-old,bucket,15,7,0,120,153354360,0.0037275937203149,1,0.4763936214294517,0.4654144539262114,0.1512832661207376,,,1509.4466063749278
one_pass,3667249,0,33554432,0,spectral-old,bucket,15,7,0,120,153354360,0.0037275937203149,1,0.4697933284078317,0.4607018981763991,0.1496014525265081,,,2502.7010372499935
one_pass,3667249,0,36672493,0,spectral-old,bucket,15,7,0,120,153354360,0.0037275937203149,1,0.4690455538539768,0.4602105616681666,0.1494225037416697,,,2702.706567666959
one_pass,3667249,0,16384,0,spectral-old,bucket,15,7,0,120,153354360,0.0037275937203149,2,0.6503482311964035,0.6076966463043734,0.2083058949343094,,,68.37565845798235
one_pass,3667249,0,65536,0,spectral-old,bucket,15,7,0,120,153354360,0.0037275937203149,2,0.5988966003060341,0.558730374151048,0.1864110582848421,,,137.7745908750221
one_pass,3667249,0,262144,0,spectral-old,bucket,15,7,0,120,153354360,0.0037275937203149,2,0.5529604936018586,0.5230527491921756,0.172566328015332,,,213.2056670419406
one_pass,3667249,0,1048576,0,spectral-old,bucket,15,7,0,120,153354360,0.0037275937203149,2,0.5174189789686352,0.495034736883007,0.162061171594462,,,325.61360670800786
one_pass,3667249,0,4194304,0,spectral-old,bucket,15,7,0,120,153354360,0.0037275937203149,2,0.4932849933975376,0.4782481446352214,0.1559349626307127,,,569.0716421250254
one_pass,3667249,0,16777216,0,spectral-old,bucket,15,7,0,120,153354360,0.0037275937203149,2,0.4770825662271818,0.4664127900375789,0.1516458491770857,,,1517.6043000830105
one_pass,3667249,0,33554432,0,spectral-old,bucket,15,7,0,120,153354360,0.0037275937203149,2,0.4705831093815504,0.4616049822724583,0.1499228851525921,,,2519.5178314580116
one_pass,3667249,0,36672493,0,spectral-old,bucket,15,7,0,120,153354360,0.0037275937203149,2,0.4698424395167795,0.461106668637489,0.1497410313552992,,,2710.21261399996
one_pass,3667249,0,16384,0,spectral-old,bucket,15,7,0,120,153354360,0.0071968567300115,0,0.6258430778980255,0.5661485236975178,0.1896024676723582,,,82.77106666599866
one_pass,3667249,0,65536,0,spectral-old,bucket,15,7,0,120,153354360,0.0071968567300115,0,0.5646188817918301,0.5278439691869572,0.1743703988080772,,,165.88658199994825
one_pass,3667249,0,262144,0,spectral-old,bucket,15,7,0,120,153354360,0.0071968567300115,0,0.5232881815172732,0.4982451641432451,0.1632753429476144,,,260.9056592909619
one_pass,3667249,0,1048576,0,spectral-old,bucket,15,7,0,120,153354360,0.0071968567300115,0,0.4958468562690541,0.4798572146324506,0.1565094234736252,,,386.32855879096314
one_pass,3667249,0,4194304,0,spectral-old,bucket,15,7,0,120,153354360,0.0071968567300115,0,0.4785476533870678,0.4674383815060036,0.1520250740179572,,,757.296945833019
one_pass,3667249,0,16777216,0,spectral-old,bucket,15,7,0,120,153354360,0.0071968567300115,0,0.4665083455474814,0.4585119571304434,0.1488352404269485,,,1578.7578890830046
one_pass,3667249,0,33554432,0,spectral-old,bucket,15,7,0,120,153354360,0.0071968567300115,0,0.4616098953993059,0.4548798047138012,0.1475642812741872,,,2389.292418457917
one_pass,3667249,0,36672493,0,spectral-old,bucket,15,7,0,120,153354360,0.0071968567300115,0,0.4610541752205749,0.4545446229563294,0.1474406540769682,,,2583.099059832981
one_pass,3667249,0,16384,0,spectral-old,bucket,15,7,0,120,153354360,0.0071968567300115,1,0.6338149011135101,0.5713254842575431,0.1918235656090843,,,82.06364766706247
one_pass,3667249,0,65536,0,spectral-old,bucket,15,7,0,120,153354360,0.0071968567300115,1,0.5688450485467911,0.5295414283456953,0.1750012611677945,,,166.48137875006068
one_pass,3667249,0,262144,0,spectral-old,bucket,15,7,0,120,153354360,0.0071968567300115,1,0.5252907131798565,0.499177590773416,0.1635909082092726,,,259.74725200003013
one_pass,3667249,0,1048576,0,spectral-old,bucket,15,7,0,120,153354360,0.0071968567300115,1,0.4969225652748719,0.4808239307663807,0.1568703769606095,,,385.6260582919931
one_pass,3667249,0,4194304,0,spectral-old,bucket,15,7,0,120,153354360,0.0071968567300115,1,0.4797391564352438,0.4688204675633626,0.1525239385929472,,,756.5765223749913
one_pass,3667249,0,16777216,0,spectral-old,bucket,15,7,0,120,153354360,0.0071968567300115,1,0.4679584887780947,0.4600756052695544,0.1493995582917896,,,1577.6271364580607
one_pass,3667249,0,33554432,0,spectral-old,bucket,15,7,0,120,153354360,0.0071968567300115,1,0.4630628004306345,0.4562758290736895,0.1480644241183011,,,2387.821393875056
one_pass,3667249,0,36672493,0,spectral-old,bucket,15,7,0,120,153354360,0.0071968567300115,1,0.4624938608650542,0.4558817076719899,0.1479192736583192,,,2581.30749825004
one_pass,3667249,0,16384,0,spectral-old,bucket,15,7,0,120,153354360,0.0071968567300115,2,0.6236627250909805,0.5709113639667663,0.1915187135467879,,,65.96484687493648
one_pass,3667249,0,65536,0,spectral-old,bucket,15,7,0,120,153354360,0.0071968567300115,2,0.5687961503863335,0.5311497595399263,0.1756479943741421,,,134.84287037490867
one_pass,3667249,0,262144,0,spectral-old,bucket,15,7,0,120,153354360,0.0071968567300115,2,0.5261574205942452,0.4996951543154183,0.1638002656218281,,,235.38572979194575
one_pass,3667249,0,1048576,0,spectral-old,bucket,15,7,0,120,153354360,0.0071968567300115,2,0.4973843164043501,0.4807862462479459,0.1568720080162205,,,389.71331545792054
one_pass,3667249,0,4194304,0,spectral-old,bucket,15,7,0,120,153354360,0.0071968567300115,2,0.4796404830412939,0.4685139122384734,0.1524282102628723,,,644.7310909999069
one_pass,3667249,0,16777216,0,spectral-old,bucket,15,7,0,120,153354360,0.0071968567300115,2,0.4675311472383328,0.4595015945581597,0.1491906334803581,,,1287.3978784999344
one_pass,3667249,0,33554432,0,spectral-old,bucket,15,7,0,120,153354360,0.0071968567300115,2,0.4624731991243607,0.4556098908805909,0.14782976637956,,,2055.8574742500205
one_pass,3667249,0,36672493,0,spectral-old,bucket,15,7,0,120,153354360,0.0071968567300115,2,0.4618986461730885,0.4551982356364818,0.1476821509711059,,,2248.8612470829394
one_pass,3667249,0,16384,0,spectral-old,bucket,15,7,0,120,153354360,0.0138949549437313,0,0.5972558856010437,0.5417101281253378,0.1798508072812965,,,89.5844341670163
one_pass,3667249,0,65536,0,spectral-old,bucket,15,7,0,120,153354360,0.0138949549437313,0,0.540691502392292,0.5063300920968021,0.1662896820835376,,,185.14899575000163
one_pass,3667249,0,262144,0,spectral-old,bucket,15,7,0,120,153354360,0.0138949549437313,0,0.5053333225660026,0.4858526468592472,0.1587450624585189,,,292.13084829202853
one_pass,3667249,0,1048576,0,spectral-old,bucket,15,7,0,120,153354360,0.0138949549437313,0,0.4847794545348733,0.4733083617602131,0.154170740836619,,,412.11732758395374
one_pass,3667249,0,4194304,0,spectral-old,bucket,15,7,0,120,153354360,0.0138949549437313,0,0.4723426804412156,0.4641904186183436,0.15090515184272,0.4696847955451047,0.1529161382836733,632.1715582920006
one_pass,3667249,0,16777216,0,spectral-old,bucket,15,7,0,120,153354360,0.0138949549437313,0,0.4632341038450249,0.45681505616155,0.1482632063660795,0.4623053670222062,0.1502741009026986,1250.4932807090229
one_pass,3667249,0,33554432,0,spectral-old,bucket,15,7,0,120,153354360,0.0138949549437313,0,0.4590800118530751,0.4532209335253911,0.1469951280946438,0.4589026620808897,0.1490545022141516,2029.2415919590276
one_pass,3667249,0,36672493,0,spectral-old,bucket,15,7,0,120,153354360,0.0138949549437313,0,0.4585817304007556,0.452864458628816,0.1468643253974627,0.4585462074824903,0.1489298916072701,2238.427342833951
one_pass,3667249,0,16384,0,spectral-old,bucket,15,7,0,120,153354360,0.0138949549437313,1,0.6025969088077545,0.5432355385491611,0.1804632574181869,,,88.74685250001494
one_pass,3667249,0,65536,0,spectral-old,bucket,15,7,0,120,153354360,0.0138949549437313,1,0.5429320894181728,0.5081482827938426,0.166943702830917,,,184.304837667034
one_pass,3667249,0,262144,0,spectral-old,bucket,15,7,0,120,153354360,0.0138949549437313,1,0.5070614730939269,0.4869138774104628,0.1591802439805771,,,291.28103850001935
one_pass,3667249,0,1048576,0,spectral-old,bucket,15,7,0,120,153354360,0.0138949549437313,1,0.4856606065295636,0.4739429734572701,0.1544141122263362,,,410.6519454170484
one_pass,3667249,0,4194304,0,spectral-old,bucket,15,7,0,120,153354360,0.0138949549437313,1,0.4729651303205173,0.4648454308673607,0.1511278565673332,0.4701448388106205,0.1530839642940394,630.7240065840306
one_pass,3667249,0,16777216,0,spectral-old,bucket,15,7,0,120,153354360,0.0138949549437313,1,0.4637884118419606,0.4573329044771706,0.1484443637408878,0.4628395858464529,0.1504673382168129,1248.0216455420014
one_pass,3667249,0,33554432,0,spectral-old,bucket,15,7,0,120,153354360,0.0138949549437313,1,0.4596325548736786,0.4538841970127711,0.1472355328184448,0.4595802432649389,0.1492962899800148,2015.2814499590313
one_pass,3667249,0,36672493,0,spectral-old,bucket,15,7,0,120,153354360,0.0138949549437313,1,0.4591383423811958,0.4535573875703828,0.1471055074651651,0.4592218400616483,0.1491682156831853,2222.5271045840345
one_pass,3667249,0,16384,0,spectral-old,bucket,15,7,0,120,153354360,0.0138949549437313,2,0.5985853374004364,0.5462137196956431,0.1815576456701211,,,92.60760512494016
one_pass,3667249,0,65536,0,spectral-old,bucket,15,7,0,120,153354360,0.0138949549437313,2,0.5435857214033604,0.5090510604600141,0.1672904414269315,,,180.12614983296953
one_pass,3667249,0,262144,0,spectral-old,bucket,15,7,0,120,153354360,0.0138949549437313,2,0.507731702644378,0.4867877491271618,0.159104495068576,,,257.24436420795973
one_pass,3667249,0,1048576,0,spectral-old,bucket,15,7,0,120,153354360,0.0138949549437313,2,0.4858274169964716,0.4735378493925069,0.1542629949615054,,,360.12775616603903
one_pass,3667249,0,4194304,0,spectral-old,bucket,15,7,0,120,153354360,0.0138949549437313,2,0.4727848682960029,0.4642450693692322,0.1509308307824745,0.4697311281249121,0.1529505573938472,575.4781075830106
one_pass,3667249,0,16777216,0,spectral-old,bucket,15,7,0,120,153354360,0.0138949549437313,2,0.463285545578401,0.4566315993326443,0.1482068806645254,0.4622672000209959,0.1502700523453513,1184.5193232499296
one_pass,3667249,0,33554432,0,spectral-old,bucket,15,7,0,120,153354360,0.0138949549437313,2,0.4590251473127864,0.4531833174708587,0.1469895274525068,0.4589015596283187,0.1490587994524444,1949.834298040951
one_pass,3667249,0,36672493,0,spectral-old,bucket,15,7,0,120,153354360,0.0138949549437313,2,0.4585271140495078,0.4528419172151543,0.1468641382634619,0.4585430426913341,0.148940762025955,2142.097286041011
one_pass,3667249,0,16384,0,spectral-old,bucket,15,7,0,120,153354360,0.0268269579527972,0,0.5822088420391083,0.5229131627191141,0.1726941755387994,0.5286498102357018,0.1750746873633496,80.62611233303323
one_pass,3667249,0,65536,0,spectral-old,bucket,15,7,0,120,153354360,0.0268269579527972,0,0.5262136328965425,0.4984757411264996,0.1634825192183398,0.5036098104030977,0.1654611758798176,152.27075945807155
one_pass,3667249,0,262144,0,spectral-old,bucket,15,7,0,120,153354360,0.0268269579527972,0,0.499326002318412,0.4834331498702137,0.1578528178462324,0.4889978424269282,0.1599222400270392,227.2074409580091
one_pass,3667249,0,1048576,0,spectral-old,bucket,15,7,0,120,153354360,0.0268269579527972,0,0.4823422223562374,0.473305767541521,0.1542117803009709,0.4786659251550791,0.156187019703995,337.5807369169779
one_pass,3667249,0,4194304,0,spectral-old,bucket,15,7,0,120,153354360,0.0268269579527972,0,0.4720843736431561,0.4647858770119212,0.1511603579742416,,,552.9953787500272
one_pass,3667249,0,16777216,0,spectral-old,bucket,15,7,0,120,153354360,0.0268269579527972,0,0.4634650297812186,0.4573145556986251,0.1484810304662548,,,1150.1553404580336
one_pass,3667249,0,33554432,0,spectral-old,bucket,15,7,0,120,153354360,0.0268269579527972,0,0.459332429956703,0.4537475009027265,0.1472178008258304,,,1931.644493333064
one_pass,3667249,0,36672493,0,spectral-old,bucket,15,7,0,120,153354360,0.0268269579527972,0,0.4588387499338754,0.4533982506454735,0.1470835111347447,,,2102.950442624977
one_pass,3667249,0,16384,0,spectral-old,bucket,15,7,0,120,153354360,0.0268269579527972,1,0.5845950543880463,0.5259156848267031,0.173993552485327,0.5318259032483176,0.176442582061709,69.28256566706114
one_pass,3667249,0,65536,0,spectral-old,bucket,15,7,0,120,153354360,0.0268269579527972,1,0.5282993577420712,0.4980716008941389,0.1633503761142529,0.5035257486741669,0.1654345094278258,137.50667933304794
one_pass,3667249,0,262144,0,spectral-old,bucket,15,7,0,120,153354360,0.0268269579527972,1,0.499749569222331,0.4839951701982661,0.1580674667132415,0.4894724219490038,0.1601030287076889,211.69764466700144
one_pass,3667249,0,1048576,0,spectral-old,bucket,15,7,0,120,153354360,0.0268269579527972,1,0.4829458788735792,0.473340372815391,0.1542066749036962,0.478897249928717,0.1562408687834623,320.23404354206286
one_pass,3667249,0,4194304,0,spectral-old,bucket,15,7,0,120,153354360,0.0268269579527972,1,0.4724876304680947,0.4651392208965934,0.1512804751581999,,,523.14016954205
one_pass,3667249,0,16777216,0,spectral-old,bucket,15,7,0,120,153354360,0.0268269579527972,1,0.4640502405163715,0.4579125997429211,0.1486859847558066,,,1112.2442250830354
one_pass,3667249,0,33554432,0,spectral-old,bucket,15,7,0,120,153354360,0.0268269579527972,1,0.4599857783105108,0.4543271221190811,0.1474229305042022,,,1874.986541124992
one_pass,3667249,0,36672493,0,spectral-old,bucket,15,7,0,120,153354360,0.0268269579527972,1,0.4594999417753954,0.4538761276524531,0.1472605451888121,,,2024.595034667058
one_pass,3667249,0,16384,0,spectral-old,bucket,15,7,0,120,153354360,0.0268269579527972,2,0.584795668721199,0.529044959201754,0.1750256164787595,0.5345052825669151,0.1773373354992146,68.15985529089812
one_pass,3667249,0,65536,0,spectral-old,bucket,15,7,0,120,153354360,0.0268269579527972,2,0.5283533520996571,0.4996121633169178,0.1638832130914269,0.5046737384147595,0.1658540376612173,136.76424737495836
one_pass,3667249,0,262144,0,spectral-old,bucket,15,7,0,120,153354360,0.0268269579527972,2,0.5001446446403861,0.4842548218848994,0.1581549537476643,0.489764620785007,0.1602051148670945,206.86971645790615
one_pass,3667249,0,1048576,0,spectral-old,bucket,15,7,0,120,153354360,0.0268269579527972,2,0.4831450846977532,0.4736775894366789,0.1543544897854981,0.4792150970841208,0.1563948805571574,301.5025569999125
one_pass,3667249,0,4194304,0,spectral-old,bucket,15,7,0,120,153354360,0.0268269579527972,2,0.4724073292745743,0.4651195835200884,0.151274682171043,,,495.6207523329649
one_pass,3667249,0,16777216,0,spectral-old,bucket,15,7,0,120,153354360,0.0268269579527972,2,0.463749711489072,0.4575078152681678,0.1485439719650498,,,1092.343064457993
one_pass,3667249,0,33554432,0,spectral-old,bucket,15,7,0,120,153354360,0.0268269579527972,2,0.4595977169592515,0.4539430826727725,0.1472895078927293,,,1799.83811366593
one_pass,3667249,0,36672493,0,spectral-old,bucket,15,7,0,120,153354360,0.0268269579527972,2,0.4591135242438174,0.4535666331863466,0.1471490467440503,,,1939.4201277499087
one_pass,3667249,0,16384,0,spectral-old,bucket,15,7,0,120,153354360,0.0517947467923121,0,0.6681059747934341,0.6622490028150329,0.2349510284126339,,,62.6601458749501
one_pass,3667249,0,65536,0,spectral-old,bucket,15,7,0,120,153354360,0.0517947467923121,0,0.574144896119833,0.5040738928258217,0.1654165307514627,,,126.68370141694322
one_pass,3667249,0,262144,0,spectral-old,bucket,15,7,0,120,153354360,0.0517947467923121,0,0.5162221528589725,0.4896256566384331,0.1598281874781308,,,197.59014149999712
one_pass,3667249,0,1048576,0,spectral-old,bucket,15,7,0,120,153354360,0.0517947467923121,0,0.4917095423443243,0.4784604947821028,0.1559604757898275,,,293.826753958012
one_pass,3667249,0,4194304,0,spectral-old,bucket,15,7,0,120,153354360,0.0517947467923121,0,0.4782943212776445,0.4700842615982561,0.1530513291897918,,,489.9473679169314
one_pass,3667249,0,16777216,0,spectral-old,bucket,15,7,0,120,153354360,0.0517947467923121,0,0.4686475469061406,0.4621256671399596,0.1501904991248361,,,1090.878262916929
one_pass,3667249,0,33554432,0,spectral-old,bucket,15,7,0,120,153354360,0.0517947467923121,0,0.4642286746275204,0.4580955705207266,0.1487819718343625,,,1710.333553625038
one_pass,3667249,0,36672493,0,spectral-old,bucket,15,7,0,120,153354360,0.0517947467923121,0,0.463685348284218,0.4576656115947732,0.148618720422979,,,1839.3424572499937
one_pass,3667249,0,16384,0,spectral-old,bucket,15,7,0,120,153354360,0.0517947467923121,1,0.636551022529602,0.548231108919496,0.1832414735287472,,,62.76948241703212
one_pass,3667249,0,65536,0,spectral-old,bucket,15,7,0,120,153354360,0.0517947467923121,1,0.5497037563472986,0.5026880806385484,0.164936912000903,,,127.17686579201836
one_pass,3667249,0,262144,0,spectral-old,bucket,15,7,0,120,153354360,0.0517947467923121,1,0.5103513957001269,0.4892913786657206,0.1598200165353963,,,199.75102379196323
one_pass,3667249,0,1048576,0,spectral-old,bucket,15,7,0,120,153354360,0.0517947467923121,1,0.4894768455997109,0.4788289781299928,0.1561060778975325,,,297.6960559580475
one_pass,3667249,0,4194304,0,spectral-old,bucket,15,7,0,120,153354360,0.0517947467923121,1,0.4777742996520828,0.4700537913603498,0.1530349889087375,,,491.89470062498
one_pass,3667249,0,16777216,0,spectral-old,bucket,15,7,0,120,153354360,0.0517947467923121,1,0.4686653188473428,0.4621712029914074,0.1502085298165225,,,1104.2138272919692
one_pass,3667249,0,33554432,0,spectral-old,bucket,15,7,0,120,153354360,0.0517947467923121,1,0.4642581313892151,0.4581662323780402,0.1488148827231789,,,1670.675448416965
one_pass,3667249,0,36672493,0,spectral-old,bucket,15,7,0,120,153354360,0.0517947467923121,1,0.4637202254870164,0.4578177496501311,0.1486715585697491,,,1792.7803113750415
one_pass,3667249,0,16384,0,spectral-old,bucket,15,7,0,120,153354360,0.0517947467923121,2,0.6516656130552292,0.5806499523826342,0.1978060779805013,,,63.74997308303136
one_pass,3667249,0,65536,0,spectral-old,bucket,15,7,0,120,153354360,0.0517947467923121,2,0.5614565722644329,0.5041545149892762,0.1654234044117608,,,128.17255200003274
one_pass,3667249,0,262144,0,spectral-old,bucket,15,7,0,120,153354360,0.0517947467923121,2,0.5124367191456258,0.4890897693094732,0.1597938723386878,,,200.1006306669442
one_pass,3667249,0,1048576,0,spectral-old,bucket,15,7,0,120,153354360,0.0517947467923121,2,0.4900760155869648,0.4783620173074602,0.1559583572351486,,,297.19252829195466
one_pass,3667249,0,4194304,0,spectral-old,bucket,15,7,0,120,153354360,0.0517947467923121,2,0.4776207175164018,0.4697072522043964,0.1528925977357538,,,496.93232899997383
one_pass,3667249,0,16777216,0,spectral-old,bucket,15,7,0,120,153354360,0.0517947467923121,2,0.4684552167382207,0.4619549424532455,0.1501318126336099,,,1045.299935417017
one_pass,3667249,0,33554432,0,spectral-old,bucket,15,7,0,120,153354360,0.0517947467923121,2,0.4641027787183702,0.4581199865497996,0.1487870963464738,,,1555.0150537919253
one_pass,3667249,0,36672493,0,spectral-old,bucket,15,7,0,120,153354360,0.0517947467923121,2,0.4635720802919395,0.4576586429028638,0.1486062695343464,,,1662.955151333008
one_pass,3667249,0,16384,0,spectral-old,bucket,15,7,0,120,153354360,0.1,0,0.8744286298751831,0.7346224034385695,0.2627999851755759,,,63.18494666705374
one_pass,3667249,0,65536,0,spectral-old,bucket,15,7,0,120,153354360,0.1,0,0.8021354377269745,0.5450213348757208,0.1779584057317309,,,128.59257383306976
one_pass,3667249,0,262144,0,spectral-old,bucket,15,7,0,120,153354360,0.1,0,0.6003579208627343,0.5221955791367289,0.1687730664120946,,,200.2166312079644
one_pass,3667249,0,1048576,0,spectral-old,bucket,15,7,0,120,153354360,0.1,0,0.532238734071143,0.5021880172861913,0.1631911022615388,,,298.40942408307455
one_pass,3667249,0,4194304,0,spectral-old,bucket,15,7,0,120,153354360,0.1,0,0.502892908436479,0.4871194311036771,0.1584612280037353,,,496.7758836670546
one_pass,3667249,0,16777216,0,spectral-old,bucket,15,7,0,120,153354360,0.1,0,0.4849427829103661,0.4732464984996436,0.1538966547953938,,,1040.1960857920349
one_pass,3667249,0,33554432,0,spectral-old,bucket,15,7,0,120,153354360,0.1,0,0.4770119850691117,0.4664116690443654,0.1515749909953378,,,1546.1406807079911
one_pass,3667249,0,36672493,0,spectral-old,bucket,15,7,0,120,153354360,0.1,0,0.4760743316533144,0.4656115853943971,0.1513090833463907,,,1653.2014859580668
one_pass,3667249,0,16384,0,spectral-old,bucket,15,7,0,120,153354360,0.1,1,0.8320079743862152,0.7136369938586775,0.2487113541810031,,,67.13564754195977
one_pass,3667249,0,65536,0,spectral-old,bucket,15,7,0,120,153354360,0.1,1,0.8796925246715546,0.5580587553913297,0.1817946641952055,,,132.76648358395323
one_pass,3667249,0,262144,0,spectral-old,bucket,15,7,0,120,153354360,0.1,1,0.6301237363368273,0.534766656223217,0.1711452298629567,,,196.1429019169882
one_pass,3667249,0,1048576,0,spectral-old,bucket,15,7,0,120,153354360,0.1,1,0.5446257690200582,0.5049399541412815,0.1639235333136576,,,275.58064708393067
one_pass,3667249,0,4194304,0,spectral-old,bucket,15,7,0,120,153354360,0.1,1,0.5062974422471598,0.4856850519927753,0.1581428637641233,,,423.5913787499303
one_pass,3667249,0,16777216,0,spectral-old,bucket,15,7,0,120,153354360,0.1,1,0.4839719327137572,0.4702787499430602,0.1528733755248458,,,817.2861726669362
one_pass,3667249,0,33554432,0,spectral-old,bucket,15,7,0,120,153354360,0.1,1,0.4749852507084142,0.4628898677961628,0.1503972047078967,,,1223.1993883339455
one_pass,3667249,0,36672493,0,spectral-old,bucket,15,7,0,120,153354360,0.1,1,0.4739196241142833,0.4623203849293764,0.1501520815520007,,,1323.5389825419988
one_pass,3667249,0,16384,0,spectral-old,bucket,15,7,0,120,153354360,0.1,2,0.7517407685518265,1.7000706056215809,0.5453243001929647,,,59.57407583401073
one_pass,3667249,0,65536,0,spectral-old,bucket,15,7,0,120,153354360,0.1,2,1.0245068669319153,0.6268960913870874,0.1877246794445154,,,115.15230179205535
one_pass,3667249,0,262144,0,spectral-old,bucket,15,7,0,120,153354360,0.1,2,0.6707676332443953,0.5331018612762038,0.171644534362125,,,172.90502604201902
one_pass,3667249,0,1048576,0,spectral-old,bucket,15,7,0,120,153354360,0.1,2,0.5547238161088899,0.5068731735346041,0.1642333356443047,,,247.3671006669756
one_pass,3667249,0,4194304,0,spectral-old,bucket,15,7,0,120,153354360,0.1,2,0.5103325426753145,0.4874651614548884,0.1585453589688179,,,391.5862226670142
one_pass,3667249,0,16777216,0,spectral-old,bucket,15,7,0,120,153354360,0.1,2,0.4851314628176624,0.4696448249621119,0.1526521060972817,,,764.1142207500525
one_pass,3667249,0,33554432,0,spectral-old,bucket,15,7,0,120,153354360,0.1,2,0.4752167189872125,0.4620135346185365,0.1500587593879066,,,1158.4603110840544
one_pass,3667249,0,36672493,0,spectral-old,bucket,15,7,0,120,153354360,0.1,2,0.4740652073590969,0.4614299491931079,0.1498419028662814,,,1255.592472749995
one_pass,3667249,0,16384,0,spectral-new,hybrid,3,1,0,6,5112144,0.001,0,0.6875274926424026,0.6779892074044274,0.2423906409631138,,,15.453399249934591
one_pass,3667249,0,65536,0,spectral-new,hybrid,3,1,0,6,5112144,0.001,0,0.6692668162286282,0.651988238025178,0.2298182519447517,,,34.48719058302231
one_pass,3667249,0,262144,0,spectral-new,hybrid,3,1,0,6,5112144,0.001,0,0.6371489595621824,0.6080842896455017,0.2088560559483808,,,53.205523457960226
one_pass,3667249,0,1048576,0,spectral-new,hybrid,3,1,0,6,5112144,0.001,0,0.5915317605249584,0.5555861735734416,0.1852534468395063,,,77.32064220798202
one_pass,3667249,0,4194304,0,spectral-new,hybrid,3,1,0,6,5112144,0.001,0,0.5471145832561888,0.5164811613113443,0.1699137574373399,,,121.5030206249794
one_pass,3667249,0,16777216,0,spectral-new,hybrid,3,1,0,6,5112144,0.001,0,0.5133351831827895,0.491038130775684,0.1606366637446868,,,239.41173829196487
one_pass,3667249,0,33554432,0,spectral-new,hybrid,3,1,0,6,5112144,0.001,0,0.5003973647726525,0.482061904836133,0.1573588021086308,,,380.6840297919698
one_pass,3667249,0,36672493,0,spectral-new,hybrid,3,1,0,6,5112144,0.001,0,0.498919296942761,0.4810732310225314,0.1569927387123716,,,421.01569816702977
one_pass,3667249,0,16384,0,spectral-new,hybrid,3,1,0,6,5112144,0.001,1,0.6796088367700577,0.6683306810382031,0.2377866792447678,,,18.631637083017267
one_pass,3667249,0,65536,0,spectral-new,hybrid,3,1,0,6,5112144,0.001,1,0.6595039777457714,0.6401740029636456,0.2242883239549862,,,37.31097333296202
one_pass,3667249,0,262144,0,spectral-new,hybrid,3,1,0,6,5112144,0.001,1,0.6261876076459885,0.5974476928225485,0.2042565590963742,,,56.10654454200994
one_pass,3667249,0,1048576,0,spectral-new,hybrid,3,1,0,6,5112144,0.001,1,0.5817932286299765,0.5480452585235919,0.1826318652629381,,,79.77783145802096
one_pass,3667249,0,4194304,0,spectral-new,hybrid,3,1,0,6,5112144,0.001,1,0.5415812951687258,0.515909921810212,0.1701396681935565,,,125.62286508292893
one_pass,3667249,0,16777216,0,spectral-new,hybrid,3,1,0,6,5112144,0.001,1,0.513344424252864,0.4943906254666517,0.1620971931187821,,,242.9781610419741
one_pass,3667249,0,33554432,0,spectral-new,hybrid,3,1,0,6,5112144,0.001,1,0.5020568780782924,0.4857152720285379,0.1588370900330634,,,388.03046874993015
one_pass,3667249,0,36672493,0,spectral-new,hybrid,3,1,0,6,5112144,0.001,1,0.5007282064040133,0.4846903420915717,0.1584500101460574,,,428.4482883330202
one_pass,3667249,0,16384,0,spectral-new,hybrid,3,1,0,6,5112144,0.001,2,0.7501970082521439,0.7324180775701641,0.2685038131251656,,,18.850723291980103
one_pass,3667249,0,65536,0,spectral-new,hybrid,3,1,0,6,5112144,0.001,2,0.7235608585178852,0.6972488553649308,0.25171683390055,,,37.53660208301153
one_pass,3667249,0,262144,0,spectral-new,hybrid,3,1,0,6,5112144,0.001,2,0.6784487832337618,0.6364339961007708,0.2225982132351355,,,57.034737124922685
one_pass,3667249,0,1048576,0,spectral-new,hybrid,3,1,0,6,5112144,0.001,2,0.6142907496541739,0.5647419287680691,0.1895712555557708,,,81.53259095794056
one_pass,3667249,0,4194304,0,spectral-new,hybrid,3,1,0,6,5112144,0.001,2,0.5572653468698263,0.5219559458584417,0.172239777932234,,,125.76804712496232
one_pass,3667249,0,16777216,0,spectral-new,hybrid,3,1,0,6,5112144,0.001,2,0.5190577920657233,0.4944283808389676,0.1619987257333114,,,243.21544629195705
one_pass,3667249,0,33554432,0,spectral-new,hybrid,3,1,0,6,5112144,0.001,2,0.5048022577684605,0.4848348638173934,0.1584340360160646,,,387.1682075829012
one_pass,3667249,0,36672493,0,spectral-new,hybrid,3,1,0,6,5112144,0.001,2,0.5031986229361504,0.4837737051852305,0.1580383157968372,,,426.95399941690266
one_pass,3667249,0,16384,0,spectral-new,hybrid,3,1,0,6,5112144,0.0019306977288832,0,0.678925558924675,0.6598848683711297,0.2336311060275125,,,18.764618874993175
one_pass,3667249,0,65536,0,spectral-new,hybrid,3,1,0,6,5112144,0.0019306977288832,0,0.6470214016735554,0.6169158490891005,0.2130192065265363,,,37.698671207996085
one_pass,3667249,0,262144,0,spectral-new,hybrid,3,1,0,6,5112144,0.0019306977288832,0,0.5992356305941939,0.5615395347721475,0.1877772869433618,,,56.535369624965824
one_pass,3667249,0,1048576,0,spectral-new,hybrid,3,1,0,6,5112144,0.0019306977288832,0,0.5513913142494857,0.5195117181420533,0.1710436193309489,,,80.69166645803489
one_pass,3667249,0,4194304,0,spectral-new,hybrid,3,1,0,6,5112144,0.0019306977288832,0,0.5157867734960746,0.4926243116140218,0.1612181695707578,,,125.12580079201145
one_pass,3667249,0,16777216,0,spectral-new,hybrid,3,1,0,6,5112144,0.0019306977288832,0,0.491640852727869,0.4759426602619985,0.1551047339197454,,,243.11932375002652
one_pass,3667249,0,33554432,0,spectral-new,hybrid,3,1,0,6,5112144,0.0019306977288832,0,0.4827006691994029,0.4701422049409168,0.1529848085381154,,,387.41581816703547
one_pass,3667249,0,36672493,0,spectral-new,hybrid,3,1,0,6,5112144,0.0019306977288832,0,0.481702822385898,0.4695222385207295,0.1527513928959376,,,428.26709362503607
one_pass,3667249,0,16384,0,spectral-new,hybrid,3,1,0,6,5112144,0.0019306977288832,1,0.6698323637247086,0.6484647937431774,0.2282467416677936,,,19.149978082976304
one_pass,3667249,0,65536,0,spectral-new,hybrid,3,1,0,6,5112144,0.0019306977288832,1,0.6360091082751751,0.6053331017724556,0.2078912317455573,,,37.90476204094011
one_pass,3667249,0,262144,0,spectral-new,hybrid,3,1,0,6,5112144,0.0019306977288832,1,0.5893833916634321,0.5532389612772041,0.184789195823424,,,57.216189290978946
one_pass,3667249,0,1048576,0,spectral-new,hybrid,3,1,0,6,5112144,0.0019306977288832,1,0.5452142695430666,0.5180765453052443,0.1709472416756159,,,81.75284079089761
one_pass,3667249,0,4194304,0,spectral-new,hybrid,3,1,0,6,5112144,0.0019306977288832,1,0.5153693021275103,0.4957923349800547,0.1626254355416499,,,126.52907787496224
one_pass,3667249,0,16777216,0,spectral-new,hybrid,3,1,0,6,5112144,0.0019306977288832,1,0.4939623209502315,0.4791973839600221,0.1563803544646643,,,245.70149845792912
one_pass,3667249,0,33554432,0,spectral-new,hybrid,3,1,0,6,5112144,0.0019306977288832,1,0.4852251353804604,0.4727473153518102,0.1539692387331623,,,391.2117389579071
one_pass,3667249,0,36672493,0,spectral-new,hybrid,3,1,0,6,5112144,0.0019306977288832,1,0.4842123935246955,0.4720333403310276,0.1537003587445961,,,432.2467891249107
one_pass,3667249,0,16384,0,spectral-new,hybrid,3,1,0,6,5112144,0.0019306977288832,2,0.7384585738182068,0.7080648043049287,0.2568935678186954,,,18.435101374983788
one_pass,3667249,0,65536,0,spectral-new,hybrid,3,1,0,6,5112144,0.0019306977288832,2,0.6926126591861248,0.6490027031538947,0.2285861434885495,,,36.92615808395203
one_pass,3667249,0,262144,0,spectral-new,hybrid,3,1,0,6,5112144,0.0019306977288832,2,0.6250340640544891,0.5721456145562186,0.1928246417611313,,,56.444003624957986
one_pass,3667249,0,1048576,0,spectral-new,hybrid,3,1,0,6,5112144,0.0019306977288832,2,0.5628471565432847,0.5249987528278942,0.1733901178657059,,,80.90747724997345
one_pass,3667249,0,4194304,0,spectral-new,hybrid,3,1,0,6,5112144,0.0019306977288832,2,0.5218704261351377,0.4962330826027333,0.1626786957177161,,,125.45987466699444
one_pass,3667249,0,16777216,0,spectral-new,hybrid,3,1,0,6,5112144,0.0019306977288832,2,0.4953937318568933,0.4784602805361569,0.1560642095532831,,,244.22073029191233
one_pass,3667249,0,33554432,0,spectral-new,hybrid,3,1,0,6,5112144,0.0019306977288832,2,0.4857825563922233,0.4723675349873517,0.1538088188640245,,,389.0089064169442
one_pass,3667249,0,36672493,0,spectral-new,hybrid,3,1,0,6,5112144,0.0019306977288832,2,0.4847138702599093,0.4717061079356396,0.1535634197721057,,,428.8436844589887
one_pass,3667249,0,16384,0,spectral-new,hybrid,3,1,0,6,5112144,0.0037275937203149,0,0.6639063060283661,0.62998085158997,0.2192270338371398,,,18.479011124931276
one_pass,3667249,0,65536,0,spectral-new,hybrid,3,1,0,6,5112144,0.0037275937203149,0,0.6139956451952457,0.5716544492077421,0.1921823076534361,,,37.456403916934505
one_pass,3667249,0,262144,0,spectral-new,hybrid,3,1,0,6,5112144,0.0037275937203149,0,0.5599150760099292,0.5244506093353143,0.1729035000841548,,,56.41497970803175
one_pass,3667249,0,1048576,0,spectral-new,hybrid,3,1,0,6,5112144,0.0037275937203149,0,0.5194853917928413,0.4950026391694648,0.1620976596805714,,,79.97950954199769
one_pass,3667249,0,4194304,0,spectral-new,hybrid,3,1,0,6,5112144,0.0037275937203149,0,0.4936276449880097,0.4772531850178588,0.155591066714644,,,125.60123425000349
one_pass,3667249,0,16777216,0,spectral-new,hybrid,3,1,0,6,5112144,0.0037275937203149,0,0.4771278630651068,0.4664749724035776,0.1516475737630819,,,243.54744120803664
one_pass,3667249,0,33554432,0,spectral-new,hybrid,3,1,0,6,5112144,0.0037275937203149,0,0.4711546418693615,0.4628383609191238,0.1503395559833695,,,388.164966332959
one_pass,3667249,0,36672493,0,spectral-new,hybrid,3,1,0,6,5112144,0.0037275937203149,0,0.4705046330220739,0.4624827935953244,0.1502092675110767,,,428.47474737500306
one_pass,3667249,0,16384,0,spectral-new,hybrid,3,1,0,6,5112144,0.0037275937203149,1,0.6533796489238739,0.6173964464776869,0.2135018948469072,,,18.65385875001084
one_pass,3667249,0,65536,0,spectral-new,hybrid,3,1,0,6,5112144,0.0037275937203149,1,0.6027741953730583,0.5617028359054068,0.1883763743814583,,,37.567042624927126
one_pass,3667249,0,262144,0,spectral-new,hybrid,3,1,0,6,5112144,0.0037275937203149,1,0.5524203404784203,0.5212852048400378,0.172161734512526,,,57.33256558398716
one_pass,3667249,0,1048576,0,spectral-new,hybrid,3,1,0,6,5112144,0.0037275937203149,1,0.5184425073675811,0.497884521776232,0.1634175452839871,,,82.62341975001618
one_pass,3667249,0,4194304,0,spectral-new,hybrid,3,1,0,6,5112144,0.0037275937203149,1,0.4957849975908175,0.4805231877165754,0.1568828760066472,,,128.32528808398638
one_pass,3667249,0,16777216,0,spectral-new,hybrid,3,1,0,6,5112144,0.0037275937203149,1,0.4794119094440248,0.4684336813591364,0.1523740509089138,,,247.20392558397725
one_pass,3667249,0,33554432,0,spectral-new,hybrid,3,1,0,6,5112144,0.0037275937203149,1,0.4730400477164949,0.4641465058020977,0.1508145261904036,,,392.22475449997
one_pass,3667249,0,36672493,0,spectral-new,hybrid,3,1,0,6,5112144,0.0037275937203149,1,0.4723230477098706,0.4637111009069048,0.1506556435868561,,,432.81889612495434
one_pass,3667249,0,16384,0,spectral-new,hybrid,3,1,0,6,5112144,0.0037275937203149,2,0.7175215482711792,0.6666341296186739,0.2370232170120954,,,18.53140799992252
one_pass,3667249,0,65536,0,spectral-new,hybrid,3,1,0,6,5112144,0.0037275937203149,2,0.645614143460989,0.585421051992207,0.198785039697902,,,37.18344449996948
one_pass,3667249,0,262144,0,spectral-new,hybrid,3,1,0,6,5112144,0.0037275937203149,2,0.5729579357430339,0.5297110995444438,0.1751885393895677,,,56.593939666985534
one_pass,3667249,0,1048576,0,spectral-new,hybrid,3,1,0,6,5112144,0.0037275937203149,2,0.5264626495772973,0.4987850035383231,0.1636309372918207,,,81.3802298749797
one_pass,3667249,0,4194304,0,spectral-new,hybrid,3,1,0,6,5112144,0.0037275937203149,2,0.4975588536181021,0.4798538688353587,0.1565953568870812,,,125.39016820897814
one_pass,3667249,0,16777216,0,spectral-new,hybrid,3,1,0,6,5112144,0.0037275937203149,2,0.4798102514396305,0.4684470028807275,0.1523829216776889,,,243.65708649996668
one_pass,3667249,0,33554432,0,spectral-new,hybrid,3,1,0,6,5112144,0.0037275937203149,2,0.4733957536009257,0.4644845975683443,0.1509444228376714,,,385.0470512919128
one_pass,3667249,0,36672493,0,spectral-new,hybrid,3,1,0,6,5112144,0.0037275937203149,2,0.4726911071327546,0.4640758372208886,0.1507961362379841,,,425.0719787499402
one_pass,3667249,0,16384,0,spectral-new,hybrid,3,1,0,6,5112144,0.0071968567300115,0,0.6402089297771454,0.5887036994624174,0.1997912744425574,,,18.44795887498185
one_pass,3667249,0,65536,0,spectral-new,hybrid,3,1,0,6,5112144,0.0071968567300115,0,0.5768787264823914,0.532772734692877,0.1760634577231034,,,37.48913929203991
one_pass,3667249,0,262144,0,spectral-new,hybrid,3,1,0,6,5112144,0.0071968567300115,0,0.5280722454190254,0.4991663835175238,0.1636378260126461,,,56.37214512494393
one_pass,3667249,0,1048576,0,spectral-new,hybrid,3,1,0,6,5112144,0.0071968567300115,0,0.4971796995960176,0.4795728005895242,0.1564579065190645,,,80.38935020798817
one_pass,3667249,0,4194304,0,spectral-new,hybrid,3,1,0,6,5112144,0.0071968567300115,0,0.4791231850103941,0.4679050060605301,0.1521680603638752,,,126.14009016694035
one_pass,3667249,0,16777216,0,spectral-new,hybrid,3,1,0,6,5112144,0.0071968567300115,0,0.4680931003167643,0.4609314669215077,0.1496602728981498,,,244.3450665830169
one_pass,3667249,0,33554432,0,spectral-new,hybrid,3,1,0,6,5112144,0.0071968567300115,0,0.4640757901106553,0.4584730851121454,0.1487987352281922,,,390.58233637502417
one_pass,3667249,0,36672493,0,spectral-new,hybrid,3,1,0,6,5112144,0.0071968567300115,0,0.4636418896133112,0.4582643285745207,0.1487258441049299,,,430.5731084579602
one_pass,3667249,0,16384,0,spectral-new,hybrid,3,1,0,6,5112144,0.0071968567300115,1,0.6284191012382507,0.5754154189665908,0.1943244462860116,,,18.44606587500311
one_pass,3667249,0,65536,0,spectral-new,hybrid,3,1,0,6,5112144,0.0071968567300115,1,0.566506139934063,0.5273196308608717,0.1744524161249274,,,36.67297995800618
one_pass,3667249,0,262144,0,spectral-new,hybrid,3,1,0,6,5112144,0.0071968567300115,1,0.5253633707761765,0.5014515368745178,0.1647579749928677,,,55.4661032500444
one_pass,3667249,0,1048576,0,spectral-new,hybrid,3,1,0,6,5112144,0.0071968567300115,1,0.4989196100505069,0.4827572964676754,0.157726900323769,,,79.66778054099996
one_pass,3667249,0,4194304,0,spectral-new,hybrid,3,1,0,6,5112144,0.0071968567300115,1,0.4811980311933439,0.4697673556217909,0.1528569310184181,,,124.38333745801356
one_pass,3667249,0,16777216,0,spectral-new,hybrid,3,1,0,6,5112144,0.0071968567300115,1,0.469394878600724,0.4617138318618838,0.1499292387911385,,,241.68623570806812
one_pass,3667249,0,33554432,0,spectral-new,hybrid,3,1,0,6,5112144,0.0071968567300115,1,0.4649707043245144,0.4588868941265039,0.1489272876139645,,,386.57451104104985
one_pass,3667249,0,36672493,0,spectral-new,hybrid,3,1,0,6,5112144,0.0071968567300115,1,0.464480775206616,0.4586404683356845,0.1488430761502051,,,427.0773537079803
one_pass,3667249,0,16384,0,spectral-new,hybrid,3,1,0,6,5112144,0.0071968567300115,2,0.6830064803361893,0.6063279242423216,0.2083907563990451,,,16.621642209007405
one_pass,3667249,0,65536,0,spectral-new,hybrid,3,1,0,6,5112144,0.0071968567300115,2,0.5939572937786579,0.5380008697364969,0.178418059836815,,,33.75705666700378
one_pass,3667249,0,262144,0,spectral-new,hybrid,3,1,0,6,5112144,0.0071968567300115,2,0.5356547757983208,0.5031345679515259,0.1652523507717734,,,52.176790875033475
one_pass,3667249,0,1048576,0,spectral-new,hybrid,3,1,0,6,5112144,0.0071968567300115,2,0.5014141040155664,0.4818769522533701,0.1573589893458201,,,75.75786283402704
one_pass,3667249,0,4194304,0,spectral-new,hybrid,3,1,0,6,5112144,0.0071968567300115,2,0.4814884340157732,0.4695222359643178,0.1527703719597994,,,117.60400791699068
one_pass,3667249,0,16777216,0,spectral-new,hybrid,3,1,0,6,5112144,0.0071968567300115,2,0.4696670598859782,0.4620265630182272,0.1500665049443901,,,239.2550813750131
one_pass,3667249,0,33554432,0,spectral-new,hybrid,3,1,0,6,5112144,0.0071968567300115,2,0.4653386647405568,0.4593435474369091,0.1491185504411829,,,384.1874346670229
one_pass,3667249,0,36672493,0,spectral-new,hybrid,3,1,0,6,5112144,0.0071968567300115,2,0.4648641811772555,0.4591024108686759,0.1490373108593517,,,425.4683537090896
one_pass,3667249,0,16384,0,spectral-new,hybrid,3,1,0,6,5112144,0.0138949549437313,0,0.6111345291137695,0.5519515468165097,0.1836585123513358,,,17.004400499979965
one_pass,3667249,0,65536,0,spectral-new,hybrid,3,1,0,6,5112144,0.0138949549437313,0,0.547089658677578,0.5082929932747232,0.1669499629224349,,,33.843847332987934
one_pass,3667249,0,262144,0,spectral-new,hybrid,3,1,0,6,5112144,0.0138949549437313,0,0.5073310453444719,0.4845872280915346,0.1583473841244153,,,52.24387866596226
one_pass,3667249,0,1048576,0,spectral-new,hybrid,3,1,0,6,5112144,0.0138949549437313,0,0.4837478372501209,0.4710230295276265,0.1533291526184632,,,75.43829258298501
one_pass,3667249,0,4194304,0,spectral-new,hybrid,3,1,0,6,5112144,0.0138949549437313,0,0.4708462363341823,0.4629117941265037,0.1503821978618675,,,117.51396908296738
one_pass,3667249,0,16777216,0,spectral-new,hybrid,3,1,0,6,5112144,0.0138949549437313,0,0.4629770640676725,0.4577374733745135,0.148545575013306,,,240.34933812497184
one_pass,3667249,0,33554432,0,spectral-new,hybrid,3,1,0,6,5112144,0.0138949549437313,0,0.4599412573625159,0.4556902451334245,0.1478389580778707,,,385.6014155000448
one_pass,3667249,0,36672493,0,spectral-new,hybrid,3,1,0,6,5112144,0.0138949549437313,0,0.4596098799180739,0.45554768649217,0.1477871902737419,,,428.0792764159851
one_pass,3667249,0,16384,0,spectral-new,hybrid,3,1,0,6,5112144,0.0138949549437313,1,0.5992622226476669,0.5393041449479924,0.179132421957588,,,16.918151541030966
one_pass,3667249,0,65536,0,spectral-new,hybrid,3,1,0,6,5112144,0.0138949549437313,1,0.5409358441829681,0.5093275179642633,0.1676886829688364,,,34.057844750001095
one_pass,3667249,0,262144,0,spectral-new,hybrid,3,1,0,6,5112144,0.0138949549437313,1,0.5079567986540496,0.4884083044832644,0.159873493904938,,,52.39246087498032
one_pass,3667249,0,1048576,0,spectral-new,hybrid,3,1,0,6,5112144,0.0138949549437313,1,0.4860123172402382,0.4732259633233122,0.1541756946549868,,,75.96883841603994
one_pass,3667249,0,4194304,0,spectral-new,hybrid,3,1,0,6,5112144,0.0138949549437313,1,0.4723144921008497,0.4638556277588646,0.1507247255866958,,,117.77177716605364
one_pass,3667249,0,16777216,0,spectral-new,hybrid,3,1,0,6,5112144,0.0138949549437313,1,0.4636210555763682,0.4580125567941277,0.1486208889242184,,,239.584251375054
one_pass,3667249,0,33554432,0,spectral-new,hybrid,3,1,0,6,5112144,0.0138949549437313,1,0.4603398960134655,0.4559273088117974,0.1478927792731436,,,386.68592066597193
one_pass,3667249,0,36672493,0,spectral-new,hybrid,3,1,0,6,5112144,0.0138949549437313,1,0.4599790785051097,0.4558052949267611,0.147854630284983,,,429.6406604580115
one_pass,3667249,0,16384,0,spectral-new,hybrid,3,1,0,6,5112144,0.0138949549437313,2,0.6401439160108566,0.5548353301087623,0.1852460787149169,,,17.08980783401057
one_pass,3667249,0,65536,0,spectral-new,hybrid,3,1,0,6,5112144,0.0138949549437313,2,0.5570186376571655,0.5117050105450303,0.1684488454264859,,,34.0302114590304
one_pass,3667249,0,262144,0,spectral-new,hybrid,3,1,0,6,5112144,0.0138949549437313,2,0.5113943973556161,0.4868182194116692,0.1592494681724992,,,52.43930220894981
one_pass,3667249,0,1048576,0,spectral-new,hybrid,3,1,0,6,5112144,0.0138949549437313,2,0.4861288841348141,0.472424702465701,0.153874330024314,,,75.97296483395621
one_pass,3667249,0,4194304,0,spectral-new,hybrid,3,1,0,6,5112144,0.0138949549437313,2,0.4722206230799202,0.463925701894452,0.1507593614093535,,,117.58203820895868
one_pass,3667249,0,16777216,0,spectral-new,hybrid,3,1,0,6,5112144,0.0138949549437313,2,0.4638959001749754,0.4583260177061684,0.1487494923367018,,,239.44002900004853
one_pass,3667249,0,33554432,0,spectral-new,hybrid,3,1,0,6,5112144,0.0138949549437313,2,0.4606794479841483,0.4562138822437533,0.1480068985792012,,,384.5752512499457
one_pass,3667249,0,36672493,0,spectral-new,hybrid,3,1,0,6,5112144,0.0138949549437313,2,0.4603210583508592,0.456049633334149,0.14795163739846,,,426.006391834002
one_pass,3667249,0,16384,0,spectral-new,hybrid,3,1,0,6,5112144,0.0268269579527972,0,0.5882450938224792,0.529505916624137,0.1749714745070695,,,16.845465500024147
one_pass,3667249,0,65536,0,spectral-new,hybrid,3,1,0,6,5112144,0.0268269579527972,0,0.5296007059514523,0.4979875255043827,0.163344312521924,,,33.76672650000546
one_pass,3667249,0,262144,0,spectral-new,hybrid,3,1,0,6,5112144,0.0268269579527972,0,0.4977240548469126,0.4793907598063558,0.1564458207878882,,,51.73287566693034
one_pass,3667249,0,1048576,0,spectral-new,hybrid,3,1,0,6,5112144,0.0268269579527972,0,0.478397901286371,0.4681810055077192,0.1523192524337079,,,75.12359762494452
one_pass,3667249,0,4194304,0,spectral-new,hybrid,3,1,0,6,5112144,0.0268269579527972,0,0.467669789068168,0.4610183308105923,0.1497306310001551,,,116.28646175004542
one_pass,3667249,0,16777216,0,spectral-new,hybrid,3,1,0,6,5112144,0.0268269579527972,0,0.4607278163239243,0.4560679176165561,0.1479792274457379,,,236.43604279193096
one_pass,3667249,0,33554432,0,spectral-new,hybrid,3,1,0,6,5112144,0.0268269579527972,0,0.4579384183671209,0.4541175567767143,0.1473029012301847,,,381.0741638339823
one_pass,3667249,0,36672493,0,spectral-new,hybrid,3,1,0,6,5112144,0.0268269579527972,0,0.4576353006530088,0.4540076245136222,0.1472603288557956,,,423.24059045896865
one_pass,3667249,0,16384,0,spectral-new,hybrid,3,1,0,6,5112144,0.0268269579527972,1,0.580688863992691,0.5232745705184147,0.1729471690310349,,,16.824876624974422
one_pass,3667249,0,65536,0,spectral-new,hybrid,3,1,0,6,5112144,0.0268269579527972,1,0.526317410171032,0.4981922314874634,0.1635530907224754,,,34.02095224999357
one_pass,3667249,0,262144,0,spectral-new,hybrid,3,1,0,6,5112144,0.0268269579527972,1,0.4973693704232573,0.4802196492038824,0.156789122288293,,,52.394076416036114
one_pass,3667249,0,1048576,0,spectral-new,hybrid,3,1,0,6,5112144,0.0268269579527972,1,0.4785967592615634,0.4683337709491297,0.1523436110982991,,,76.05652670795098
one_pass,3667249,0,4194304,0,spectral-new,hybrid,3,1,0,6,5112144,0.0268269579527972,1,0.4675369149190373,0.4608398131289804,0.149630540190029,,,118.73550741595682
one_pass,3667249,0,16777216,0,spectral-new,hybrid,3,1,0,6,5112144,0.0268269579527972,1,0.4605572726359241,0.4559799886690798,0.1479000827667838,,,240.4365239579929
one_pass,3667249,0,33554432,0,spectral-new,hybrid,3,1,0,6,5112144,0.0268269579527972,1,0.4578162352299841,0.4541201083885438,0.1472692542329211,,,388.3222769580316
one_pass,3667249,0,36672493,0,spectral-new,hybrid,3,1,0,6,5112144,0.0268269579527972,1,0.457514636586257,0.4540446445580621,0.1472420581160464,,,430.9183702080045
one_pass,3667249,0,16384,0,spectral-new,hybrid,3,1,0,6,5112144,0.0268269579527972,2,0.6091481000185013,0.5317908792555048,0.1759933346911482,,,16.74544808396604
one_pass,3667249,0,65536,0,spectral-new,hybrid,3,1,0,6,5112144,0.0268269579527972,2,0.535385861992836,0.4977195957237484,0.1633529237033954,,,33.96757624996826
one_pass,3667249,0,262144,0,spectral-new,hybrid,3,1,0,6,5112144,0.0268269579527972,2,0.4991343994624913,0.4797692070287115,0.1566094733079326,,,53.00502395897638
one_pass,3667249,0,1048576,0,spectral-new,hybrid,3,1,0,6,5112144,0.0268269579527972,2,0.4794445557054132,0.4690171497088952,0.15265526397148,,,76.7056742500281
one_pass,3667249,0,4194304,0,spectral-new,hybrid,3,1,0,6,5112144,0.0268269579527972,2,0.4685791780648287,0.4620577894014563,0.1501494013839492,,,118.68608883395792
one_pass,3667249,0,16777216,0,spectral-new,hybrid,3,1,0,6,5112144,0.0268269579527972,2,0.4616728620312642,0.4569016983218585,0.1482960212330079,,,239.7675204590196
one_pass,3667249,0,33554432,0,spectral-new,hybrid,3,1,0,6,5112144,0.0268269579527972,2,0.458810052004992,0.454831472620559,0.147569994611476,,,386.71685258403886
one_pass,3667249,0,36672493,0,spectral-new,hybrid,3,1,0,6,5112144,0.0268269579527972,2,0.4584878930812679,0.4547244838991742,0.1475256224899221,,,428.98432775004767
one_pass,3667249,0,16384,0,spectral-new,hybrid,3,1,0,6,5112144,0.0517947467923121,0,0.585148274898529,0.5222128136659283,0.172023782828169,0.5281281633984444,0.1743878821680117,16.589980707969517
one_pass,3667249,0,65536,0,spectral-new,hybrid,3,1,0,6,5112144,0.0517947467923121,0,0.525510024279356,0.4959659922704956,0.1625275912482588,0.5014080186976799,0.1645841194706697,34.066092457971536
one_pass,3667249,0,262144,0,spectral-new,hybrid,3,1,0,6,5112144,0.0517947467923121,0,0.497557588852942,0.4811703191539563,0.1569894135313426,0.4867171250035508,0.1590122862883761,52.40874870796688
one_pass,3667249,0,1048576,0,spectral-new,hybrid,3,1,0,6,5112144,0.0517947467923121,0,0.4800211958354339,0.4706571479078881,0.1531916092576402,0.4761953505930916,0.1552325511657111,76.08488412492443
one_pass,3667249,0,4194304,0,spectral-new,hybrid,3,1,0,6,5112144,0.0517947467923121,0,0.4692738624289632,0.4625325011778965,0.1503349035552963,0.4678549403406481,0.152274101997948,117.91646541689988
one_pass,3667249,0,16777216,0,spectral-new,hybrid,3,1,0,6,5112144,0.0517947467923121,0,0.461583452677587,0.4565800842005256,0.1481815427743988,0.461832088201102,0.1500955492204774,238.81186479190364
one_pass,3667249,0,33554432,0,spectral-new,hybrid,3,1,0,6,5112144,0.0517947467923121,0,0.4584136839184793,0.454247240928912,0.1473638583426455,0.4596736637576832,0.1493226994210867,385.92595641699154
one_pass,3667249,0,36672493,0,spectral-new,hybrid,3,1,0,6,5112144,0.0517947467923121,0,0.4580526684441174,0.45410653887504,0.1473089216148277,0.4595382221001921,0.1492851432108886,429.1528487079777
one_pass,3667249,0,16384,0,spectral-new,hybrid,3,1,0,6,5112144,0.0517947467923121,1,0.5848337858915329,0.5227191756839931,0.171807168058881,0.5285279775629782,0.1741156863586115,17.00896725000348
one_pass,3667249,0,65536,0,spectral-new,hybrid,3,1,0,6,5112144,0.0517947467923121,1,0.5245740488171577,0.4948492412824369,0.1621295102476809,0.5000917299522943,0.1641238535926183,33.98333112499677
one_pass,3667249,0,262144,0,spectral-new,hybrid,3,1,0,6,5112144,0.0517947467923121,1,0.4956880095414817,0.4790883259564649,0.1561989599893227,0.4844545797266439,0.1581846590742185,52.99241237505339
one_pass,3667249,0,1048576,0,spectral-new,hybrid,3,1,0,6,5112144,0.0517947467923121,1,0.4776364562567323,0.4679041209229305,0.1521456009218228,0.4733761280018827,0.154197079102594,76.65173162496649
one_pass,3667249,0,4194304,0,spectral-new,hybrid,3,1,0,6,5112144,0.0517947467923121,1,0.4672199378837831,0.4607861987301098,0.149629326007618,0.4660967025788891,0.1515930056129196,118.30690941598732
one_pass,3667249,0,16777216,0,spectral-new,hybrid,3,1,0,6,5112144,0.0517947467923121,1,0.4602768164040753,0.4556096439471925,0.1478078612128468,0.461001144533665,0.149788562799019,239.45042304100937
one_pass,3667249,0,33554432,0,spectral-new,hybrid,3,1,0,6,5112144,0.0517947467923121,1,0.4574016165679495,0.4534763884160817,0.1470693648874252,0.4590223530530891,0.1490831000235769,384.0149580410216
one_pass,3667249,0,36672493,0,spectral-new,hybrid,3,1,0,6,5112144,0.0517947467923121,1,0.4570751307952629,0.4534181463194259,0.1470515881176611,0.4589284120176577,0.1490590615379083,425.1497547080507
one_pass,3667249,0,16384,0,spectral-new,hybrid,3,1,0,6,5112144,0.0517947467923121,2,0.5956044793128967,0.5212759425075377,0.1714049080956626,0.5276732206936586,0.173888674720952,17.058933041989803
one_pass,3667249,0,65536,0,spectral-new,hybrid,3,1,0,6,5112144,0.0517947467923121,2,0.5278499573469162,0.4939311455370906,0.1617654370163117,0.4997902347049582,0.1639584753082317,34.36297791695688
one_pass,3667249,0,262144,0,spectral-new,hybrid,3,1,0,6,5112144,0.0517947467923121,2,0.4965185103937983,0.4785407202157502,0.1560120784723916,0.4842171551082285,0.1580896421123168,52.9074679169571
one_pass,3667249,0,1048576,0,spectral-new,hybrid,3,1,0,6,5112144,0.0517947467923121,2,0.4775876009371131,0.4673754982704289,0.1519821038186316,0.4728837507011982,0.1540155820928388,76.49623049993534
one_pass,3667249,0,4194304,0,spectral-new,hybrid,3,1,0,6,5112144,0.0517947467923121,2,0.4666401501744985,0.459922411209763,0.1493455370106954,0.465209129291485,0.1512731971654327,118.79734487493988
one_pass,3667249,0,16777216,0,spectral-new,hybrid,3,1,0,6,5112144,0.0517947467923121,2,0.4594963873969391,0.4549845244266877,0.1475850972164289,0.4602709706033955,0.1495195973287702,240.1789642919321
one_pass,3667249,0,33554432,0,spectral-new,hybrid,3,1,0,6,5112144,0.0517947467923121,2,0.4567284919248777,0.4531350781274307,0.1469499973512432,0.4585631460071687,0.148921753165583,385.3384103749413
one_pass,3667249,0,36672493,0,spectral-new,hybrid,3,1,0,6,5112144,0.0517947467923121,2,0.456425427840978,0.4530724198228042,0.1469219135087348,0.458438554007503,0.1488828708001418,427.0004778750008
one_pass,3667249,0,16384,0,spectral-new,hybrid,3,1,0,6,5112144,0.1,0,0.6381540447473526,0.6750042611469514,0.2304666903376583,,,17.168094833032228
one_pass,3667249,0,65536,0,spectral-new,hybrid,3,1,0,6,5112144,0.1,0,0.5667414758354425,0.5085646248128148,0.1662887342073328,,,34.653988166945055
one_pass,3667249,0,262144,0,spectral-new,hybrid,3,1,0,6,5112144,0.1,0,0.5162684563547373,0.4908269017152187,0.1598938258149123,,,54.01487774995621
one_pass,3667249,0,1048576,0,spectral-new,hybrid,3,1,0,6,5112144,0.1,0,0.4904968964401632,0.4771748682118823,0.1552946434148666,,,77.16356658295263
one_pass,3667249,0,4194304,0,spectral-new,hybrid,3,1,0,6,5112144,0.1,0,0.475732681894442,0.4669417008855624,0.1517975583277979,,,118.79919866693672
one_pass,3667249,0,16777216,0,spectral-new,hybrid,3,1,0,6,5112144,0.1,0,0.4657090489054099,0.459377857631626,0.1491449450197827,,,241.93267891695723
one_pass,3667249,0,33554432,0,spectral-new,hybrid,3,1,0,6,5112144,0.1,0,0.4617474505066639,0.4566229379100258,0.148197687396751,,,387.42644820793066
one_pass,3667249,0,36672493,0,spectral-new,hybrid,3,1,0,6,5112144,0.1,0,0.4612992400473095,0.45637873410038,0.1480968230673552,,,430.3740027500317
one_pass,3667249,0,16384,0,spectral-new,hybrid,3,1,0,6,5112144,0.1,1,0.6855383813381195,0.751167079505738,0.210287055616084,,,18.512509625055827
one_pass,3667249,0,65536,0,spectral-new,hybrid,3,1,0,6,5112144,0.1,1,0.5802320800721645,0.5127567925717559,0.167311681445596,,,37.87103375000879
one_pass,3667249,0,262144,0,spectral-new,hybrid,3,1,0,6,5112144,0.1,1,0.521493153180927,0.4919053767683023,0.1601818008279086,,,57.146334500052035
one_pass,3667249,0,1048576,0,spectral-new,hybrid,3,1,0,6,5112144,0.1,1,0.4922668866347521,0.4774450282886858,0.155336524622727,,,81.14374845800921
one_pass,3667249,0,4194304,0,spectral-new,hybrid,3,1,0,6,5112144,0.1,1,0.4763879794918466,0.4673282118028548,0.1519065119145837,,,122.41682737495285
one_pass,3667249,0,16777216,0,spectral-new,hybrid,3,1,0,6,5112144,0.1,1,0.4662180463856202,0.4598929981612936,0.1493245533006033,,,236.92478020803537
one_pass,3667249,0,33554432,0,spectral-new,hybrid,3,1,0,6,5112144,0.1,1,0.4621796325809555,0.4568766880801699,0.1482818146969777,,,393.14975137496367
one_pass,3667249,0,36672493,0,spectral-new,hybrid,3,1,0,6,5112144,0.1,1,0.4617181862368665,0.4567902608714835,0.1482413962359706,,,436.72649787494447
one_pass,3667249,0,16384,0,spectral-new,hybrid,3,1,0,6,5112144,0.1,2,0.7440210282802582,0.5796818896255236,0.1840946640166774,,,18.468275833991356
one_pass,3667249,0,65536,0,spectral-new,hybrid,3,1,0,6,5112144,0.1,2,0.577558908611536,0.507492173018673,0.165721354744824,,,37.203492459026165
one_pass,3667249,0,262144,0,spectral-new,hybrid,3,1,0,6,5112144,0.1,2,0.5179170882329345,0.4883402942041317,0.1589479097721395,,,57.27128895896021
one_pass,3667249,0,1048576,0,spectral-new,hybrid,3,1,0,6,5112144,0.1,2,0.4885719891171902,0.4730732458479088,0.1538255393281113,,,80.4798159589991
one_pass,3667249,0,4194304,0,spectral-new,hybrid,3,1,0,6,5112144,0.1,2,0.4721687546407338,0.4627294221615234,0.1503140752620575,,,121.4199869170552
one_pass,3667249,0,16777216,0,spectral-new,hybrid,3,1,0,6,5112144,0.1,2,0.4621311319133383,0.4560139332236846,0.1479425188707786,,,235.96020991704427
one_pass,3667249,0,33554432,0,spectral-new,hybrid,3,1,0,6,5112144,0.1,2,0.458348242995271,0.4534791405597732,0.147067915769775,,,393.68304483406246
one_pass,3667249,0,36672493,0,spectral-new,hybrid,3,1,0,6,5112144,0.1,2,0.4579355477771487,0.4534201371383978,0.1470393193983313,,,436.68419920897577
one_pass,3667249,0,16384,0,spectral-new,hybrid,5,2,0,15,12780360,0.001,0,0.7868470251560211,0.7683353163879145,0.2861297299101308,,,25.677437792066485
one_pass,3667249,0,65536,0,spectral-new,hybrid,5,2,0,15,12780360,0.001,0,0.7588907033205032,0.728258383363895,0.2668890755197944,,,50.61508929205593
one_pass,3667249,0,262144,0,spectral-new,hybrid,5,2,0,15,12780360,0.001,0,0.7081757485866547,0.6586393475608311,0.2330831923989566,,,76.40478237508796
one_pass,3667249,0,1048576,0,spectral-new,hybrid,5,2,0,15,12780360,0.001,0,0.6327584786340594,0.5739631889649628,0.1933106816005626,,,108.26478833297732
one_pass,3667249,0,4194304,0,spectral-new,hybrid,5,2,0,15,12780360,0.001,0,0.5641678307438269,0.5224312926302538,0.172361887666068,,,166.34356704202946
one_pass,3667249,0,16777216,0,spectral-new,hybrid,5,2,0,15,12780360,0.001,0,0.5187784951995127,0.4905572452049304,0.1605343258036878,,,339.62114133301657
one_pass,3667249,0,33554432,0,spectral-new,hybrid,5,2,0,15,12780360,0.001,0,0.5024521737723262,0.4803018880248241,0.1567370370197648,,,558.480626708013
one_pass,3667249,0,36672493,0,spectral-new,hybrid,5,2,0,15,12780360,0.001,0,0.5006271347368444,0.4791989042394546,0.1563246460050678,,,619.3251382500166
one_pass,3667249,0,16384,0,spectral-new,hybrid,5,2,0,15,12780360,0.001,1,0.7140921801328659,0.7028871527281645,0.2545476683630565,,,25.301589499926195
one_pass,3667249,0,65536,0,spectral-new,hybrid,5,2,0,15,12780360,0.001,1,0.6914256885647774,0.6692140770289615,0.2382813963246152,,,50.05333087500185
one_pass,3667249,0,262144,0,spectral-new,hybrid,5,2,0,15,12780360,0.001,1,0.6509054265916348,0.6154928800494143,0.2125391653439124,,,75.78667012497317
one_pass,3667249,0,1048576,0,spectral-new,hybrid,5,2,0,15,12780360,0.001,1,0.595271036028862,0.5531853185780564,0.1844298186072813,,,107.34680679196026
one_pass,3667249,0,4194304,0,spectral-new,hybrid,5,2,0,15,12780360,0.001,1,0.5435265522392001,0.5096592057859076,0.167470129738752,,,164.31585708400235
one_pass,3667249,0,16777216,0,spectral-new,hybrid,5,2,0,15,12780360,0.001,1,0.5072633021700312,0.4842855112352541,0.158142113939928,,,335.1831470000325
one_pass,3667249,0,33554432,0,spectral-new,hybrid,5,2,0,15,12780360,0.001,1,0.4940748957669711,0.4758426419567695,0.1550381657780605,,,552.6259851249633
one_pass,3667249,0,36672493,0,spectral-new,hybrid,5,2,0,15,12780360,0.001,1,0.4925996142358141,0.4749417585517674,0.1547053512329124,,,613.3600657919887
one_pass,3667249,0,16384,0,spectral-new,hybrid,5,2,0,15,12780360,0.001,2,0.6970289349555969,0.6840754366663166,0.2455017348667126,,,25.377789999940433
one_pass,3667249,0,65536,0,spectral-new,hybrid,5,2,0,15,12780360,0.001,2,0.676983330398798,0.656003010280724,0.2318459622183969,,,49.93875633296557
one_pass,3667249,0,262144,0,spectral-new,hybrid,5,2,0,15,12780360,0.001,2,0.6412387853488326,0.6070878992364328,0.2084558567576125,,,75.91371362493373
one_pass,3667249,0,1048576,0,spectral-new,hybrid,5,2,0,15,12780360,0.001,2,0.5894404656719416,0.549711511916828,0.1829129842092748,,,106.96288162493148
one_pass,3667249,0,4194304,0,spectral-new,hybrid,5,2,0,15,12780360,0.001,2,0.5428619901940692,0.512493606998704,0.168466609700456,,,164.34183237492107
one_pass,3667249,0,16777216,0,spectral-new,hybrid,5,2,0,15,12780360,0.001,2,0.5088966182011063,0.4868488618212445,0.1590681797216724,,,337.2651947499253
one_pass,3667249,0,33554432,0,spectral-new,hybrid,5,2,0,15,12780360,0.001,2,0.4959728003996133,0.478032218454414,0.155844375351202,,,555.3819127499592
one_pass,3667249,0,36672493,0,spectral-new,hybrid,5,2,0,15,12780360,0.001,2,0.4945113102207764,0.4770681170770153,0.1554887735840813,,,616.5668904999038
one_pass,3667249,0,16384,0,spectral-new,hybrid,5,2,0,15,12780360,0.0019306977288832,0,0.7738943994045258,0.7407510043532523,0.2729150873177011,,,24.898041125037707
one_pass,3667249,0,65536,0,spectral-new,hybrid,5,2,0,15,12780360,0.0019306977288832,0,0.7235178612172604,0.6725489857773154,0.239831724316872,,,49.45402558299247
one_pass,3667249,0,262144,0,spectral-new,hybrid,5,2,0,15,12780360,0.0019306977288832,0,0.6456878846511245,0.5822833147025737,0.1970321599471762,,,75.82010008301586
one_pass,3667249,0,1048576,0,spectral-new,hybrid,5,2,0,15,12780360,0.0019306977288832,0,0.5706417832989246,0.5255493421873962,0.1735414276885909,,,107.43474616599268
one_pass,3667249,0,4194304,0,spectral-new,hybrid,5,2,0,15,12780360,0.0019306977288832,0,0.5219539429526776,0.492448536196635,0.1612479730229139,,,164.73575541609898
one_pass,3667249,0,16777216,0,spectral-new,hybrid,5,2,0,15,12780360,0.0019306977288832,0,0.4919820937066106,0.4738067491050547,0.1543237139898135,,,337.3335000410443
one_pass,3667249,0,33554432,0,spectral-new,hybrid,5,2,0,15,12780360,0.0019306977288832,0,0.4816486085874203,0.4678315785851047,0.1521342273277403,,,557.0756412080955
one_pass,3667249,0,36672493,0,spectral-new,hybrid,5,2,0,15,12780360,0.0019306977288832,0,0.4805214384922786,0.4672243542864351,0.1519081640056688,,,617.9572762910975
one_pass,3667249,0,16384,0,spectral-new,hybrid,5,2,0,15,12780360,0.0019306977288832,1,0.7026534676551819,0.6795200503030979,0.2432601573223242,,,25.39398683293257
one_pass,3667249,0,65536,0,spectral-new,hybrid,5,2,0,15,12780360,0.0019306977288832,1,0.6631168834865093,0.6264473362572722,0.2177381753181818,,,49.84332424995955
one_pass,3667249,0,262144,0,spectral-new,hybrid,5,2,0,15,12780360,0.0019306977288832,1,0.6054510260000825,0.5607749533570532,0.1876528432089207,,,75.93228283303324
one_pass,3667249,0,1048576,0,spectral-new,hybrid,5,2,0,15,12780360,0.0019306977288832,1,0.5491406798828393,0.5130951019592108,0.1687469021202587,,,107.60748529201372
one_pass,3667249,0,4194304,0,spectral-new,hybrid,5,2,0,15,12780360,0.0019306977288832,1,0.5101946296344977,0.4859499212692071,0.1587615079751952,,,164.16292908298783
one_pass,3667249,0,16777216,0,spectral-new,hybrid,5,2,0,15,12780360,0.0019306977288832,1,0.4856542675552191,0.4703816382199278,0.1530392405626802,,,334.01048762502614
one_pass,3667249,0,33554432,0,spectral-new,hybrid,5,2,0,15,12780360,0.0019306977288832,1,0.4770773886484676,0.4654284176730264,0.151249096012725,,,548.2795600419631
one_pass,3667249,0,36672493,0,spectral-new,hybrid,5,2,0,15,12780360,0.0019306977288832,1,0.4761454435138286,0.4649307916129604,0.1510679492280521,,,608.8030935829738
one_pass,3667249,0,16384,0,spectral-new,hybrid,5,2,0,15,12780360,0.0019306977288832,2,0.6874768882989883,0.6644993323715527,0.2359686871789238,,,24.831135958083905
one_pass,3667249,0,65536,0,spectral-new,hybrid,5,2,0,15,12780360,0.0019306977288832,2,0.6523810178041458,0.6173083978448705,0.2132663853869958,,,49.392229499993846
one_pass,3667249,0,262144,0,spectral-new,hybrid,5,2,0,15,12780360,0.0019306977288832,2,0.5983887473121285,0.5556117290764548,0.1853859688983498,,,75.40627012506593
one_pass,3667249,0,1048576,0,spectral-new,hybrid,5,2,0,15,12780360,0.0019306977288832,2,0.5474864521529526,0.5150661923825096,0.1694519835193431,,,107.37194983300289
one_pass,3667249,0,4194304,0,spectral-new,hybrid,5,2,0,15,12780360,0.0019306977288832,2,0.5112365594541188,0.4881797304353083,0.1595631070347647,,,164.69956279208418
one_pass,3667249,0,16777216,0,spectral-new,hybrid,5,2,0,15,12780360,0.0019306977288832,2,0.4872111224321998,0.4721442470330404,0.1536900705287172,,,337.90693670802284
one_pass,3667249,0,33554432,0,spectral-new,hybrid,5,2,0,15,12780360,0.0019306977288832,2,0.4785690114222234,0.4667920086172388,0.1517539865029284,,,554.0097384171095
one_pass,3667249,0,36672493,0,spectral-new,hybrid,5,2,0,15,12780360,0.0019306977288832,2,0.477620949381464,0.4662377606130985,0.1515490131301623,,,614.3145291670226
one_pass,3667249,0,16384,0,spectral-new,hybrid,5,2,0,15,12780360,0.0037275937203149,0,0.7504207193851471,0.692989759248246,0.2497657272542068,,,25.120533208013512
one_pass,3667249,0,65536,0,spectral-new,hybrid,5,2,0,15,12780360,0.0037275937203149,0,0.6682488285005093,0.5969688700231061,0.2037447857154954,,,49.77510470803827
one_pass,3667249,0,262144,0,spectral-new,hybrid,5,2,0,15,12780360,0.0037275937203149,0,0.5821216031908989,0.5300907267372311,0.175299843991412,,,75.68752425001003
one_pass,3667249,0,1048576,0,spectral-new,hybrid,5,2,0,15,12780360,0.0037275937203149,0,0.5265319255413488,0.4945983844644473,0.1620676154463828,,,107.77939016604796
one_pass,3667249,0,4194304,0,spectral-new,hybrid,5,2,0,15,12780360,0.0037275937203149,0,0.4940673077071551,0.4751642651161897,0.1548400098528274,,,164.60874754097313
one_pass,3667249,0,16777216,0,spectral-new,hybrid,5,2,0,15,12780360,0.0037275937203149,0,0.4754787312704138,0.4643456287350155,0.1508669944114104,,,335.58477920806035
one_pass,3667249,0,33554432,0,spectral-new,hybrid,5,2,0,15,12780360,0.0037275937203149,0,0.4691869243069959,0.4608132671761863,0.1496045211859304,,,551.9486061660573
one_pass,3667249,0,36672493,0,spectral-new,hybrid,5,2,0,15,12780360,0.0037275937203149,0,0.4685072399842399,0.4604736567815232,0.1494820752673069,,,612.7867020410486
one_pass,3667249,0,16384,0,spectral-new,hybrid,5,2,0,15,12780360,0.0037275937203149,1,0.6831198632717133,0.6420528735089882,0.2251960647148397,,,25.123965499922633
one_pass,3667249,0,65536,0,spectral-new,hybrid,5,2,0,15,12780360,0.0037275937203149,1,0.6226159147918224,0.5730320084190913,0.1930051772138844,,,48.80331045796629
one_pass,3667249,0,262144,0,spectral-new,hybrid,5,2,0,15,12780360,0.0037275937203149,1,0.5599525636062026,0.5195783793880548,0.1711778919476672,,,74.86499525001273
one_pass,3667249,0,1048576,0,spectral-new,hybrid,5,2,0,15,12780360,0.0037275937203149,1,0.515296921483241,0.4891479099818239,0.1599558551373933,,,106.72486233292148
one_pass,3667249,0,4194304,0,spectral-new,hybrid,5,2,0,15,12780360,0.0037275937203149,1,0.4883867908210959,0.4720058977168092,0.1536382364043437,,,164.2991621249821
one_pass,3667249,0,16777216,0,spectral-new,hybrid,5,2,0,15,12780360,0.0037275937203149,1,0.4724111506584449,0.4626381388822681,0.1502469447164429,,,337.47791449993383
one_pass,3667249,0,33554432,0,spectral-new,hybrid,5,2,0,15,12780360,0.0037275937203149,1,0.4669602074282011,0.4595761745292477,0.1491612180086233,,,551.8787112080026
one_pass,3667249,0,36672493,0,spectral-new,hybrid,5,2,0,15,12780360,0.0037275937203149,1,0.4663723008171154,0.4592980401320592,0.149065434858828,,,612.9481854579644
one_pass,3667249,0,16384,0,spectral-new,hybrid,5,2,0,15,12780360,0.0037275937203149,2,0.6706878989934921,0.6316718351247166,0.2200956906428402,,,25.127360749989748
one_pass,3667249,0,65536,0,spectral-new,hybrid,5,2,0,15,12780360,0.0037275937203149,2,0.6146428100764751,0.565980390899433,0.1898231577514431,,,49.33809745905455
one_pass,3667249,0,262144,0,spectral-new,hybrid,5,2,0,15,12780360,0.0037275937203149,2,0.5560054248198867,0.5192272279327026,0.1710156357127633,,,75.21524349995889
one_pass,3667249,0,1048576,0,spectral-new,hybrid,5,2,0,15,12780360,0.0037275937203149,2,0.5148169337771833,0.4900250544806603,0.1602420404175018,,,106.52520675002596
one_pass,3667249,0,4194304,0,spectral-new,hybrid,5,2,0,15,12780360,0.0037275937203149,2,0.4888400590571109,0.4731027085200586,0.1540386553932648,,,163.81012837495655
one_pass,3667249,0,16777216,0,spectral-new,hybrid,5,2,0,15,12780360,0.0037275937203149,2,0.4730837249662727,0.4634066381581585,0.1505332706857434,,,335.9156705000205
one_pass,3667249,0,33554432,0,spectral-new,hybrid,5,2,0,15,12780360,0.0037275937203149,2,0.4675944710543263,0.4601118627510127,0.149362704831861,,,550.8447169170249
one_pass,3667249,0,36672493,0,spectral-new,hybrid,5,2,0,15,12780360,0.0037275937203149,2,0.46699938461765,0.4597968841159513,0.1492499262289601,,,613.5063584169839
one_pass,3667249,0,16384,0,spectral-new,hybrid,5,2,0,15,12780360,0.0071968567300115,0,0.7113513797521591,0.6223033540971963,0.2156204189087967,,,23.91769708297215
one_pass,3667249,0,65536,0,spectral-new,hybrid,5,2,0,15,12780360,0.0071968567300115,0,0.606176245957613,0.5392129385874388,0.1788047539469734,,,48.70386033307295
one_pass,3667249,0,262144,0,spectral-new,hybrid,5,2,0,15,12780360,0.0071968567300115,0,0.5371752241626382,0.4990804570593053,0.1637506855968797,,,75.4164737079991
one_pass,3667249,0,1048576,0,spectral-new,hybrid,5,2,0,15,12780360,0.0071968567300115,0,0.4978420760016888,0.4770547362053959,0.1555573195962462,,,109.03047533298376
one_pass,3667249,0,4194304,0,spectral-new,hybrid,5,2,0,15,12780360,0.0071968567300115,0,0.4771578209765721,0.4653438668372843,0.1512335593719951,,,170.44669195800088
one_pass,3667249,0,16777216,0,spectral-new,hybrid,5,2,0,15,12780360,0.0071968567300115,0,0.4657144199009053,0.4587590012866437,0.1488762269872245,,,365.0459377079969
one_pass,3667249,0,33554432,0,spectral-new,hybrid,5,2,0,15,12780360,0.0071968567300115,0,0.4617057726463827,0.4563222978090523,0.1480337286398813,,,619.510383957997
one_pass,3667249,0,36672493,0,spectral-new,hybrid,5,2,0,15,12780360,0.0071968567300115,0,0.4612685302902634,0.4561316587879114,0.1479663426444889,,,694.6837004580302
one_pass,3667249,0,16384,0,spectral-new,hybrid,5,2,0,15,12780360,0.0071968567300115,1,0.6533792912960052,0.5920888901604813,0.2016240094548464,,,23.473360541043803
one_pass,3667249,0,65536,0,spectral-new,hybrid,5,2,0,15,12780360,0.0071968567300115,1,0.5793373435735703,0.5302082176774485,0.1752194989506481,,,48.2941327909939
one_pass,3667249,0,262144,0,spectral-new,hybrid,5,2,0,15,12780360,0.0071968567300115,1,0.5263061239384115,0.4954548264817858,0.1623524479552736,,,74.08526025002357
one_pass,3667249,0,1048576,0,spectral-new,hybrid,5,2,0,15,12780360,0.0071968567300115,1,0.4939166725380346,0.4756943192327871,0.1550186694685505,,,106.5691601249855
one_pass,3667249,0,4194304,0,spectral-new,hybrid,5,2,0,15,12780360,0.0071968567300115,1,0.4754272086138371,0.4645683254791636,0.1509583605027621,,,166.61476487503387
one_pass,3667249,0,16777216,0,spectral-new,hybrid,5,2,0,15,12780360,0.0071968567300115,1,0.464919451791502,0.4583133392020225,0.1487244603705063,,,361.1873574999627
one_pass,3667249,0,33554432,0,spectral-new,hybrid,5,2,0,15,12780360,0.0071968567300115,1,0.461134151169972,0.4559242032708096,0.1478941897716672,,,608.372642708011
one_pass,3667249,0,36672493,0,spectral-new,hybrid,5,2,0,15,12780360,0.0071968567300115,1,0.460716856033774,0.4557425812798145,0.1478328907441266,,,686.976385665941
one_pass,3667249,0,16384,0,spectral-new,hybrid,5,2,0,15,12780360,0.0071968567300115,2,0.6438644528388977,0.5844192638129118,0.1979740144774525,,,24.53503287502099
one_pass,3667249,0,65536,0,spectral-new,hybrid,5,2,0,15,12780360,0.0071968567300115,2,0.5738329775631428,0.5274884615660241,0.1741552132593674,,,50.1533739999868
one_pass,3667249,0,262144,0,spectral-new,hybrid,5,2,0,15,12780360,0.0071968567300115,2,0.5235946183092892,0.4940260378705904,0.1617375210997652,,,77.37078329198994
one_pass,3667249,0,1048576,0,spectral-new,hybrid,5,2,0,15,12780360,0.0071968567300115,2,0.4925104716094211,0.4753102701133893,0.1548571346959847,,,121.89059037505648
one_pass,3667249,0,4194304,0,spectral-new,hybrid,5,2,0,15,12780360,0.0071968567300115,2,0.4750425762322265,0.4647825115158127,0.1510333240670961,,,195.6305815000087
one_pass,3667249,0,16777216,0,spectral-new,hybrid,5,2,0,15,12780360,0.0071968567300115,2,0.4649285494015203,0.4585196048159677,0.1487980265129619,,,376.8561347919749
one_pass,3667249,0,33554432,0,spectral-new,hybrid,5,2,0,15,12780360,0.0071968567300115,2,0.4612541691931255,0.4561645192974414,0.1479744946820924,,,634.6046756670112
one_pass,3667249,0,36672493,0,spectral-new,hybrid,5,2,0,15,12780360,0.0071968567300115,2,0.460850530331155,0.4559921717219864,0.1479115907921753,,,693.5395357089583
one_pass,3667249,0,16384,0,spectral-new,hybrid,5,2,0,15,12780360,0.0138949549437313,0,0.6592981815338135,0.5563162243166194,0.1857501980725006,,,24.856311832903884
one_pass,3667249,0,65536,0,spectral-new,hybrid,5,2,0,15,12780360,0.0138949549437313,0,0.5614712722599506,0.509663024499203,0.1677157630036467,,,50.33107216598
one_pass,3667249,0,262144,0,spectral-new,hybrid,5,2,0,15,12780360,0.0138949549437313,0,0.5099874138832092,0.4831048669759978,0.1578497702172912,,,77.44237229099963
one_pass,3667249,0,1048576,0,spectral-new,hybrid,5,2,0,15,12780360,0.0138949549437313,0,0.4828946038614958,0.4693450077660892,0.1527360057304008,,,123.80729249992874
one_pass,3667249,0,4194304,0,spectral-new,hybrid,5,2,0,15,12780360,0.0138949549437313,0,0.4692877414345275,0.4613281232318152,0.1498235034704503,,,196.77582316589545
one_pass,3667249,0,16777216,0,spectral-new,hybrid,5,2,0,15,12780360,0.0138949549437313,0,0.4611537613309338,0.455811029450978,0.147860759162343,,,380.1648010829231
one_pass,3667249,0,33554432,0,spectral-new,hybrid,5,2,0,15,12780360,0.0138949549437313,0,0.4578906912793172,0.4534468464552235,0.147037944667936,,,637.777012082981
one_pass,3667249,0,36672493,0,spectral-new,hybrid,5,2,0,15,12780360,0.0138949549437313,0,0.4575193220919232,0.4533015512217824,0.146984300990162,,,697.3357047499157
one_pass,3667249,0,16384,0,spectral-new,hybrid,5,2,0,15,12780360,0.0138949549437313,1,0.6185519397258759,0.5498404126353388,0.1830213110757403,,,25.018785457941703
one_pass,3667249,0,65536,0,spectral-new,hybrid,5,2,0,15,12780360,0.0138949549437313,1,0.5473471768200397,0.5069752309044196,0.1666381796922262,,,50.010835416964255
one_pass,3667249,0,262144,0,spectral-new,hybrid,5,2,0,15,12780360,0.0138949549437313,1,0.5070961499586701,0.4847604988178994,0.1585074401326105,,,77.06914104195312
one_pass,3667249,0,1048576,0,spectral-new,hybrid,5,2,0,15,12780360,0.0138949549437313,1,0.4834530843654647,0.4706839534696222,0.1532526128598469,,,125.2445127919782
one_pass,3667249,0,4194304,0,spectral-new,hybrid,5,2,0,15,12780360,0.0138949549437313,1,0.4700074367574416,0.4619148760913569,0.1500618563143194,,,196.08663016697392
one_pass,3667249,0,16777216,0,spectral-new,hybrid,5,2,0,15,12780360,0.0138949549437313,1,0.461522488425544,0.4558292434720057,0.147883778783115,,,380.757923749974
one_pass,3667249,0,33554432,0,spectral-new,hybrid,5,2,0,15,12780360,0.0138949549437313,1,0.4581043944817793,0.453421996095787,0.1470380597197798,,,634.817646499956
one_pass,3667249,0,36672493,0,spectral-new,hybrid,5,2,0,15,12780360,0.0138949549437313,1,0.4577173481604151,0.4532415671834912,0.1469730415791427,,,694.3098597920034
one_pass,3667249,0,16384,0,spectral-new,hybrid,5,2,0,15,12780360,0.0138949549437313,2,0.6097851693630219,0.5432538558319147,0.1803516502992961,,,24.444224082981236
one_pass,3667249,0,65536,0,spectral-new,hybrid,5,2,0,15,12780360,0.0138949549437313,2,0.5418368093669415,0.5024850580526109,0.1648913939994005,,,49.79916520800907
one_pass,3667249,0,262144,0,spectral-new,hybrid,5,2,0,15,12780360,0.0138949549437313,2,0.502755515743047,0.4810956173006118,0.157048566015157,,,77.70771404204424
one_pass,3667249,0,1048576,0,spectral-new,hybrid,5,2,0,15,12780360,0.0138949549437313,2,0.4805682356236502,0.468821979288136,0.1525245525744812,,,127.7568662080448
one_pass,3667249,0,4194304,0,spectral-new,hybrid,5,2,0,15,12780360,0.0138949549437313,2,0.4684848230099305,0.4611253376532084,0.1497459426916291,,,197.5270090419799
one_pass,3667249,0,16777216,0,spectral-new,hybrid,5,2,0,15,12780360,0.0138949549437313,2,0.4608841013759956,0.4557885305709484,0.1478482235043614,,,381.42719783296343
one_pass,3667249,0,33554432,0,spectral-new,hybrid,5,2,0,15,12780360,0.0138949549437313,2,0.4578145109881006,0.4535662270364285,0.147077730488599,,,635.6863259579986
one_pass,3667249,0,36672493,0,spectral-new,hybrid,5,2,0,15,12780360,0.0138949549437313,2,0.4574703801440825,0.4534295676947748,0.1470239052024016,,,695.7998894579941
one_pass,3667249,0,16384,0,spectral-new,hybrid,5,2,0,15,12780360,0.0268269579527972,0,0.6221061497926712,0.5285493176362036,0.1749479798380866,,,25.203258749912493
one_pass,3667249,0,65536,0,spectral-new,hybrid,5,2,0,15,12780360,0.0268269579527972,0,0.5368181504309177,0.4964529577007452,0.1630428378224131,0.5019451967749146,0.1651415563954309,50.492295834003016
one_pass,3667249,0,262144,0,spectral-new,hybrid,5,2,0,15,12780360,0.0268269579527972,0,0.4989941106177866,0.4795923759264427,0.1565214329568251,0.485260841558101,0.1585778143436713,76.93377620889805
one_pass,3667249,0,1048576,0,spectral-new,hybrid,5,2,0,15,12780360,0.0268269579527972,0,0.4787614623783156,0.4684045746872959,0.152422989713894,0.4739307785476725,0.1544466913724613,125.37175674992612
one_pass,3667249,0,4194304,0,spectral-new,hybrid,5,2,0,15,12780360,0.0268269579527972,0,0.4673995327611919,0.4604074580063864,0.1495382976205898,0.4657368721522169,0.1514762195633008,195.3600882499013
one_pass,3667249,0,16777216,0,spectral-new,hybrid,5,2,0,15,12780360,0.0268269579527972,0,0.4596743929214426,0.4546019074704046,0.1474608658106249,0.4599808871315495,0.1494210133602716,378.36944399995264
one_pass,3667249,0,33554432,0,spectral-new,hybrid,5,2,0,15,12780360,0.0268269579527972,0,0.4564597583303111,0.452154277269825,0.1465951550797428,0.4576722376542764,0.1485869084417094,633.8676366669824
one_pass,3667249,0,36672493,0,spectral-new,hybrid,5,2,0,15,12780360,0.0268269579527972,0,0.4560911870984669,0.451995026844228,0.1465366009061258,0.4575014764454921,0.1485298876225058,693.9546337089268
one_pass,3667249,0,16384,0,spectral-new,hybrid,5,2,0,15,12780360,0.0268269579527972,1,0.5937900692224503,0.5279143086101805,0.1743667614036258,,,24.62944841699209
one_pass,3667249,0,65536,0,spectral-new,hybrid,5,2,0,15,12780360,0.0268269579527972,1,0.5300813373178244,0.4983465270877726,0.1633729795808157,0.5037743093550698,0.165470376220997,49.19638454192318
one_pass,3667249,0,262144,0,spectral-new,hybrid,5,2,0,15,12780360,0.0268269579527972,1,0.4986694101244211,0.4811003220036439,0.1569512483109659,0.4865993033874781,0.1589687629820713,75.96686091693118
one_pass,3667249,0,1048576,0,spectral-new,hybrid,5,2,0,15,12780360,0.0268269579527972,1,0.4796425389358774,0.4693070943955434,0.1527225942950148,0.4749400493641577,0.1547683170509058,123.66126941691618
one_pass,3667249,0,4194304,0,spectral-new,hybrid,5,2,0,15,12780360,0.0268269579527972,1,0.4682308058545459,0.4610824622608095,0.1497804505272658,0.4665380183241371,0.151761762937737,195.26056229195092
one_pass,3667249,0,16777216,0,spectral-new,hybrid,5,2,0,15,12780360,0.0268269579527972,1,0.4602429373990162,0.4549265860370748,0.1475759180938,0.4603998003082495,0.1495578955474672,379.8287157500163
one_pass,3667249,0,33554432,0,spectral-new,hybrid,5,2,0,15,12780360,0.0268269579527972,1,0.456839311238582,0.4523106372991185,0.1466518571713202,0.4578257006099723,0.1486321768718496,636.5796218329342
one_pass,3667249,0,36672493,0,spectral-new,hybrid,5,2,0,15,12780360,0.0268269579527972,1,0.4564412397391265,0.4521189406358429,0.14657636312991,0.457574992483276,0.1485476222031543,695.9240622079233
one_pass,3667249,0,16384,0,spectral-new,hybrid,5,2,0,15,12780360,0.0268269579527972,2,0.5852217972278595,0.5244240012364166,0.173203089784496,,,24.97072720795404
one_pass,3667249,0,65536,0,spectral-new,hybrid,5,2,0,15,12780360,0.0268269579527972,2,0.5265687834471464,0.49445188339022,0.1619653469811992,0.4999090345213387,0.164060942843995,50.17437424999662
one_pass,3667249,0,262144,0,spectral-new,hybrid,5,2,0,15,12780360,0.0268269579527972,2,0.4967821235768497,0.4795477860938067,0.1564747622782479,0.4852169751034476,0.1585698121757072,77.27227016701363
one_pass,3667249,0,1048576,0,spectral-new,hybrid,5,2,0,15,12780360,0.0268269579527972,2,0.4785897247493267,0.4686824353886505,0.1525173339433925,0.4743950138291736,0.1546182449740239,126.41535254195333
one_pass,3667249,0,4194304,0,spectral-new,hybrid,5,2,0,15,12780360,0.0268269579527972,2,0.4676290735369548,0.4606965150256527,0.1496570030228256,0.4661267205848922,0.1516335916087708,196.90791695797816
one_pass,3667249,0,16777216,0,spectral-new,hybrid,5,2,0,15,12780360,0.0268269579527972,2,0.4597250819642795,0.4544453417165376,0.1474094080712817,0.4597729382735795,0.1493414183517443,380.7187925420003
one_pass,3667249,0,33554432,0,spectral-new,hybrid,5,2,0,15,12780360,0.0268269579527972,2,0.4563614568323828,0.4518102800925556,0.146484390033898,0.4573195652670741,0.1484554251182053,636.6515358329052
one_pass,3667249,0,36672493,0,spectral-new,hybrid,5,2,0,15,12780360,0.0268269579527972,2,0.455979489754971,0.4516388145257586,0.1464180815177964,0.4571174127132719,0.1483890907617072,697.3444834169932
one_pass,3667249,0,16384,0,spectral-new,hybrid,5,2,0,15,12780360,0.0517947467923121,0,0.6028103232383728,0.5223939475021093,0.1713587151531902,0.5292858460405134,0.1739260827441489,24.916555832955055
one_pass,3667249,0,65536,0,spectral-new,hybrid,5,2,0,15,12780360,0.0517947467923121,0,0.5353226531296968,0.4975328671271746,0.1632836869973717,,,49.79541341599543
one_pass,3667249,0,262144,0,spectral-new,hybrid,5,2,0,15,12780360,0.0517947467923121,0,0.5011532884091139,0.4828218805825215,0.1575942482357709,,,76.69976708292961
one_pass,3667249,0,1048576,0,spectral-new,hybrid,5,2,0,15,12780360,0.0517947467923121,0,0.4817515141330659,0.4709907619525061,0.1533281284227158,,,126.61819249996915
one_pass,3667249,0,4194304,0,spectral-new,hybrid,5,2,0,15,12780360,0.0517947467923121,0,0.469577679381473,0.461594269775444,0.1499978454481808,,,194.55869912495837
one_pass,3667249,0,16777216,0,spectral-new,hybrid,5,2,0,15,12780360,0.0517947467923121,0,0.4604831032338552,0.4545540545512488,0.1474620945725717,,,381.18300887499936
one_pass,3667249,0,33554432,0,spectral-new,hybrid,5,2,0,15,12780360,0.0517947467923121,0,0.4567328696393815,0.4517527242925972,0.1464612126479024,,,635.3267604159191
one_pass,3667249,0,36672493,0,spectral-new,hybrid,5,2,0,15,12780360,0.0517947467923121,0,0.4563046500918392,0.4515760929632557,0.1463962797259836,,,695.3243344579823
one_pass,3667249,0,16384,0,spectral-new,hybrid,5,2,0,15,12780360,0.0517947467923121,1,0.5879422277212143,0.5183255315355026,0.1709218083095017,0.5236871709158837,0.1731167389769045,24.8240538330283
one_pass,3667249,0,65536,0,spectral-new,hybrid,5,2,0,15,12780360,0.0517947467923121,1,0.5261297933757305,0.4967951797762569,0.1628419713401165,,,50.79935054096859
one_pass,3667249,0,262144,0,spectral-new,hybrid,5,2,0,15,12780360,0.0517947467923121,1,0.4989774175919592,0.4825169756744008,0.1574191792235235,,,77.94356500008143
one_pass,3667249,0,1048576,0,spectral-new,hybrid,5,2,0,15,12780360,0.0517947467923121,1,0.4814085171092301,0.4717041882301845,0.1535414577418741,,,131.03121141600425
one_pass,3667249,0,4194304,0,spectral-new,hybrid,5,2,0,15,12780360,0.0517947467923121,1,0.4701490011066198,0.46288158799123,0.150403495749306,,,194.8687129580649
one_pass,3667249,0,16777216,0,spectral-new,hybrid,5,2,0,15,12780360,0.0517947467923121,1,0.4616392794414423,0.4560843228364606,0.1479861437678215,,,375.1170279160142
one_pass,3667249,0,33554432,0,spectral-new,hybrid,5,2,0,15,12780360,0.0517947467923121,1,0.4580061170345288,0.4532120278456179,0.1469824433159716,,,627.4599160830257
one_pass,3667249,0,36672493,0,spectral-new,hybrid,5,2,0,15,12780360,0.0517947467923121,1,0.4575826972805756,0.4529961574198847,0.1468961128980939,,,685.8191182080191
one_pass,3667249,0,16384,0,spectral-new,hybrid,5,2,0,15,12780360,0.0517947467923121,2,0.5793223232030869,0.5191166515270779,0.1710649516567155,0.5248817430656172,0.1733426391829296,25.481999458977953
one_pass,3667249,0,65536,0,spectral-new,hybrid,5,2,0,15,12780360,0.0517947467923121,2,0.5241411030292511,0.4964554347239358,0.1626826287522141,,,51.176333874929696
one_pass,3667249,0,262144,0,spectral-new,hybrid,5,2,0,15,12780360,0.0517947467923121,2,0.4988474897108972,0.4836576576789745,0.1578290708497558,,,78.75716691697016
one_pass,3667249,0,1048576,0,spectral-new,hybrid,5,2,0,15,12780360,0.0517947467923121,2,0.4821643426548689,0.4728967190185553,0.1540605435555126,,,112.6566887499066
one_pass,3667249,0,4194304,0,spectral-new,hybrid,5,2,0,15,12780360,0.0517947467923121,2,0.471174663194688,0.4642150485272098,0.1509396802977481,,,172.1427834170172
one_pass,3667249,0,16777216,0,spectral-new,hybrid,5,2,0,15,12780360,0.0517947467923121,2,0.4629370514812763,0.4572829932670816,0.1484546228309816,,,350.053135874914
one_pass,3667249,0,33554432,0,spectral-new,hybrid,5,2,0,15,12780360,0.0517947467923121,2,0.4592742243803513,0.4543484521996658,0.1474168101998089,,,568.5728570839856
one_pass,3667249,0,36672493,0,spectral-new,hybrid,5,2,0,15,12780360,0.0517947467923121,2,0.4588420222415434,0.4541236060125277,0.1473286248339144,,,626.3870243749116
one_pass,3667249,0,16384,0,spectral-new,hybrid,5,2,0,15,12780360,0.1,0,0.7655249685049057,0.5958694138463,0.1896567240351528,,,25.34332629200071
one_pass,3667249,0,65536,0,spectral-new,hybrid,5,2,0,15,12780360,0.1,0,0.5916736200451851,0.5159903658370367,0.168831835116258,,,51.74616599990986
one_pass,3667249,0,262144,0,spectral-new,hybrid,5,2,0,15,12780360,0.1,0,0.5284941424615681,0.4983899359913225,0.1622754731972329,,,79.80425795901101
one_pass,3667249,0,1048576,0,spectral-new,hybrid,5,2,0,15,12780360,0.1,0,0.497926476993598,0.4832474952328715,0.1573295125435038,,,112.22682379197796
one_pass,3667249,0,4194304,0,spectral-new,hybrid,5,2,0,15,12780360,0.1,0,0.4811381393519696,0.4707744756505069,0.1530779317714336,,,171.51563329191413
one_pass,3667249,0,16777216,0,spectral-new,hybrid,5,2,0,15,12780360,0.1,0,0.468661627441179,0.4604909346765199,0.1495217880122075,,,349.2373601249419
one_pass,3667249,0,33554432,0,spectral-new,hybrid,5,2,0,15,12780360,0.1,0,0.4632904921745648,0.4561718021550469,0.1480418207699058,,,566.7212831249926
one_pass,3667249,0,36672493,0,spectral-new,hybrid,5,2,0,15,12780360,0.1,0,0.4626533766911693,0.4558823560286076,0.1479204291431195,,,623.9982267089654
one_pass,3667249,0,16384,0,spectral-new,hybrid,5,2,0,15,12780360,0.1,1,0.7156768292188644,0.7224748814798937,0.2477918953089743,,,25.571448375005275
one_pass,3667249,0,65536,0,spectral-new,hybrid,5,2,0,15,12780360,0.1,1,0.608595997095108,0.5213140623482769,0.1702640069386965,,,51.653423915966414
one_pass,3667249,0,262144,0,spectral-new,hybrid,5,2,0,15,12780360,0.1,1,0.5350266229361296,0.4991286033267104,0.1624723644675662,,,79.44524375000037
one_pass,3667249,0,1048576,0,spectral-new,hybrid,5,2,0,15,12780360,0.1,1,0.500279750325717,0.4821971382925269,0.1569180466868992,,,114.82578345795628
one_pass,3667249,0,4194304,0,spectral-new,hybrid,5,2,0,15,12780360,0.1,1,0.4807397831464186,0.4686736851506955,0.1523544767769706,,,177.686314499937
one_pass,3667249,0,16777216,0,spectral-new,hybrid,5,2,0,15,12780360,0.1,1,0.4672183876027702,0.458967244524748,0.1489902686672399,,,342.60442112491
one_pass,3667249,0,33554432,0,spectral-new,hybrid,5,2,0,15,12780360,0.1,1,0.4618835566689085,0.4550116450328844,0.1476233018365032,,,552.4844721249538
one_pass,3667249,0,36672493,0,spectral-new,hybrid,5,2,0,15,12780360,0.1,1,0.4612857315869417,0.4549217211522111,0.1475844637788705,,,610.1627237499924
one_pass,3667249,0,16384,0,spectral-new,hybrid,5,2,0,15,12780360,0.1,2,0.6426487118005753,0.5683441115641266,0.1909666994687218,,,25.275759125011973
one_pass,3667249,0,65536,0,spectral-new,hybrid,5,2,0,15,12780360,0.1,2,0.5692964605987072,0.5148203814220327,0.1681725664283478,,,51.20268033398315
one_pass,3667249,0,262144,0,spectral-new,hybrid,5,2,0,15,12780360,0.1,2,0.5225697429850698,0.4976105583112891,0.1620349132529698,,,79.57134108396713
one_pass,3667249,0,1048576,0,spectral-new,hybrid,5,2,0,15,12780360,0.1,2,0.4973417450673878,0.483644994965997,0.1573695824936891,,,114.74620683398098
one_pass,3667249,0,4194304,0,spectral-new,hybrid,5,2,0,15,12780360,0.1,2,0.4818598552665207,0.4721160681855501,0.1535601714182401,,,176.91178954194766
one_pass,3667249,0,16777216,0,spectral-new,hybrid,5,2,0,15,12780360,0.1,2,0.470159455697285,0.4625668149542528,0.1502472634890061,,,347.0259548750473
one_pass,3667249,0,33554432,0,spectral-new,hybrid,5,2,0,15,12780360,0.1,2,0.465096377676673,0.4584548046776706,0.1488331898917957,,,561.3140258749481
one_pass,3667249,0,36672493,0,spectral-new,hybrid,5,2,0,15,12780360,0.1,2,0.4644973681630605,0.4582294786706858,0.1487185208540214,,,619.799668541993
one_pass,3667249,0,16384,0,spectral-new,hybrid,9,4,0,45,38341080,0.001,0,0.6948334127664566,0.6774746264692993,0.2422619818488148,,,38.24834833294153
one_pass,3667249,0,65536,0,spectral-new,hybrid,9,4,0,45,38341080,0.001,0,0.6692385673522949,0.6423684163654282,0.2251949647920512,,,77.46723404095974
one_pass,3667249,0,262144,0,spectral-new,hybrid,9,4,0,45,38341080,0.001,0,0.6269571185112,0.5892336893092255,0.2000977780450455,,,120.25507545797154
one_pass,3667249,0,1048576,0,spectral-new,hybrid,9,4,0,45,38341080,0.001,0,0.5761634001974016,0.5403897588275139,0.179112878276237,,,173.31832041591406
one_pass,3667249,0,4194304,0,spectral-new,hybrid,9,4,0,45,38341080,0.001,0,0.5361148886149749,0.5103425891059389,0.1678127100780627,,,273.0557907499606
one_pass,3667249,0,16777216,0,spectral-new,hybrid,9,4,0,45,38341080,0.001,0,0.5079839710451779,0.4893106457087013,0.1600869456206309,,,565.734813582967
one_pass,3667249,0,33554432,0,spectral-new,hybrid,9,4,0,45,38341080,0.001,0,0.4971526346926112,0.4817398373378376,0.157288817840237,,,952.9633498749464
one_pass,3667249,0,36672493,0,spectral-new,hybrid,9,4,0,45,38341080,0.001,0,0.4959121973172131,0.4808618047255786,0.1569636151525689,,,1065.1254924999084
one_pass,3667249,0,16384,0,spectral-new,hybrid,9,4,0,45,38341080,0.001,1,0.6923092007637024,0.6775848978497315,0.2423030297796163,,,37.78126533306204
one_pass,3667249,0,65536,0,spectral-new,hybrid,9,4,0,45,38341080,0.001,1,0.6679206378757954,0.6448133649633033,0.2263075051302795,,,78.35145312501118
one_pass,3667249,0,262144,0,spectral-new,hybrid,9,4,0,45,38341080,0.001,1,0.6280247336253524,0.594723328492664,0.2024956051670934,,,121.7197713330388
one_pass,3667249,0,1048576,0,spectral-new,hybrid,9,4,0,45,38341080,0.001,1,0.578310621669516,0.5422097735709456,0.1797486434509116,,,175.2346906249877
one_pass,3667249,0,4194304,0,spectral-new,hybrid,9,4,0,45,38341080,0.001,1,0.5355099390726537,0.507393818977443,0.1665667803783577,,,277.58517608302645
one_pass,3667249,0,16777216,0,spectral-new,hybrid,9,4,0,45,38341080,0.001,1,0.5050931770019815,0.4855797468682533,0.1585703875614153,,,569.5073495829711
one_pass,3667249,0,33554432,0,spectral-new,hybrid,9,4,0,45,38341080,0.001,1,0.4938084604400501,0.4779418023579599,0.1557771997155435,,,960.9747764579952
one_pass,3667249,0,36672493,0,spectral-new,hybrid,9,4,0,45,38341080,0.001,1,0.4925371935976019,0.4770647615935194,0.1554557906463944,,,1074.376408250071
one_pass,3667249,0,16384,0,spectral-new,hybrid,9,4,0,45,38341080,0.001,2,0.6599196940660477,0.6489287347310894,0.2283676399187608,,,39.03938408300746
one_pass,3667249,0,65536,0,spectral-new,hybrid,9,4,0,45,38341080,0.001,2,0.6412476748228073,0.6214222404628675,0.2151300894670214,,,78.54927829105873
one_pass,3667249,0,262144,0,spectral-new,hybrid,9,4,0,45,38341080,0.001,2,0.6083424482494593,0.5801673244508339,0.1959113794350546,,,120.80815399996936
one_pass,3667249,0,1048576,0,spectral-new,hybrid,9,4,0,45,38341080,0.001,2,0.5681706548202783,0.5385083992691434,0.1781778410437039,,,174.1018667910248
one_pass,3667249,0,4194304,0,spectral-new,hybrid,9,4,0,45,38341080,0.001,2,0.5323340769100469,0.5073072787274241,0.1664693434398601,,,274.7342470829608
one_pass,3667249,0,16777216,0,spectral-new,hybrid,9,4,0,45,38341080,0.001,2,0.5048167388886213,0.4863271499419483,0.1589182642483114,,,564.8437707909616
one_pass,3667249,0,33554432,0,spectral-new,hybrid,9,4,0,45,38341080,0.001,2,0.4938590132005629,0.4780228069313214,0.1559075978239484,,,950.374407166033
one_pass,3667249,0,36672493,0,spectral-new,hybrid,9,4,0,45,38341080,0.001,2,0.4925651733814197,0.4770273219180838,0.155543002755043,,,1063.1812693750253
one_pass,3667249,0,16384,0,spectral-new,hybrid,9,4,0,45,38341080,0.0019306977288832,0,0.6822173893451691,0.6524703053904698,0.2300857516923241,,,39.00646358297672
one_pass,3667249,0,65536,0,spectral-new,hybrid,9,4,0,45,38341080,0.0019306977288832,0,0.6395730972290039,0.5990751303520001,0.2046333866138533,,,78.6686237079557
one_pass,3667249,0,262144,0,spectral-new,hybrid,9,4,0,45,38341080,0.0019306977288832,0,0.5844896296039224,0.5450188156917082,0.1809460245679109,,,121.4516067499062
one_pass,3667249,0,1048576,0,spectral-new,hybrid,9,4,0,45,38341080,0.0019306977288832,0,0.5404884766321629,0.5128865964958389,0.1687410136454638,,,174.3146492909873
one_pass,3667249,0,4194304,0,spectral-new,hybrid,9,4,0,45,38341080,0.0019306977288832,0,0.5100784028181806,0.490702743999315,0.1605980669117985,,,273.9880179580068
one_pass,3667249,0,16777216,0,spectral-new,hybrid,9,4,0,45,38341080,0.0019306977288832,0,0.4897242687948164,0.4761369212525891,0.155225397435193,,,566.9806100829737
one_pass,3667249,0,33554432,0,spectral-new,hybrid,9,4,0,45,38341080,0.0019306977288832,0,0.4816213341218827,0.4701945995652257,0.153048461528244,,,957.2529442079832
one_pass,3667249,0,36672493,0,spectral-new,hybrid,9,4,0,45,38341080,0.0019306977288832,0,0.4806875955291355,0.4694998000026411,0.1527913309362748,,,1070.579443290946
one_pass,3667249,0,16384,0,spectral-new,hybrid,9,4,0,45,38341080,0.0019306977288832,1,0.6805127263069153,0.6540807239947616,0.2308130922662275,,,38.35537474998273
one_pass,3667249,0,65536,0,spectral-new,hybrid,9,4,0,45,38341080,0.0019306977288832,1,0.6402854062616825,0.604020255109014,0.2068195312934803,,,77.14677520899568
one_pass,3667249,0,262144,0,spectral-new,hybrid,9,4,0,45,38341080,0.0019306977288832,1,0.5864646453410387,0.5476157875793624,0.1819177510242318,,,120.26051958394235
one_pass,3667249,0,1048576,0,spectral-new,hybrid,9,4,0,45,38341080,0.0019306977288832,1,0.5398756372742355,0.5103087896143866,0.1676476853374335,,,172.98683412501123
one_pass,3667249,0,4194304,0,spectral-new,hybrid,9,4,0,45,38341080,0.0019306977288832,1,0.507442820846336,0.4871187875270168,0.1591422332084132,,,273.20032529195305
one_pass,3667249,0,16777216,0,spectral-new,hybrid,9,4,0,45,38341080,0.0019306977288832,1,0.4863703275259468,0.472512673940152,0.153801529552145,,,567.0695569999516
one_pass,3667249,0,33554432,0,spectral-new,hybrid,9,4,0,45,38341080,0.0019306977288832,1,0.4782700996547646,0.4667950600009098,0.1517288641153172,,,961.5361300419318
one_pass,3667249,0,36672493,0,spectral-new,hybrid,9,4,0,45,38341080,0.0019306977288832,1,0.4773554767572155,0.466165261061883,0.1514996231051919,,,1076.1315106669208
one_pass,3667249,0,16384,0,spectral-new,hybrid,9,4,0,45,38341080,0.0019306977288832,2,0.6502637267112732,0.6294453287161187,0.2189715866556284,,,38.58767383301165
one_pass,3667249,0,65536,0,spectral-new,hybrid,9,4,0,45,38341080,0.0019306977288832,2,0.6182860061526299,0.5877288184422518,0.1993556382253869,,,78.59396041708533
one_pass,3667249,0,262144,0,spectral-new,hybrid,9,4,0,45,38341080,0.0019306977288832,2,0.5749543365091085,0.5431455393808299,0.180034751865577,,,121.60648720804602
one_pass,3667249,0,1048576,0,spectral-new,hybrid,9,4,0,45,38341080,0.0019306977288832,2,0.5359735178062692,0.5099364947297949,0.1674200869400307,,,174.77050479198806
one_pass,3667249,0,4194304,0,spectral-new,hybrid,9,4,0,45,38341080,0.0019306977288832,2,0.5070191120030358,0.4878395318462489,0.1594736787517918,,,275.3435773750534
one_pass,3667249,0,16777216,0,spectral-new,hybrid,9,4,0,45,38341080,0.0019306977288832,2,0.4861105745003442,0.4718208325653837,0.1536532410118483,,,566.4917027500924
one_pass,3667249,0,33554432,0,spectral-new,hybrid,9,4,0,45,38341080,0.0019306977288832,2,0.4775190694417688,0.4655761010277762,0.15138578328351,,,954.159800583031
one_pass,3667249,0,36672493,0,spectral-new,hybrid,9,4,0,45,38341080,0.0019306977288832,2,0.4765317617064387,0.4649327144739863,0.1511517813292939,,,1065.8744636670451
one_pass,3667249,0,16384,0,spectral-new,hybrid,9,4,0,45,38341080,0.0037275937203149,0,0.6608432978391647,0.6134683859181806,0.2113737100384078,,,39.237963040941395
one_pass,3667249,0,65536,0,spectral-new,hybrid,9,4,0,45,38341080,0.0037275937203149,0,0.6001992151141167,0.5530986897057633,0.184252405159074,,,77.97874366596807
one_pass,3667249,0,262144,0,spectral-new,hybrid,9,4,0,45,38341080,0.0037275937203149,0,0.5482023553922772,0.516761902695969,0.1701739114688698,,,120.93424037494697
one_pass,3667249,0,1048576,0,spectral-new,hybrid,9,4,0,45,38341080,0.0037275937203149,0,0.513642564881593,0.4925751900555588,0.1612761445972796,,,172.9911137080053
one_pass,3667249,0,4194304,0,spectral-new,hybrid,9,4,0,45,38341080,0.0037275937203149,0,0.4914558383461553,0.4773957112712404,0.1556760485121444,,,272.9395593749359
one_pass,3667249,0,16777216,0,spectral-new,hybrid,9,4,0,45,38341080,0.0037275937203149,0,0.4762371368851745,0.4658896248581698,0.1514622204577828,,,564.5825774159748
one_pass,3667249,0,33554432,0,spectral-new,hybrid,9,4,0,45,38341080,0.0037275937203149,0,0.4699661152990302,0.461233704067497,0.149771412643058,,,952.09689495794
one_pass,3667249,0,36672493,0,spectral-new,hybrid,9,4,0,45,38341080,0.0037275937203149,0,0.4692424807321208,0.4607351166967499,0.1495883659717784,,,1064.7595243329415
one_pass,3667249,0,16384,0,spectral-new,hybrid,9,4,0,45,38341080,0.0037275937203149,1,0.6606427580118179,0.6176252864856685,0.213233980840798,,,35.033248957945034
one_pass,3667249,0,65536,0,spectral-new,hybrid,9,4,0,45,38341080,0.0037275937203149,1,0.6023860611021519,0.5566819832818519,0.1856639810238285,,,71.59613312489819
one_pass,3667249,0,262144,0,spectral-new,hybrid,9,4,0,45,38341080,0.0037275937203149,1,0.5481051588431001,0.5149747448205121,0.1693965875278255,,,110.38955383293796
one_pass,3667249,0,1048576,0,spectral-new,hybrid,9,4,0,45,38341080,0.0037275937203149,1,0.5112766909878701,0.4893818429545307,0.1600063041143264,,,161.55542837490793
one_pass,3667249,0,4194304,0,spectral-new,hybrid,9,4,0,45,38341080,0.0037275937203149,1,0.4883876788953785,0.4738575517572275,0.1543174620002568,,,259.90668745792937
one_pass,3667249,0,16777216,0,spectral-new,hybrid,9,4,0,45,38341080,0.0037275937203149,1,0.4728430415125331,0.462644677477871,0.1502727332440439,,,570.8556219579186
one_pass,3667249,0,33554432,0,spectral-new,hybrid,9,4,0,45,38341080,0.0037275937203149,1,0.4668344495730707,0.4586501641863547,0.1488567212609321,,,978.9219415419502
one_pass,3667249,0,36672493,0,spectral-new,hybrid,9,4,0,45,38341080,0.0037275937203149,1,0.4661691056625707,0.4582680920187263,0.1487230905116066,,,1083.3105888749706
one_pass,3667249,0,16384,0,spectral-new,hybrid,9,4,0,45,38341080,0.0037275937203149,2,0.633944034576416,0.5991844432045118,0.2046529089301927,,,35.64103624993004
one_pass,3667249,0,65536,0,spectral-new,hybrid,9,4,0,45,38341080,0.0037275937203149,2,0.5872689634561539,0.5502049212489284,0.1829345700408812,,,71.8898158329539
one_pass,3667249,0,262144,0,spectral-new,hybrid,9,4,0,45,38341080,0.0037275937203149,2,0.5428144987672567,0.5139384934346046,0.1689105937320995,,,110.53870033298152
one_pass,3667249,0,1048576,0,spectral-new,hybrid,9,4,0,45,38341080,0.0037275937203149,2,0.5101628305856138,0.489968317997356,0.1602536620850491,,,161.30509154195897
one_pass,3667249,0,4194304,0,spectral-new,hybrid,9,4,0,45,38341080,0.0037275937203149,2,0.4881235478678718,0.47344601127204,0.1542549457945102,,,259.10314795793965
one_pass,3667249,0,16777216,0,spectral-new,hybrid,9,4,0,45,38341080,0.0037275937203149,2,0.4721171723285806,0.4619933857932467,0.1500982601353719,,,563.9633724580053
one_pass,3667249,0,33554432,0,spectral-new,hybrid,9,4,0,45,38341080,0.0037275937203149,2,0.466115672054002,0.4581661104558398,0.1487326806722925,,,965.6887922079768
one_pass,3667249,0,36672493,0,spectral-new,hybrid,9,4,0,45,38341080,0.0037275937203149,2,0.4654515617925007,0.4578166023005787,0.1486097428624327,,,1066.5943032079376
one_pass,3667249,0,16384,0,spectral-new,hybrid,9,4,0,45,38341080,0.0071968567300115,0,0.629519447684288,0.56674686691522,0.1900700746629138,,,34.67099758295808
one_pass,3667249,0,65536,0,spectral-new,hybrid,9,4,0,45,38341080,0.0071968567300115,0,0.5637560673058033,0.5232913789124144,0.1726103500050061,,,70.8601794160204
one_pass,3667249,0,262144,0,spectral-new,hybrid,9,4,0,45,38341080,0.0071968567300115,0,0.5212720716372132,0.4960398159031984,0.1625685525806119,,,110.39521774998866
one_pass,3667249,0,1048576,0,spectral-new,hybrid,9,4,0,45,38341080,0.0071968567300115,0,0.4948918726295233,0.479453289684578,0.1564375485922747,,,163.69325799995568
one_pass,3667249,0,4194304,0,spectral-new,hybrid,9,4,0,45,38341080,0.0071968567300115,0,0.478322492854204,0.4676513444594017,0.152092713386043,,,269.9333217079984
one_pass,3667249,0,16777216,0,spectral-new,hybrid,9,4,0,45,38341080,0.0071968567300115,0,0.4668068598475656,0.4592250841614849,0.1490453699108061,,,585.423204749939
one_pass,3667249,0,33554432,0,spectral-new,hybrid,9,4,0,45,38341080,0.0071968567300115,0,0.4621855444856919,0.4558949710218989,0.1478722997803201,,,974.953508290928
one_pass,3667249,0,36672493,0,spectral-new,hybrid,9,4,0,45,38341080,0.0071968567300115,0,0.4616573390277225,0.4555525452656118,0.1477507788982929,,,1083.7912425829563
one_pass,3667249,0,16384,0,spectral-new,hybrid,9,4,0,45,38341080,0.0071968567300115,1,0.6315600126981735,0.5720791743998903,0.1922802221665984,,,35.75043575000018
one_pass,3667249,0,65536,0,spectral-new,hybrid,9,4,0,45,38341080,0.0071968567300115,1,0.5652135945856571,0.5231985301904521,0.1725043454622045,,,71.92912145797163
one_pass,3667249,0,262144,0,spectral-new,hybrid,9,4,0,45,38341080,0.0071968567300115,1,0.5201786546967924,0.4942979035134204,0.1618592005924959,,,110.66054091602564
one_pass,3667249,0,1048576,0,spectral-new,hybrid,9,4,0,45,38341080,0.0071968567300115,1,0.4927517678588629,0.4768916188874623,0.1554698437061809,,,166.0061974580167
one_pass,3667249,0,4194304,0,spectral-new,hybrid,9,4,0,45,38341080,0.0071968567300115,1,0.4754798992071301,0.4647313735742602,0.1510523700303895,,,271.4607619999442
one_pass,3667249,0,16777216,0,spectral-new,hybrid,9,4,0,45,38341080,0.0071968567300115,1,0.4640946656945743,0.4568044013835199,0.1482177994436637,,,591.5807551249163
one_pass,3667249,0,33554432,0,spectral-new,hybrid,9,4,0,45,38341080,0.0071968567300115,1,0.4597275471678586,0.4538043016491628,0.1471636053592271,,,992.6784362079344
one_pass,3667249,0,36672493,0,spectral-new,hybrid,9,4,0,45,38341080,0.0071968567300115,1,0.4592385766852073,0.4535707318267296,0.1470767443427771,,,1103.5079781250097
one_pass,3667249,0,16384,0,spectral-new,hybrid,9,4,0,45,38341080,0.0071968567300115,2,0.6100546717643738,0.5627471011029351,0.1882687120672113,,,38.95556095801294
one_pass,3667249,0,65536,0,spectral-new,hybrid,9,4,0,45,38341080,0.0071968567300115,2,0.556333851069212,0.520853605576502,0.1715038985685818,,,76.46932862501126
one_pass,3667249,0,262144,0,spectral-new,hybrid,9,4,0,45,38341080,0.0071968567300115,2,0.5175416185520589,0.4942816549935679,0.1618538764605758,,,117.10806254099587
one_pass,3667249,0,1048576,0,spectral-new,hybrid,9,4,0,45,38341080,0.0071968567300115,2,0.4921783847967163,0.4770496171306526,0.1555644024179603,,,170.19631162495352
one_pass,3667249,0,4194304,0,spectral-new,hybrid,9,4,0,45,38341080,0.0071968567300115,2,0.4753617107344325,0.4647063070182824,0.1510832928547012,,,276.2939699999988
one_pass,3667249,0,16777216,0,spectral-new,hybrid,9,4,0,45,38341080,0.0071968567300115,2,0.4640272010001354,0.4569862856197547,0.1483153758796926,,,579.4128242499428
one_pass,3667249,0,33554432,0,spectral-new,hybrid,9,4,0,45,38341080,0.0071968567300115,2,0.459737913657591,0.4540305238182728,0.1472641513837366,,,992.2253870000133
one_pass,3667249,0,36672493,0,spectral-new,hybrid,9,4,0,45,38341080,0.0071968567300115,2,0.4592523952331268,0.4537904939166957,0.1471778610013309,,,1093.845954499906
one_pass,3667249,0,16384,0,spectral-new,hybrid,9,4,0,45,38341080,0.0138949549437313,0,0.5968881845474243,0.5353182151018786,0.1772896811713113,,,38.25148774997797
one_pass,3667249,0,65536,0,spectral-new,hybrid,9,4,0,45,38341080,0.0138949549437313,0,0.5371150299906731,0.5028551466806244,0.1651048861400187,,,75.54505516693462
one_pass,3667249,0,262144,0,spectral-new,hybrid,9,4,0,45,38341080,0.0138949549437313,0,0.5032485262490809,0.4839028088122674,0.1580993665129137,,,117.06420699995942
one_pass,3667249,0,1048576,0,spectral-new,hybrid,9,4,0,45,38341080,0.0138949549437313,0,0.482958156731911,0.4715230583684249,0.1535187314160928,,,169.42519533401355
one_pass,3667249,0,4194304,0,spectral-new,hybrid,9,4,0,45,38341080,0.0138949549437313,0,0.470523160387529,0.4625695734889737,0.1502788192332694,0.4679212416252334,0.1522449580434384,274.49703249998856
one_pass,3667249,0,16777216,0,spectral-new,hybrid,9,4,0,45,38341080,0.0138949549437313,0,0.4616817091373377,0.4556959775938715,0.1478115067359027,0.4611241366056944,0.1497948545011675,579.0502206669189
one_pass,3667249,0,33554432,0,spectral-new,hybrid,9,4,0,45,38341080,0.0138949549437313,0,0.4579022912002983,0.4527083471839367,0.1467611947208333,0.4583288168239259,0.1487917352335534,991.7944724999834
one_pass,3667249,0,36672493,0,spectral-new,hybrid,9,4,0,45,38341080,0.0138949549437313,0,0.457467511796196,0.4524602764420102,0.1466727028584779,0.4580797006893378,0.1487090302452687,1091.6978111249628
one_pass,3667249,0,16384,0,spectral-new,hybrid,9,4,0,45,38341080,0.0138949549437313,1,0.5999421626329422,0.5373436316716884,0.1780095854280088,,,39.884510040981695
one_pass,3667249,0,65536,0,spectral-new,hybrid,9,4,0,45,38341080,0.0138949549437313,1,0.538161464035511,0.502326322098223,0.1648039804917737,,,77.52537333290093
one_pass,3667249,0,262144,0,spectral-new,hybrid,9,4,0,45,38341080,0.0138949549437313,1,0.5031055556610227,0.4836289534222945,0.1579866789588811,,,118.77471166593024
one_pass,3667249,0,1048576,0,spectral-new,hybrid,9,4,0,45,38341080,0.0138949549437313,1,0.4825573088601231,0.4711735225320176,0.1534147082089074,,,173.30662466597278
one_pass,3667249,0,4194304,0,spectral-new,hybrid,9,4,0,45,38341080,0.0138949549437313,1,0.4701994066999759,0.4621322314594558,0.1501536897263951,0.4676173566322019,0.1521516310061844,280.0141169159906
one_pass,3667249,0,16777216,0,spectral-new,hybrid,9,4,0,45,38341080,0.0138949549437313,1,0.4613502744905418,0.4552629669114372,0.1476979596965977,0.4608068377739836,0.1497093951339954,590.3152858329704
one_pass,3667249,0,33554432,0,spectral-new,hybrid,9,4,0,45,38341080,0.0138949549437313,1,0.4575612544358591,0.4522643968433369,0.1466435258603491,0.4579822155285262,0.1486949127542527,1013.5580693329684
one_pass,3667249,0,36672493,0,spectral-new,hybrid,9,4,0,45,38341080,0.0138949549437313,1,0.4571208997892483,0.4520571486019646,0.1465624925223624,0.4577256376940266,0.1486020246875158,1115.3996636249358
one_pass,3667249,0,16384,0,spectral-new,hybrid,9,4,0,45,38341080,0.0138949549437313,2,0.5848330557346344,0.5349569356624091,0.177001528126538,,,38.711010041995905
one_pass,3667249,0,65536,0,spectral-new,hybrid,9,4,0,45,38341080,0.0138949549437313,2,0.5328250341117382,0.5023566689959192,0.1648309968026951,,,76.14588916709181
one_pass,3667249,0,262144,0,spectral-new,hybrid,9,4,0,45,38341080,0.0138949549437313,2,0.5022776443511248,0.4843285757155781,0.158265621628226,,,116.85041358298622
one_pass,3667249,0,1048576,0,spectral-new,hybrid,9,4,0,45,38341080,0.0138949549437313,2,0.4825619033072144,0.4715051200603998,0.1535451026824143,,,170.68167070799973
one_pass,3667249,0,4194304,0,spectral-new,hybrid,9,4,0,45,38341080,0.0138949549437313,2,0.4700972941354848,0.4621475329818701,0.1501838346026534,0.4674415639324065,0.1521118461791267,276.69744058302604
one_pass,3667249,0,16777216,0,spectral-new,hybrid,9,4,0,45,38341080,0.0138949549437313,2,0.4611334867367986,0.4552210462789142,0.1477157516733502,0.4607258076298473,0.1497118794769118,581.7792816670844
one_pass,3667249,0,33554432,0,spectral-new,hybrid,9,4,0,45,38341080,0.0138949549437313,2,0.457352650933899,0.4522070885226774,0.1466562569839704,0.4578361196122761,0.1486780818834687,998.2079103750876
one_pass,3667249,0,36672493,0,spectral-new,hybrid,9,4,0,45,38341080,0.0138949549437313,2,0.4569038812620031,0.4519917482062033,0.1465708777276861,0.4575423393559926,0.148574060230768,1098.381046375027
one_pass,3667249,0,16384,0,spectral-new,hybrid,9,4,0,45,38341080,0.0268269579527972,0,0.5775331109762192,0.518324675789981,0.1709487206580139,0.5239255375786895,0.1732508118040522,38.8651122499723
one_pass,3667249,0,65536,0,spectral-new,hybrid,9,4,0,45,38341080,0.0268269579527972,0,0.5229114443063736,0.4952723183679074,0.1623381002823465,0.5006663911839364,0.16441990274589,75.79367891699076
one_pass,3667249,0,262144,0,spectral-new,hybrid,9,4,0,45,38341080,0.0268269579527972,0,0.4963416210375726,0.4813182934603194,0.1571528919956958,0.4868609986457051,0.1592151646101396,117.61358216695952
one_pass,3667249,0,1048576,0,spectral-new,hybrid,9,4,0,45,38341080,0.0268269579527972,0,0.4800094462698325,0.4707932216315293,0.1532772184095708,0.4762577000312505,0.1552915061284375,171.16575337504037
one_pass,3667249,0,4194304,0,spectral-new,hybrid,9,4,0,45,38341080,0.0268269579527972,0,0.469242647930514,0.4623120201703538,0.1502265700731168,,,277.6271339999512
one_pass,3667249,0,16777216,0,spectral-new,hybrid,9,4,0,45,38341080,0.0268269579527972,0,0.4608680430465028,0.4551578627381885,0.1476557748066595,,,588.438474292052
one_pass,3667249,0,33554432,0,spectral-new,hybrid,9,4,0,45,38341080,0.0268269579527972,0,0.4570622794744849,0.4520031313352357,0.146550792766089,,,1007.0718122089748
one_pass,3667249,0,36672493,0,spectral-new,hybrid,9,4,0,45,38341080,0.0268269579527972,0,0.4566224971520971,0.4517072355283899,0.146445362508873,,,1107.878864584025
one_pass,3667249,0,16384,0,spectral-new,hybrid,9,4,0,45,38341080,0.0268269579527972,1,0.5802181214094162,0.5195280028644245,0.1713771605727546,0.5249626273145356,0.1736391358963284,37.90343787497841
one_pass,3667249,0,65536,0,spectral-new,hybrid,9,4,0,45,38341080,0.0268269579527972,1,0.5242122784256935,0.4955362333904197,0.1624311359851912,0.5008724718574684,0.1645014532729377,75.69561712502036
one_pass,3667249,0,262144,0,spectral-new,hybrid,9,4,0,45,38341080,0.0268269579527972,1,0.4970227531157434,0.4815042976936269,0.1572240132348766,0.4870145284542314,0.1592491159768495,117.191483624978
one_pass,3667249,0,1048576,0,spectral-new,hybrid,9,4,0,45,38341080,0.0268269579527972,1,0.480151223600842,0.4707304680606209,0.1532864439071067,0.4762118205554554,0.1552934134912171,171.4181507920148
one_pass,3667249,0,4194304,0,spectral-new,hybrid,9,4,0,45,38341080,0.0268269579527972,1,0.4694585997785907,0.4625606834871945,0.1503439605926204,,,276.6911742920056
one_pass,3667249,0,16777216,0,spectral-new,hybrid,9,4,0,45,38341080,0.0268269579527972,1,0.461282691649103,0.4555684607262875,0.1478198040745582,,,584.2938687499845
one_pass,3667249,0,33554432,0,spectral-new,hybrid,9,4,0,45,38341080,0.0268269579527972,1,0.457517918333906,0.4524805671814392,0.1467208950847074,,,1003.3187487089308
one_pass,3667249,0,36672493,0,spectral-new,hybrid,9,4,0,45,38341080,0.0268269579527972,1,0.4570765921570543,0.4521477635459781,0.1465934555219498,,,1105.0187781249406
one_pass,3667249,0,16384,0,spectral-new,hybrid,9,4,0,45,38341080,0.0268269579527972,2,0.5691902041435242,0.5164818350856184,0.1701436931656753,0.5219066080568361,0.1723321708889194,37.52524254191667
one_pass,3667249,0,65536,0,spectral-new,hybrid,9,4,0,45,38341080,0.0268269579527972,2,0.5204519387334585,0.4949212320544539,0.1622168888759319,0.5000554396036359,0.1641600714863097,75.33496929192916
one_pass,3667249,0,262144,0,spectral-new,hybrid,9,4,0,45,38341080,0.0268269579527972,2,0.4962157509289682,0.4813463773211354,0.1571314333023018,0.4867040392776578,0.1590990818400474,116.98447499994654
one_pass,3667249,0,1048576,0,spectral-new,hybrid,9,4,0,45,38341080,0.0268269579527972,2,0.4798529165564105,0.4710373310603171,0.1533842873899689,0.4763113160545077,0.15531345637188,171.3677422920009
one_pass,3667249,0,4194304,0,spectral-new,hybrid,9,4,0,45,38341080,0.0268269579527972,2,0.4694128119153902,0.4627155676813392,0.1503998063794611,,,276.5575199169107
one_pass,3667249,0,16777216,0,spectral-new,hybrid,9,4,0,45,38341080,0.0268269579527972,2,0.4611671636084793,0.4555195647179036,0.1478072778117226,,,584.816672542016
one_pass,3667249,0,33554432,0,spectral-new,hybrid,9,4,0,45,38341080,0.0268269579527972,2,0.4573917455709306,0.4523559786901823,0.1466875974620532,,,999.9324747499776
one_pass,3667249,0,36672493,0,spectral-new,hybrid,9,4,0,45,38341080,0.0268269579527972,2,0.4569396537106113,0.4521093067049272,0.146597019725814,,,1100.0653333750088
one_pass,3667249,0,16384,0,spectral-new,hybrid,9,4,0,45,38341080,0.0517947467923121,0,0.5778098553419113,0.5213950295540883,0.1726899943542775,,,36.740798082901165
one_pass,3667249,0,65536,0,spectral-new,hybrid,9,4,0,45,38341080,0.0517947467923121,0,0.5248502567410469,0.4985263145404366,0.1636154069056451,,,72.83416179090273
one_pass,3667249,0,262144,0,spectral-new,hybrid,9,4,0,45,38341080,0.0517947467923121,0,0.5005715163424611,0.4859906415332628,0.1586450679432311,,,114.4792574159801
one_pass,3667249,0,1048576,0,spectral-new,hybrid,9,4,0,45,38341080,0.0517947467923121,0,0.4846888065803796,0.4752667430024248,0.1548519513547807,,,171.13550187496003
one_pass,3667249,0,4194304,0,spectral-new,hybrid,9,4,0,45,38341080,0.0517947467923121,0,0.4737403379403986,0.466244241982359,0.1516697112553641,,,301.1544094159035
one_pass,3667249,0,16777216,0,spectral-new,hybrid,9,4,0,45,38341080,0.0517947467923121,0,0.4646525762291276,0.4585300782485386,0.148869719860784,,,600.5933920829557
one_pass,3667249,0,33554432,0,spectral-new,hybrid,9,4,0,45,38341080,0.0517947467923121,0,0.4604524562055303,0.4548441256604473,0.1475844439300641,,,1003.3457777079892
one_pass,3667249,0,36672493,0,spectral-new,hybrid,9,4,0,45,38341080,0.0517947467923121,0,0.4599583947666931,0.4545013961505161,0.1474435031446148,,,1102.5450739159714
one_pass,3667249,0,16384,0,spectral-new,hybrid,9,4,0,45,38341080,0.0517947467923121,1,0.5768225193023682,0.5418388225733748,0.1770695680573842,,,35.59994258300867
one_pass,3667249,0,65536,0,spectral-new,hybrid,9,4,0,45,38341080,0.0517947467923121,1,0.5257457811385393,0.4979273710253263,0.1632048342985873,,,73.93558483291417
one_pass,3667249,0,262144,0,spectral-new,hybrid,9,4,0,45,38341080,0.0517947467923121,1,0.5014189691282809,0.4860742369367393,0.1586276619696752,,,116.8574668749934
one_pass,3667249,0,1048576,0,spectral-new,hybrid,9,4,0,45,38341080,0.0517947467923121,1,0.4849349019350484,0.4757318296422721,0.1550020828898722,,,173.60584720794577
one_pass,3667249,0,4194304,0,spectral-new,hybrid,9,4,0,45,38341080,0.0517947467923121,1,0.4738401656795759,0.4666630053959367,0.1518130756656218,,,302.90383366693277
one_pass,3667249,0,16777216,0,spectral-new,hybrid,9,4,0,45,38341080,0.0517947467923121,1,0.4648266935691936,0.4587899935784492,0.1489704348897415,,,601.2681802079314
one_pass,3667249,0,33554432,0,spectral-new,hybrid,9,4,0,45,38341080,0.0517947467923121,1,0.4606772085789998,0.4550801163116136,0.1476640551924437,,,1005.8448481250088
one_pass,3667249,0,36672493,0,spectral-new,hybrid,9,4,0,45,38341080,0.0517947467923121,1,0.4601807322907553,0.4548823480239498,0.1475814837983097,,,1106.641371125006
one_pass,3667249,0,16384,0,spectral-new,hybrid,9,4,0,45,38341080,0.0517947467923121,2,0.5805346965789795,0.5274234501709187,0.1748073048129431,,,43.67687683401164
one_pass,3667249,0,65536,0,spectral-new,hybrid,9,4,0,45,38341080,0.0517947467923121,2,0.5250775944441557,0.4982915428782679,0.1633565767758548,,,98.60239862499292
one_pass,3667249,0,262144,0,spectral-new,hybrid,9,4,0,45,38341080,0.0517947467923121,2,0.501101765781641,0.4864708459001706,0.1587916493230727,,,142.9606095419731
one_pass,3667249,0,1048576,0,spectral-new,hybrid,9,4,0,45,38341080,0.0517947467923121,2,0.4849712926661595,0.4754549942617525,0.154925040322011,,,195.57537583401427
one_pass,3667249,0,4194304,0,spectral-new,hybrid,9,4,0,45,38341080,0.0517947467923121,2,0.4738467714632861,0.4664054171396894,0.1516951408268046,,,298.4690948339412
one_pass,3667249,0,16777216,0,spectral-new,hybrid,9,4,0,45,38341080,0.0517947467923121,2,0.464877441911085,0.4587564131727161,0.1489452782568645,,,609.9842498339713
one_pass,3667249,0,33554432,0,spectral-new,hybrid,9,4,0,45,38341080,0.0517947467923121,2,0.4607248371939931,0.4551259195544113,0.1476811236414239,,,1007.9066729589832
one_pass,3667249,0,36672493,0,spectral-new,hybrid,9,4,0,45,38341080,0.0517947467923121,2,0.4602276662869256,0.454854472796957,0.1475685189460888,,,1121.815358791966
one_pass,3667249,0,16384,0,spectral-new,hybrid,9,4,0,45,38341080,0.1,0,0.7040530741214752,0.6003453500876251,0.2032571741039081,,,56.81215929193422
one_pass,3667249,0,65536,0,spectral-new,hybrid,9,4,0,45,38341080,0.1,0,0.6306255683302879,0.5297644407933809,0.1729636929909398,,,98.80808308394626
one_pass,3667249,0,262144,0,spectral-new,hybrid,9,4,0,45,38341080,0.1,0,0.546927961986512,0.5081805296380614,0.1652104646291728,,,139.44085354194976
one_pass,3667249,0,1048576,0,spectral-new,hybrid,9,4,0,45,38341080,0.1,0,0.5097927179886028,0.4912911669613273,0.1597827051265892,,,191.5419087089831
one_pass,3667249,0,4194304,0,spectral-new,hybrid,9,4,0,45,38341080,0.1,0,0.4894440821371972,0.4770111030033435,0.1552061153683003,,,291.48796137503814
one_pass,3667249,0,16777216,0,spectral-new,hybrid,9,4,0,45,38341080,0.1,0,0.4753874492671457,0.4664872300650951,0.1516049394639453,,,605.5041391670238
one_pass,3667249,0,33554432,0,spectral-new,hybrid,9,4,0,45,38341080,0.1,0,0.4693236229868489,0.4612003717335645,0.1497942271334227,,,1001.6538288339508
one_pass,3667249,0,36672493,0,spectral-new,hybrid,9,4,0,45,38341080,0.1,0,0.4686068424209795,0.4610091520807455,0.1497064064423284,,,1128.8918812499614
one_pass,3667249,0,16384,0,spectral-new,hybrid,9,4,0,45,38341080,0.1,1,0.7297844290733337,0.6150162728534306,0.2081072900575687,,,37.439831665949896
one_pass,3667249,0,65536,0,spectral-new,hybrid,9,4,0,45,38341080,0.1,1,0.6261949390172958,0.5295868853611326,0.1727990038625705,,,75.6714992079651
one_pass,3667249,0,262144,0,spectral-new,hybrid,9,4,0,45,38341080,0.1,1,0.5461814748123288,0.5094481625645939,0.165381636125401,,,121.84101858292706
one_pass,3667249,0,1048576,0,spectral-new,hybrid,9,4,0,45,38341080,0.1,1,0.5101621696958318,0.4915018219808637,0.1599771962241961,,,177.77686754090246
one_pass,3667249,0,4194304,0,spectral-new,hybrid,9,4,0,45,38341080,0.1,1,0.4891838062903844,0.47705024480297,0.1552576384109822,,,283.7967192908982
one_pass,3667249,0,16777216,0,spectral-new,hybrid,9,4,0,45,38341080,0.1,1,0.4751755869801854,0.4664036009622532,0.1515629941727006,,,586.3183675829787
one_pass,3667249,0,33554432,0,spectral-new,hybrid,9,4,0,45,38341080,0.1,1,0.4692321770635317,0.46142668978143,0.1498110373831509,,,1053.2031769159948
one_pass,3667249,0,36672493,0,spectral-new,hybrid,9,4,0,45,38341080,0.1,1,0.4685268752199221,0.4611095634209677,0.1496824365603659,,,1157.6270251249662
one_pass,3667249,0,16384,0,spectral-new,hybrid,9,4,0,45,38341080,0.1,2,0.7409154027700424,0.7104101705656396,0.245541632721788,,,37.24823904200457
one_pass,3667249,0,65536,0,spectral-new,hybrid,9,4,0,45,38341080,0.1,2,0.6368154883384705,0.5333193765598415,0.1735118157376391,,,75.35649337503128
one_pass,3667249,0,262144,0,spectral-new,hybrid,9,4,0,45,38341080,0.1,2,0.5496938447467983,0.5076008636312423,0.1650600810045869,,,121.30916237505151
one_pass,3667249,0,1048576,0,spectral-new,hybrid,9,4,0,45,38341080,0.1,2,0.5092647077981383,0.490564661342128,0.1595453755764004,,,178.19326149998233
one_pass,3667249,0,4194304,0,spectral-new,hybrid,9,4,0,45,38341080,0.1,2,0.4891084691043943,0.476800808104999,0.1551480818189225,,,282.8162151670549
one_pass,3667249,0,16777216,0,spectral-new,hybrid,9,4,0,45,38341080,0.1,2,0.4744802459827042,0.4650541676127662,0.1510919890967795,,,586.0273126249667
one_pass,3667249,0,33554432,0,spectral-new,hybrid,9,4,0,45,38341080,0.1,2,0.4681325669807847,0.4598871730508923,0.1493010640773101,,,1050.6752946670167
one_pass,3667249,0,36672493,0,spectral-new,hybrid,9,4,0,45,38341080,0.1,2,0.4673829533094591,0.4595452663061082,0.1491791521891086,,,1154.292530250037
one_pass,3667249,0,16384,0,spectral-new,hybrid,15,7,0,120,102242880,0.001,0,0.7070327401161194,0.6911623525802979,0.248983468607967,,,71.1593966250075
one_pass,3667249,0,65536,0,spectral-new,hybrid,15,7,0,120,102242880,0.001,0,0.6805973872542381,0.6536730583108098,0.2305506677050011,,,149.83358783298172
one_pass,3667249,0,262144,0,spectral-new,hybrid,15,7,0,120,102242880,0.001,0,0.6349727138876915,0.5954174458727765,0.2026405417972121,,,229.5426802909933
one_pass,3667249,0,1048576,0,spectral-new,hybrid,15,7,0,120,102242880,0.001,0,0.578253582585603,0.5386952680822392,0.1781329186977915,,,330.19771145796403
one_pass,3667249,0,4194304,0,spectral-new,hybrid,15,7,0,120,102242880,0.001,0,0.5337477652647067,0.5065045678517598,0.1662035721644958,,,531.2935536659788
one_pass,3667249,0,16777216,0,spectral-new,hybrid,15,7,0,120,102242880,0.001,0,0.5050404833309585,0.4867847077760754,0.1590754700221642,,,1207.920529832947
one_pass,3667249,0,33554432,0,spectral-new,hybrid,15,7,0,120,102242880,0.001,0,0.4943488056633214,0.4790065198481573,0.1562220474931458,,,2044.5961777500345
one_pass,3667249,0,36672493,0,spectral-new,hybrid,15,7,0,120,102242880,0.001,0,0.4930937344652208,0.4780687223633141,0.1558760758189945,,,2254.9739525830373
one_pass,3667249,0,16384,0,spectral-new,hybrid,15,7,0,120,102242880,0.001,1,0.6673785150051117,0.651567157843472,0.2295465875294739,,,71.96070012496784
one_pass,3667249,0,65536,0,spectral-new,hybrid,15,7,0,120,102242880,0.001,1,0.644356269389391,0.6206461746142676,0.2145788435757098,,,149.70833449997008
one_pass,3667249,0,262144,0,spectral-new,hybrid,15,7,0,120,102242880,0.001,1,0.6073766341432929,0.5747276481383052,0.1932883113366709,,,229.2250933330506
one_pass,3667249,0,1048576,0,spectral-new,hybrid,15,7,0,120,102242880,0.001,1,0.5633817189373076,0.5320892658528836,0.1757030299615316,,,330.6675022080308
one_pass,3667249,0,4194304,0,spectral-new,hybrid,15,7,0,120,102242880,0.001,1,0.5281373382313177,0.5047777018491767,0.1657200267255306,,,530.6808160420042
one_pass,3667249,0,16777216,0,spectral-new,hybrid,15,7,0,120,102242880,0.001,1,0.5034452113031875,0.486821951007245,0.1591757927001682,,,1210.6283245000525
one_pass,3667249,0,33554432,0,spectral-new,hybrid,15,7,0,120,102242880,0.001,1,0.4937051882989181,0.4794448481732868,0.1564682968732463,,,2056.5493864170276
one_pass,3667249,0,36672493,0,spectral-new,hybrid,15,7,0,120,102242880,0.001,1,0.4925514892229169,0.4785437789557623,0.1561367435777778,,,2269.7582305420656
one_pass,3667249,0,16384,0,spectral-new,hybrid,15,7,0,120,102242880,0.001,2,0.6898485273122787,0.6733907463951535,0.2402442224611994,,,71.42166875000112
one_pass,3667249,0,65536,0,spectral-new,hybrid,15,7,0,120,102242880,0.001,2,0.6637766100466251,0.6386181923103174,0.2232344556333011,,,148.76182450004853
one_pass,3667249,0,262144,0,spectral-new,hybrid,15,7,0,120,102242880,0.001,2,0.6224294938147068,0.585843088957615,0.1982086299188964,,,227.81916066608392
one_pass,3667249,0,1048576,0,spectral-new,hybrid,15,7,0,120,102242880,0.001,2,0.5717221454251558,0.5364126522701526,0.17715700808279,,,329.3038517080713
one_pass,3667249,0,4194304,0,spectral-new,hybrid,15,7,0,120,102242880,0.001,2,0.5325351573119406,0.5076299041559286,0.1665604785570793,,,529.5129136251053
one_pass,3667249,0,16777216,0,spectral-new,hybrid,15,7,0,120,102242880,0.001,2,0.5058991983314627,0.4883703266032656,0.1596343902981911,,,1209.8744079580065
one_pass,3667249,0,33554432,0,spectral-new,hybrid,15,7,0,120,102242880,0.001,2,0.4957659246319963,0.4812327486597304,0.1570395763049976,,,2061.1156287080375
one_pass,3667249,0,36672493,0,spectral-new,hybrid,15,7,0,120,102242880,0.001,2,0.494593439505463,0.4803742983812357,0.1567262702023293,,,2275.969049791107
one_pass,3667249,0,16384,0,spectral-new,hybrid,15,7,0,120,102242880,0.0019306977288832,0,0.6943275779485703,0.6650399695934485,0.2361244134744081,,,71.02021120896097
one_pass,3667249,0,65536,0,spectral-new,hybrid,15,7,0,120,102242880,0.0019306977288832,0,0.6488959193229675,0.6065430156548299,0.2078432862330345,,,148.50199699995574
one_pass,3667249,0,262144,0,spectral-new,hybrid,15,7,0,120,102242880,0.0019306977288832,0,0.5876448638737202,0.5440764042564504,0.1802673018777739,,,228.30869316705505
one_pass,3667249,0,1048576,0,spectral-new,hybrid,15,7,0,120,102242880,0.0019306977288832,0,0.5381495519541204,0.5088061595022355,0.167040733230043,,,329.5224127089605
one_pass,3667249,0,4194304,0,spectral-new,hybrid,15,7,0,120,102242880,0.0019306977288832,0,0.5071368218632415,0.488041991309266,0.1595450763963368,,,527.9958757089917
one_pass,3667249,0,16777216,0,spectral-new,hybrid,15,7,0,120,102242880,0.0019306977288832,0,0.4866498011615476,0.4727457114497525,0.1539221070799536,,,1204.450914917048
one_pass,3667249,0,33554432,0,spectral-new,hybrid,15,7,0,120,102242880,0.0019306977288832,0,0.478193025697692,0.4662178946640901,0.1515495469908226,,,2044.64947475004
one_pass,3667249,0,36672493,0,spectral-new,hybrid,15,7,0,120,102242880,0.0019306977288832,0,0.4771969327996339,0.4655045506908872,0.1512904327930902,,,2256.643156624981
one_pass,3667249,0,16384,0,spectral-new,hybrid,15,7,0,120,102242880,0.0019306977288832,1,0.656408280134201,0.6297084879528035,0.2189341105380105,,,72.28619970905129
one_pass,3667249,0,65536,0,spectral-new,hybrid,15,7,0,120,102242880,0.0019306977288832,1,0.6184690892696381,0.5832093178888452,0.1970947482384085,,,149.3876330839703
one_pass,3667249,0,262144,0,spectral-new,hybrid,15,7,0,120,102242880,0.0019306977288832,1,0.5707410154864192,0.5363332293167913,0.1773190366822086,,,227.75354462501127
one_pass,3667249,0,1048576,0,spectral-new,hybrid,15,7,0,120,102242880,0.0019306977288832,1,0.53178007947281,0.5069111525596625,0.1664964365413298,,,329.1812122920528
one_pass,3667249,0,4194304,0,spectral-new,hybrid,15,7,0,120,102242880,0.0019306977288832,1,0.5052260555676185,0.4879509220296356,0.159599313439582,,,530.8969420839567
one_pass,3667249,0,16777216,0,spectral-new,hybrid,15,7,0,120,102242880,0.0019306977288832,1,0.4865512295436929,0.4732708860553492,0.1542082059979488,,,1206.2360266670585
one_pass,3667249,0,33554432,0,spectral-new,hybrid,15,7,0,120,102242880,0.0019306977288832,1,0.4783795025032304,0.4664408878454851,0.1517267685766658,,,2046.6339969170513
one_pass,3667249,0,36672493,0,spectral-new,hybrid,15,7,0,120,102242880,0.0019306977288832,1,0.4773824425968601,0.4656554255126836,0.1514389444585365,,,2258.454619999975
one_pass,3667249,0,16384,0,spectral-new,hybrid,15,7,0,120,102242880,0.0019306977288832,2,0.6777020394802094,0.6489635814593815,0.2282741992476726,,,69.3924552500248
one_pass,3667249,0,65536,0,spectral-new,hybrid,15,7,0,120,102242880,0.0019306977288832,2,0.6347559578716755,0.595822375630274,0.2028158127160585,,,140.67173950001597
one_pass,3667249,0,262144,0,spectral-new,hybrid,15,7,0,120,102242880,0.0019306977288832,2,0.580228028818965,0.5410357533340517,0.178956642878674,,,241.7252125419909
one_pass,3667249,0,1048576,0,spectral-new,hybrid,15,7,0,120,102242880,0.0019306977288832,2,0.5365816799458116,0.5099771952016314,0.1674106753420432,,,360.8004958339734
one_pass,3667249,0,4194304,0,spectral-new,hybrid,15,7,0,120,102242880,0.0019306977288832,2,0.5079150342498906,0.4896679447484891,0.160103381615672,,,591.8714518750785
one_pass,3667249,0,16777216,0,spectral-new,hybrid,15,7,0,120,102242880,0.0019306977288832,2,0.488742992914922,0.4756605596518821,0.1549983275243271,,,1244.7673910000594
one_pass,3667249,0,33554432,0,spectral-new,hybrid,15,7,0,120,102242880,0.0019306977288832,2,0.4808642797142965,0.469495546373138,0.1527471640583028,,,2077.799865334062
one_pass,3667249,0,36672493,0,spectral-new,hybrid,15,7,0,120,102242880,0.0019306977288832,2,0.4799289748056395,0.4687651471324531,0.15248065843036,,,2293.532641250058
one_pass,3667249,0,16384,0,spectral-new,hybrid,15,7,0,120,102242880,0.0037275937203149,0,0.6726014465093613,0.6233806282026257,0.2158508703615821,,,70.45475079200696
one_pass,3667249,0,65536,0,spectral-new,hybrid,15,7,0,120,102242880,0.0037275937203149,0,0.6056230403482914,0.5540634016261891,0.1843521802573409,,,140.61973845795728
one_pass,3667249,0,262144,0,spectral-new,hybrid,15,7,0,120,102242880,0.0037275937203149,0,0.5466608088463545,0.512820719482403,0.1685247662205624,,,249.83566633297596
one_pass,3667249,0,1048576,0,spectral-new,hybrid,15,7,0,120,102242880,0.0037275937203149,0,0.5109587688930333,0.4903846925972634,0.1604121890477827,,,358.82909133296926
one_pass,3667249,0,4194304,0,spectral-new,hybrid,15,7,0,120,102242880,0.0037275937203149,0,0.4892199217574671,0.4751062228523771,0.1547939177438227,,,589.6281601669034
one_pass,3667249,0,16777216,0,spectral-new,hybrid,15,7,0,120,102242880,0.0037275937203149,0,0.4735880090447608,0.4631029462075015,0.150416195681708,,,1238.8546072499594
one_pass,3667249,0,33554432,0,spectral-new,hybrid,15,7,0,120,102242880,0.0037275937203149,0,0.4672116055553488,0.4584628493193509,0.1487684591277899,,,2063.812193791964
one_pass,3667249,0,36672493,0,spectral-new,hybrid,15,7,0,120,102242880,0.0037275937203149,0,0.4664793413621599,0.45800607616383,0.1486083707783231,,,2280.281895458
one_pass,3667249,0,16384,0,spectral-new,hybrid,15,7,0,120,102242880,0.0037275937203149,1,0.6378921419382095,0.5958078396067203,0.2028781659289192,,,92.7480154170189
one_pass,3667249,0,65536,0,spectral-new,hybrid,15,7,0,120,102242880,0.0037275937203149,1,0.5846551470458508,0.5438182635023692,0.1802596697587335,,,166.77460550004616
one_pass,3667249,0,262144,0,spectral-new,hybrid,15,7,0,120,102242880,0.0037275937203149,1,0.5387954777106643,0.5104421219725412,0.1678039821704309,,,257.62878054205794
one_pass,3667249,0,1048576,0,spectral-new,hybrid,15,7,0,120,102242880,0.0037275937203149,1,0.5084178347606212,0.4898540301545273,0.1603073091680435,,,372.35686500009615
one_pass,3667249,0,4194304,0,spectral-new,hybrid,15,7,0,120,102242880,0.0037275937203149,1,0.4884138629713561,0.474865656630259,0.1547845279718663,,,581.6356264580972
one_pass,3667249,0,16777216,0,spectral-new,hybrid,15,7,0,120,102242880,0.0037275937203149,1,0.4729081012847018,0.4620453562795526,0.1501271164436287,,,1231.397912583081
one_pass,3667249,0,33554432,0,spectral-new,hybrid,15,7,0,120,102242880,0.0037275937203149,1,0.4662601405216264,0.4571562407732709,0.148375425863754,,,2054.662606917089
one_pass,3667249,0,36672493,0,spectral-new,hybrid,15,7,0,120,102242880,0.0037275937203149,1,0.4654904155139335,0.4567284344658502,0.1482216399546966,,,2271.328548624995
one_pass,3667249,0,16384,0,spectral-new,hybrid,15,7,0,120,102242880,0.0037275937203149,2,0.6572381854057312,0.6107536833867628,0.2098415220177829,,,83.69323812494986
one_pass,3667249,0,65536,0,spectral-new,hybrid,15,7,0,120,102242880,0.0037275937203149,2,0.5956828072667122,0.5492885486915406,0.1822846135954164,,,156.55979074991774
one_pass,3667249,0,262144,0,spectral-new,hybrid,15,7,0,120,102242880,0.0037275937203149,2,0.5441533625125885,0.5136266123983455,0.1687686917424863,,,259.6562579999445
one_pass,3667249,0,1048576,0,spectral-new,hybrid,15,7,0,120,102242880,0.0037275937203149,2,0.5111801773309708,0.4912912884374871,0.1606890787337445,,,364.8300921249902
one_pass,3667249,0,4194304,0,spectral-new,hybrid,15,7,0,120,102242880,0.0037275937203149,2,0.4902380527055356,0.4765763996434587,0.1553327222098854,,,575.44122108398
one_pass,3667249,0,16777216,0,spectral-new,hybrid,15,7,0,120,102242880,0.0037275937203149,2,0.4751094052917324,0.4647438028349169,0.1510349329554882,,,1232.9460912919603
one_pass,3667249,0,33554432,0,spectral-new,hybrid,15,7,0,120,102242880,0.0037275937203149,2,0.4687441869318718,0.4599970108132945,0.1493385822625475,,,2074.01988466701
one_pass,3667249,0,36672493,0,spectral-new,hybrid,15,7,0,120,102242880,0.0037275937203149,2,0.4680110981729662,0.4594981770017909,0.1491629920651814,,,2291.376094416948
one_pass,3667249,0,16384,0,spectral-new,hybrid,15,7,0,120,102242880,0.0071968567300115,0,0.64012710750103,0.5711136981123486,0.1916674556870675,,,71.73673137510195
one_pass,3667249,0,65536,0,spectral-new,hybrid,15,7,0,120,102242880,0.0071968567300115,0,0.5645221993327141,0.5200605532372166,0.1711885550906227,,,162.77666558302008
one_pass,3667249,0,262144,0,spectral-new,hybrid,15,7,0,120,102242880,0.0071968567300115,0,0.5187275903299451,0.4940293037931295,0.1617608306036503,,,247.38239716610408
one_pass,3667249,0,1048576,0,spectral-new,hybrid,15,7,0,120,102242880,0.0071968567300115,0,0.4930766738252714,0.478197819566035,0.1559343498624756,,,352.30304966610856
one_pass,3667249,0,4194304,0,spectral-new,hybrid,15,7,0,120,102242880,0.0071968567300115,0,0.4768841239565518,0.4664940177244395,0.1516562222788167,,,556.8574907910079
one_pass,3667249,0,16777216,0,spectral-new,hybrid,15,7,0,120,102242880,0.0071968567300115,0,0.4654476016148692,0.4578946693105082,0.1485800358865269,,,1192.979449416045
one_pass,3667249,0,33554432,0,spectral-new,hybrid,15,7,0,120,102242880,0.0071968567300115,0,0.4607617620022211,0.4544330143927997,0.1473563299297074,,,2034.174798125052
one_pass,3667249,0,36672493,0,spectral-new,hybrid,15,7,0,120,102242880,0.0071968567300115,0,0.4602219520201226,0.4540995881978447,0.1472377938897505,,,2246.7497115830192
one_pass,3667249,0,16384,0,spectral-new,hybrid,15,7,0,120,102242880,0.0071968567300115,1,0.6112645417451859,0.5565008808615748,0.1854781839713837,,,70.58445295796264
one_pass,3667249,0,65536,0,spectral-new,hybrid,15,7,0,120,102242880,0.0071968567300115,1,0.5532548502087593,0.5169999144302944,0.1701943652844013,,,167.27664354105946
one_pass,3667249,0,262144,0,spectral-new,hybrid,15,7,0,120,102242880,0.0071968567300115,1,0.5155996670946479,0.4936047551198818,0.1616806973888956,,,252.7418379159644
one_pass,3667249,0,1048576,0,spectral-new,hybrid,15,7,0,120,102242880,0.0071968567300115,1,0.4923585270298645,0.4782916021638532,0.1560302154615431,,,356.6172782080248
one_pass,3667249,0,4194304,0,spectral-new,hybrid,15,7,0,120,102242880,0.0071968567300115,1,0.4765628748282324,0.4660254666873037,0.1515685806863354,,,561.5984349580249
one_pass,3667249,0,16777216,0,spectral-new,hybrid,15,7,0,120,102242880,0.0071968567300115,1,0.4647105105614173,0.4567409637061732,0.1482286971640274,,,1198.6935990829952
one_pass,3667249,0,33554432,0,spectral-new,hybrid,15,7,0,120,102242880,0.0071968567300115,1,0.4597102669831656,0.4529463339266742,0.1468822286363784,,,2035.437538707978
one_pass,3667249,0,36672493,0,spectral-new,hybrid,15,7,0,120,102242880,0.0071968567300115,1,0.4591307083114709,0.4526147010412534,0.146762814934995,,,2246.5497203749837
one_pass,3667249,0,16384,0,spectral-new,hybrid,15,7,0,120,102242880,0.0071968567300115,2,0.6271839588880539,0.5641750345145092,0.1885874654639263,,,70.2021593330428
one_pass,3667249,0,65536,0,spectral-new,hybrid,15,7,0,120,102242880,0.0071968567300115,2,0.5600688457489014,0.5200750990403765,0.1711514920215732,,,142.06823437509593
one_pass,3667249,0,262144,0,spectral-new,hybrid,15,7,0,120,102242880,0.0071968567300115,2,0.5187574629671872,0.4949812059136992,0.1620483445637915,,,223.56926204101185
one_pass,3667249,0,1048576,0,spectral-new,hybrid,15,7,0,120,102242880,0.0071968567300115,2,0.493604262243025,0.4789461386340183,0.156209684303084,,,333.4280958750751
one_pass,3667249,0,4194304,0,spectral-new,hybrid,15,7,0,120,102242880,0.0071968567300115,2,0.4773813115607481,0.4667539115179125,0.1517762191766116,,,552.183443750022
one_pass,3667249,0,16777216,0,spectral-new,hybrid,15,7,0,120,102242880,0.0071968567300115,2,0.4655343639169587,0.4578656112570925,0.14858736921995,,,1212.017342915991
one_pass,3667249,0,33554432,0,spectral-new,hybrid,15,7,0,120,102242880,0.0071968567300115,2,0.4607163303480774,0.4542868528420092,0.1473288995516473,,,2018.366764666047
one_pass,3667249,0,36672493,0,spectral-new,hybrid,15,7,0,120,102242880,0.0071968567300115,2,0.4601647168539208,0.4539532994988559,0.1472082409160169,,,2218.878145916038
one_pass,3667249,0,16384,0,spectral-new,hybrid,15,7,0,120,102242880,0.0138949549437313,0,0.6046051234006882,0.5337641412374182,0.1765056614203339,,,70.27170033298898
one_pass,3667249,0,65536,0,spectral-new,hybrid,15,7,0,120,102242880,0.0138949549437313,0,0.5366248153150082,0.5014257734566723,0.164445088725908,,,141.21620499994606
one_pass,3667249,0,262144,0,spectral-new,hybrid,15,7,0,120,102242880,0.0138949549437313,0,0.5023690238595009,0.4838957856434897,0.1581041155919918,,,224.3503885830287
one_pass,3667249,0,1048576,0,spectral-new,hybrid,15,7,0,120,102242880,0.0138949549437313,0,0.48279429145623,0.4717647755949654,0.1536262299335822,,,334.0974908330245
one_pass,3667249,0,4194304,0,spectral-new,hybrid,15,7,0,120,102242880,0.0138949549437313,0,0.4705786821141373,0.4626856466991511,0.1503490052318432,0.4680419300240874,0.1522890930677876,552.485445874976
one_pass,3667249,0,16777216,0,spectral-new,hybrid,15,7,0,120,102242880,0.0138949549437313,0,0.4615817569647333,0.4555732366426961,0.1477914968272928,0.4610648232992811,0.1497767578620464,1207.3445468329592
one_pass,3667249,0,33554432,0,spectral-new,hybrid,15,7,0,120,102242880,0.0138949549437313,0,0.4576587432675296,0.4523835388127965,0.1466750023808129,0.4579838974810304,0.1486799178314878,2014.792413417017
one_pass,3667249,0,36672493,0,spectral-new,hybrid,15,7,0,120,102242880,0.0138949549437313,0,0.457193029936612,0.4521316849276477,0.1465786896277149,0.4576620918351926,0.1485668366033589,2212.654077666928
one_pass,3667249,0,16384,0,spectral-new,hybrid,15,7,0,120,102242880,0.0138949549437313,1,0.584051713347435,0.5292052458462224,0.1749281191683348,,,70.3584349580342
one_pass,3667249,0,65536,0,spectral-new,hybrid,15,7,0,120,102242880,0.0138949549437313,1,0.5306289829313755,0.5003883484048172,0.1641983597273449,,,140.64586570800748
one_pass,3667249,0,262144,0,spectral-new,hybrid,15,7,0,120,102242880,0.0138949549437313,1,0.5009850258938968,0.4841422803509095,0.158204440228913,,,222.996118875104
one_pass,3667249,0,1048576,0,spectral-new,hybrid,15,7,0,120,102242880,0.0138949549437313,1,0.482431934797205,0.4721693401783634,0.1537876105325498,,,331.0326793330023
one_pass,3667249,0,4194304,0,spectral-new,hybrid,15,7,0,120,102242880,0.0138949549437313,1,0.4706245707056951,0.4630618166978726,0.1505017878657884,0.4683487772858737,0.152420781425168,547.293829958071
one_pass,3667249,0,16777216,0,spectral-new,hybrid,15,7,0,120,102242880,0.0138949549437313,1,0.4616942314823973,0.4556540925247642,0.1478360592201107,0.4610841427953041,0.1498066668011385,1197.5496083750622
one_pass,3667249,0,33554432,0,spectral-new,hybrid,15,7,0,120,102242880,0.0138949549437313,1,0.4576727688181563,0.4523899939255779,0.1466857579706743,0.4579687904256576,0.1486951089372189,1995.8810303329956
one_pass,3667249,0,36672493,0,spectral-new,hybrid,15,7,0,120,102242880,0.0138949549437313,1,0.4572035539556162,0.4521141043175492,0.1465816983446073,0.4576020755488323,0.1485656031596503,2192.2368755420903
one_pass,3667249,0,16384,0,spectral-new,hybrid,15,7,0,120,102242880,0.0138949549437313,2,0.5954886972904205,0.5323744873624304,0.1758824618765701,,,70.32721004204359
one_pass,3667249,0,65536,0,spectral-new,hybrid,15,7,0,120,102242880,0.0138949549437313,2,0.535512488335371,0.5025069514092344,0.1647998828749542,,,141.22730470797978
one_pass,3667249,0,262144,0,spectral-new,hybrid,15,7,0,120,102242880,0.0138949549437313,2,0.5028509083203971,0.4843685544737626,0.1582672935181876,,,224.0669681250583
one_pass,3667249,0,1048576,0,spectral-new,hybrid,15,7,0,120,102242880,0.0138949549437313,2,0.4832785640610382,0.4719447656033174,0.1536977267888726,,,332.9142475830158
one_pass,3667249,0,4194304,0,spectral-new,hybrid,15,7,0,120,102242880,0.0138949549437313,2,0.4708143325115088,0.4627915909199555,0.1503707486489255,0.4680691120973407,0.1523106285067929,549.5940675000893
one_pass,3667249,0,16777216,0,spectral-new,hybrid,15,7,0,120,102242880,0.0138949549437313,2,0.4616010429090238,0.4554206607152793,0.1477396252737891,0.4608935787289548,0.1497373372487695,1206.0273119170452
one_pass,3667249,0,33554432,0,spectral-new,hybrid,15,7,0,120,102242880,0.0138949549437313,2,0.4575822662809514,0.4522169373386418,0.1466182181545218,0.457820968099305,0.1486367123906861,2017.0900891249769
one_pass,3667249,0,36672493,0,spectral-new,hybrid,15,7,0,120,102242880,0.0138949549437313,2,0.4571090812735433,0.4519198807277952,0.1465131809855576,0.4574907417529654,0.1485218717537725,2215.9561911670025
one_pass,3667249,0,16384,0,spectral-new,hybrid,15,7,0,120,102242880,0.0268269579527972,0,0.5813864469528198,0.5153387552733321,0.1697754985941186,0.5206152961999544,0.1719244182087442,69.52415491698775
one_pass,3667249,0,65536,0,spectral-new,hybrid,15,7,0,120,102242880,0.0268269579527972,0,0.5223534218966961,0.4946688368158285,0.1621417637350573,0.4996824681553518,0.1640530889861925,140.29488004208542
one_pass,3667249,0,262144,0,spectral-new,hybrid,15,7,0,120,102242880,0.0268269579527972,0,0.4966131765395403,0.4816506585446748,0.1572586308164712,0.4870240689296568,0.1592315880860862,222.9562775420491
one_pass,3667249,0,1048576,0,spectral-new,hybrid,15,7,0,120,102242880,0.0268269579527972,0,0.4804083976196125,0.4713097577822696,0.1534789405525082,0.4767987588813387,0.1554949669708943,335.0149112090003
one_pass,3667249,0,4194304,0,spectral-new,hybrid,15,7,0,120,102242880,0.0268269579527972,0,0.470014499820536,0.4631245015385858,0.1505467531364506,,,552.2576615420403
one_pass,3667249,0,16777216,0,spectral-new,hybrid,15,7,0,120,102242880,0.0268269579527972,0,0.4616832941537723,0.4559278987836986,0.1479423800855809,,,1210.4622326249955
one_pass,3667249,0,33554432,0,spectral-new,hybrid,15,7,0,120,102242880,0.0268269579527972,0,0.4577617325994652,0.4525859698024462,0.1467644399906943,,,2023.855488125002
one_pass,3667249,0,36672493,0,spectral-new,hybrid,15,7,0,120,102242880,0.0268269579527972,0,0.4572852064101895,0.4522397798563333,0.1466339557648326,,,2218.5402194170747
one_pass,3667249,0,16384,0,spectral-new,hybrid,15,7,0,120,102242880,0.0268269579527972,1,0.5670928359031677,0.5157790762947984,0.1701290513855642,0.5218679866600929,0.1725614850763313,74.46336237504147
one_pass,3667249,0,65536,0,spectral-new,hybrid,15,7,0,120,102242880,0.0268269579527972,1,0.5185464527457952,0.4944819104302095,0.162073116090546,0.4996128323045772,0.1640354919558085,150.25843491603155
one_pass,3667249,0,262144,0,spectral-new,hybrid,15,7,0,120,102242880,0.0268269579527972,1,0.4959448501467705,0.4816818240600062,0.1572746972985031,0.4872693830808005,0.1593128688767423,233.27787566604093
one_pass,3667249,0,1048576,0,spectral-new,hybrid,15,7,0,120,102242880,0.0268269579527972,1,0.48028843710199,0.4715895968733753,0.153563492308625,0.4770187174222283,0.1555662033601144,350.3124765410321
one_pass,3667249,0,4194304,0,spectral-new,hybrid,15,7,0,120,102242880,0.0268269579527972,1,0.4700325786543544,0.4632069613626555,0.1505854954451455,,,564.6977095409529
one_pass,3667249,0,16777216,0,spectral-new,hybrid,15,7,0,120,102242880,0.0268269579527972,1,0.461702110042097,0.4558147769042955,0.1479104563178841,,,1198.4610810410231
one_pass,3667249,0,33554432,0,spectral-new,hybrid,15,7,0,120,102242880,0.0268269579527972,1,0.4577657359295699,0.45246007443888,0.1467352599385189,,,1946.320366916014
one_pass,3667249,0,36672493,0,spectral-new,hybrid,15,7,0,120,102242880,0.0268269579527972,1,0.4572964052173653,0.4522347603751315,0.1466362466809142,,,2110.869389832951
one_pass,3667249,0,16384,0,spectral-new,hybrid,15,7,0,120,102242880,0.0268269579527972,2,0.5757697373628616,0.5162619613057562,0.1700359991559169,0.5215110439268513,0.1721839733991552,77.17013487499207
one_pass,3667249,0,65536,0,spectral-new,hybrid,15,7,0,120,102242880,0.0268269579527972,2,0.5204583909362555,0.493716908259032,0.1617308086248901,0.4989899573335687,0.163733473153347,152.77913929196075
one_pass,3667249,0,262144,0,spectral-new,hybrid,15,7,0,120,102242880,0.0268269579527972,2,0.495711799710989,0.4813506773188882,0.1571397909579615,0.486766109094966,0.159140118639806,235.74453104194257
one_pass,3667249,0,1048576,0,spectral-new,hybrid,15,7,0,120,102242880,0.0268269579527972,2,0.4800025180447846,0.4712202322158461,0.1534715247381906,0.4767266184127728,0.1555020206934526,352.396922124899
one_pass,3667249,0,4194304,0,spectral-new,hybrid,15,7,0,120,102242880,0.0268269579527972,2,0.4697304643050302,0.4628056640132891,0.150436049822291,,,569.0589427088853
one_pass,3667249,0,16777216,0,spectral-new,hybrid,15,7,0,120,102242880,0.0268269579527972,2,0.4614127129461849,0.4556615233347003,0.1478633597188059,,,1204.2148953339783
one_pass,3667249,0,33554432,0,spectral-new,hybrid,15,7,0,120,102242880,0.0268269579527972,2,0.4575309114225092,0.4523681828201712,0.1466939129674576,,,1955.8084369999124
one_pass,3667249,0,36672493,0,spectral-new,hybrid,15,7,0,120,102242880,0.0268269579527972,2,0.457071365264137,0.4520862532033778,0.1465814493507677,,,2119.994332916918
one_pass,3667249,0,16384,0,spectral-new,hybrid,15,7,0,120,102242880,0.0517947467923121,0,0.5921061933040619,0.5257241672720264,0.1741606472787135,,,80.25018049997743
one_pass,3667249,0,65536,0,spectral-new,hybrid,15,7,0,120,102242880,0.0517947467923121,0,0.5295973606407642,0.4981674997348809,0.1633647029381109,,,154.55970054096542
one_pass,3667249,0,262144,0,spectral-new,hybrid,15,7,0,120,102242880,0.0517947467923121,0,0.5023704469203949,0.4865808580977315,0.1588603027161818,,,234.78775937494356
one_pass,3667249,0,1048576,0,spectral-new,hybrid,15,7,0,120,102242880,0.0517947467923121,0,0.4857857988681644,0.4761439030993674,0.1551602379196598,,,343.52530512493104
one_pass,3667249,0,4194304,0,spectral-new,hybrid,15,7,0,120,102242880,0.0517947467923121,0,0.4749025547353085,0.4677874794437226,0.1522073020832519,,,561.4742539159488
one_pass,3667249,0,16777216,0,spectral-new,hybrid,15,7,0,120,102242880,0.0517947467923121,0,0.4659747895857435,0.4598711909038192,0.1493606910767496,,,1194.4071847079322
one_pass,3667249,0,33554432,0,spectral-new,hybrid,15,7,0,120,102242880,0.0517947467923121,0,0.4617438569621299,0.456138971104168,0.1480490674932303,,,1908.5626995830096
one_pass,3667249,0,36672493,0,spectral-new,hybrid,15,7,0,120,102242880,0.0517947467923121,0,0.4612370299077088,0.4558129019759901,0.1479220760481506,,,2057.0294774159556
one_pass,3667249,0,16384,0,spectral-new,hybrid,15,7,0,120,102242880,0.0517947467923121,1,0.5870157033205032,0.5624239945164623,0.1899407105698068,,,78.37965016602539
one_pass,3667249,0,65536,0,spectral-new,hybrid,15,7,0,120,102242880,0.0517947467923121,1,0.5321963634341955,0.4984691513893469,0.1634708619058247,,,152.99250475002918
one_pass,3667249,0,262144,0,spectral-new,hybrid,15,7,0,120,102242880,0.0517947467923121,1,0.5036960300058126,0.4867917037896355,0.1589336874782274,,,233.5665090000257
one_pass,3667249,0,1048576,0,spectral-new,hybrid,15,7,0,120,102242880,0.0517947467923121,1,0.4861720821354538,0.476103856882536,0.155146816727968,,,341.02816587500274
one_pass,3667249,0,4194304,0,spectral-new,hybrid,15,7,0,120,102242880,0.0517947467923121,1,0.4750665997853502,0.4674412912151989,0.1520751157248777,,,558.6480973330326
one_pass,3667249,0,16777216,0,spectral-new,hybrid,15,7,0,120,102242880,0.0517947467923121,1,0.466038122169266,0.4596715141682321,0.1492934858875732,,,1185.4195979579818
one_pass,3667249,0,33554432,0,spectral-new,hybrid,15,7,0,120,102242880,0.0517947467923121,1,0.4617855225114908,0.4560463693089468,0.1480291506406713,,,1889.5444407080067
one_pass,3667249,0,36672493,0,spectral-new,hybrid,15,7,0,120,102242880,0.0517947467923121,1,0.4612615165593144,0.4557396645804307,0.1479060416294472,,,2030.734214750002
one_pass,3667249,0,16384,0,spectral-new,hybrid,15,7,0,120,102242880,0.0517947467923121,2,0.5819512009620667,0.5474738072730096,0.1835262323893459,,,72.89143370802049
one_pass,3667249,0,65536,0,spectral-new,hybrid,15,7,0,120,102242880,0.0517947467923121,2,0.5297999680042267,0.4982887093022102,0.1634504694574901,,,147.5615198330488
one_pass,3667249,0,262144,0,spectral-new,hybrid,15,7,0,120,102242880,0.0517947467923121,2,0.5021786787547171,0.48678218748029,0.1589333826677335,,,228.48147512506696
one_pass,3667249,0,1048576,0,spectral-new,hybrid,15,7,0,120,102242880,0.0517947467923121,2,0.4854163448326289,0.476489464900493,0.1552733556282504,,,333.6345781660639
one_pass,3667249,0,4194304,0,spectral-new,hybrid,15,7,0,120,102242880,0.0517947467923121,2,0.4747735698765609,0.4675848990437888,0.1521175240179086,,,542.6203196250135
one_pass,3667249,0,16777216,0,spectral-new,hybrid,15,7,0,120,102242880,0.0517947467923121,2,0.4659508334880229,0.4596407292387013,0.1492809024583112,,,1144.9812657909931
one_pass,3667249,0,33554432,0,spectral-new,hybrid,15,7,0,120,102242880,0.0517947467923121,2,0.4616750558525382,0.456005988242119,0.147998867506808,,,1720.209859790979
one_pass,3667249,0,36672493,0,spectral-new,hybrid,15,7,0,120,102242880,0.0517947467923121,2,0.461150733708411,0.4557350046811776,0.147891190772801,,,1837.657697333023
one_pass,3667249,0,16384,0,spectral-new,hybrid,15,7,0,120,102242880,0.1,0,0.7824976146221161,0.6845793459604171,0.236926298975255,,,71.99376733298413
one_pass,3667249,0,65536,0,spectral-new,hybrid,15,7,0,120,102242880,0.1,0,0.6551989577710629,0.5298757056393609,0.1730906506268082,,,145.55529220798053
one_pass,3667249,0,262144,0,spectral-new,hybrid,15,7,0,120,102242880,0.1,0,0.5563122797757387,0.5123199948116217,0.166456862360271,,,224.52614745800383
one_pass,3667249,0,1048576,0,spectral-new,hybrid,15,7,0,120,102242880,0.1,0,0.5152121778810397,0.495891261724092,0.161314942687678,,,329.3507330409484
one_pass,3667249,0,4194304,0,spectral-new,hybrid,15,7,0,120,102242880,0.1,0,0.494186463940423,0.4815577963616069,0.1567641356101967,,,539.0024348329753
one_pass,3667249,0,16777216,0,spectral-new,hybrid,15,7,0,120,102242880,0.1,0,0.4795502437482355,0.470205235942417,0.1528574800594375,,,1140.0444895830003
one_pass,3667249,0,33554432,0,spectral-new,hybrid,15,7,0,120,102242880,0.1,0,0.4733286935479555,0.4650745255445491,0.1510962393460272,,,1715.0526145409094
one_pass,3667249,0,36672493,0,spectral-new,hybrid,15,7,0,120,102242880,0.1,0,0.4725781993012659,0.4646927817027413,0.1509631276248479,,,1832.7212026249615
one_pass,3667249,0,16384,0,spectral-new,hybrid,15,7,0,120,102242880,0.1,1,0.7556273192167282,0.6330426428060095,0.2171723353547949,,,59.78057737497147
one_pass,3667249,0,65536,0,spectral-new,hybrid,15,7,0,120,102242880,0.1,1,0.6246741637587547,0.5268564813353774,0.1722986345929396,,,117.9856634590542
one_pass,3667249,0,262144,0,spectral-new,hybrid,15,7,0,120,102242880,0.1,1,0.5479759024456143,0.5136022031930279,0.1665212301421007,,,180.6586132090306
one_pass,3667249,0,1048576,0,spectral-new,hybrid,15,7,0,120,102242880,0.1,1,0.5138772474601865,0.4956735304236608,0.1613148348290709,,,264.4350132920081
one_pass,3667249,0,4194304,0,spectral-new,hybrid,15,7,0,120,102242880,0.1,1,0.4940839155169669,0.4818639262303433,0.1567970348553565,,,425.0525011670543
one_pass,3667249,0,16777216,0,spectral-new,hybrid,15,7,0,120,102242880,0.1,1,0.4797274261945858,0.4702907979721561,0.1528892966558958,,,793.0285872090608
one_pass,3667249,0,33554432,0,spectral-new,hybrid,15,7,0,120,102242880,0.1,1,0.4734232829468965,0.4649386448832542,0.1510613252872418,,,1202.5455193340313
one_pass,3667249,0,36672493,0,spectral-new,hybrid,15,7,0,120,102242880,0.1,1,0.4726709458057982,0.46440439000295,0.1508373441825198,,,1308.1651865839958
one_pass,3667249,0,16384,0,spectral-new,hybrid,15,7,0,120,102242880,0.1,2,0.7554076611995697,0.6506766362410606,0.22440849810898,,,58.41346012498252
one_pass,3667249,0,65536,0,spectral-new,hybrid,15,7,0,120,102242880,0.1,2,0.6241396181285381,0.5268024487967512,0.1718553163650911,,,116.0624794169562
one_pass,3667249,0,262144,0,spectral-new,hybrid,15,7,0,120,102242880,0.1,2,0.5459834295324981,0.5109112595463999,0.1657925822365329,,,178.04823445901275
one_pass,3667249,0,1048576,0,spectral-new,hybrid,15,7,0,120,102242880,0.1,2,0.5137322581140324,0.4969988268523117,0.1615872972276135,,,261.2565283749718
one_pass,3667249,0,4194304,0,spectral-new,hybrid,15,7,0,120,102242880,0.1,2,0.4938577403663657,0.4813589248025213,0.1567063931938443,,,420.0708675000351
one_pass,3667249,0,16777216,0,spectral-new,hybrid,15,7,0,120,102242880,0.1,2,0.4794194772985065,0.4703719511103217,0.1529017911133741,,,786.4596783749294
one_pass,3667249,0,33554432,0,spectral-new,hybrid,15,7,0,120,102242880,0.1,2,0.4732088181226572,0.4650764861792217,0.1510977184898652,,,1195.9433433749946
one_pass,3667249,0,36672493,0,spectral-new,hybrid,15,7,0,120,102242880,0.1,2,0.4724595958485736,0.4646543196889511,0.1509267658148277,,,1301.4955041250214
one_pass,3667249,0,16384,0,linear-new,hybrid,0,-1,0,1,852024,0.001,0,0.684179961681366,0.6738140454890077,0.2403389512376052,,,20.665163457975723
one_pass,3667249,0,65536,0,linear-new,hybrid,0,-1,0,1,852024,0.001,0,0.6673180125653744,0.6503150702371532,0.2286479495960071,,,44.352940332959406
one_pass,3667249,0,262144,0,linear-new,hybrid,0,-1,0,1,852024,0.001,0,0.6381906298920512,0.6116697093972389,0.2097627396652587,,,76.91877804195974
one_pass,3667249,0,1048576,0,linear-new,hybrid,0,-1,0,1,852024,0.001,0,0.5968887531198561,0.5640431814333392,0.1878937897339032,,,103.89636145799886
one_pass,3667249,0,4194304,0,linear-new,hybrid,0,-1,0,1,852024,0.001,0,0.5548662733635865,0.5265808579203805,0.1730666807381884,,,135.65566195803694
one_pass,3667249,0,16777216,0,linear-new,hybrid,0,-1,0,1,852024,0.001,0,0.5224302544665989,0.5003772310760346,0.1636084482280128,,,223.03852399997413
one_pass,3667249,0,33554432,0,linear-new,hybrid,0,-1,0,1,852024,0.001,0,0.509090102641494,0.4898792963169992,0.1598685837669261,,,337.2167571670143
one_pass,3667249,0,36672493,0,linear-new,hybrid,0,-1,0,1,852024,0.001,0,0.5075287881231367,0.4887184563133456,0.1594612889374339,,,369.7126985830255
one_pass,3667249,0,16384,0,linear-new,hybrid,0,-1,0,1,852024,0.001,1,0.684179961681366,0.6738140454890077,0.2403389512376052,,,20.645681041991335
one_pass,3667249,0,65536,0,linear-new,hybrid,0,-1,0,1,852024,0.001,1,0.6673180125653744,0.6503150702371532,0.2286479495960071,,,44.327474000048824
one_pass,3667249,0,262144,0,linear-new,hybrid,0,-1,0,1,852024,0.001,1,0.6381906298920512,0.6116697093972389,0.2097627396652587,,,76.8924799580127
one_pass,3667249,0,1048576,0,linear-new,hybrid,0,-1,0,1,852024,0.001,1,0.5968887531198561,0.5640431814333392,0.1878937897339032,,,103.3420909999404
one_pass,3667249,0,4194304,0,linear-new,hybrid,0,-1,0,1,852024,0.001,1,0.5548662733635865,0.5265808579203805,0.1730666807381884,,,135.37650391703937
one_pass,3667249,0,16777216,0,linear-new,hybrid,0,-1,0,1,852024,0.001,1,0.5224302544665989,0.5003772310760346,0.1636084482280128,,,221.62767900002655
one_pass,3667249,0,33554432,0,linear-new,hybrid,0,-1,0,1,852024,0.001,1,0.509090102641494,0.4898792963169992,0.1598685837669261,,,335.5305099999532
one_pass,3667249,0,36672493,0,linear-new,hybrid,0,-1,0,1,852024,0.001,1,0.5075287881231367,0.4887184563133456,0.1594612889374339,,,367.3196815829724
one_pass,3667249,0,16384,0,linear-new,hybrid,0,-1,0,1,852024,0.001,2,0.684179961681366,0.6738140454890077,0.2403389512376052,,,20.765541541040875
one_pass,3667249,0,65536,0,linear-new,hybrid,0,-1,0,1,852024,0.001,2,0.6673180125653744,0.6503150702371532,0.2286479495960071,,,43.49086791602895
one_pass,3667249,0,262144,0,linear-new,hybrid,0,-1,0,1,852024,0.001,2,0.6381906298920512,0.6116697093972389,0.2097627396652587,,,76.78374275006354
one_pass,3667249,0,1048576,0,linear-new,hybrid,0,-1,0,1,852024,0.001,2,0.5968887531198561,0.5640431814333392,0.1878937897339032,,,103.64274370798375
one_pass,3667249,0,4194304,0,linear-new,hybrid,0,-1,0,1,852024,0.001,2,0.5548662733635865,0.5265808579203805,0.1730666807381884,,,135.0367865409935
one_pass,3667249,0,16777216,0,linear-new,hybrid,0,-1,0,1,852024,0.001,2,0.5224302544665989,0.5003772310760346,0.1636084482280128,,,221.3918352080509
one_pass,3667249,0,33554432,0,linear-new,hybrid,0,-1,0,1,852024,0.001,2,0.509090102641494,0.4898792963169992,0.1598685837669261,,,335.4718054579571
one_pass,3667249,0,36672493,0,linear-new,hybrid,0,-1,0,1,852024,0.001,2,0.5075287881231367,0.4887184563133456,0.1594612889374339,,,367.1714569160249
one_pass,3667249,0,16384,0,linear-new,hybrid,0,-1,0,1,852024,0.0019306977288832,0,0.6762998104095459,0.6574728489796933,0.2321992440168814,,,20.603236541966908
one_pass,3667249,0,65536,0,linear-new,hybrid,0,-1,0,1,852024,0.0019306977288832,0,0.647089272737503,0.6193045188346628,0.2134426240341821,,,44.129715957911685
one_pass,3667249,0,262144,0,linear-new,hybrid,0,-1,0,1,852024,0.0019306977288832,0,0.6042291326448321,0.5695998742653269,0.1903142544729128,,,76.56210312491748
one_pass,3667249,0,1048576,0,linear-new,hybrid,0,-1,0,1,852024,0.0019306977288832,0,0.5592734243255109,0.5293215629806884,0.1740527158122551,,,103.51881154195873
one_pass,3667249,0,4194304,0,linear-new,hybrid,0,-1,0,1,852024,0.0019306977288832,0,0.524925339006586,0.5021730290440493,0.1642654564387832,,,135.64370983291883
one_pass,3667249,0,16777216,0,linear-new,hybrid,0,-1,0,1,852024,0.0019306977288832,0,0.4997347996031749,0.482948063282775,0.1574417645871626,,,223.35124833299776
one_pass,3667249,0,33554432,0,linear-new,hybrid,0,-1,0,1,852024,0.0019306977288832,0,0.4902830724277009,0.4768778797919878,0.1553247849208556,,,337.49366724991705
one_pass,3667249,0,36672493,0,linear-new,hybrid,0,-1,0,1,852024,0.0019306977288832,0,0.4892303674282457,0.4762285735738483,0.1550950949958381,,,369.6078671249561
one_pass,3667249,0,16384,0,linear-new,hybrid,0,-1,0,1,852024,0.0019306977288832,1,0.6762998104095459,0.6574728489796933,0.2321992440168814,,,19.19233583298046
one_pass,3667249,0,65536,0,linear-new,hybrid,0,-1,0,1,852024,0.0019306977288832,1,0.647089272737503,0.6193045188346628,0.2134426240341821,,,44.11612329201307
one_pass,3667249,0,262144,0,linear-new,hybrid,0,-1,0,1,852024,0.0019306977288832,1,0.6042291326448321,0.5695998742653269,0.1903142544729128,,,76.9045877919998
one_pass,3667249,0,1048576,0,linear-new,hybrid,0,-1,0,1,852024,0.0019306977288832,1,0.5592734243255109,0.5293215629806884,0.1740527158122551,,,103.25348724995274
one_pass,3667249,0,4194304,0,linear-new,hybrid,0,-1,0,1,852024,0.0019306977288832,1,0.524925339006586,0.5021730290440493,0.1642654564387832,,,134.62137883296236
one_pass,3667249,0,16777216,0,linear-new,hybrid,0,-1,0,1,852024,0.0019306977288832,1,0.4997347996031749,0.482948063282775,0.1574417645871626,,,220.8336591249099
one_pass,3667249,0,33554432,0,linear-new,hybrid,0,-1,0,1,852024,0.0019306977288832,1,0.4902830724277009,0.4768778797919878,0.1553247849208556,,,333.49989374994766
one_pass,3667249,0,36672493,0,linear-new,hybrid,0,-1,0,1,852024,0.0019306977288832,1,0.4892303674282457,0.4762285735738483,0.1550950949958381,,,365.2525354169775
one_pass,3667249,0,16384,0,linear-new,hybrid,0,-1,0,1,852024,0.0019306977288832,2,0.6762998104095459,0.6574728489796933,0.2321992440168814,,,20.870388749986887
one_pass,3667249,0,65536,0,linear-new,hybrid,0,-1,0,1,852024,0.0019306977288832,2,0.647089272737503,0.6193045188346628,0.2134426240341821,,,43.75052441598382
one_pass,3667249,0,262144,0,linear-new,hybrid,0,-1,0,1,852024,0.0019306977288832,2,0.6042291326448321,0.5695998742653269,0.1903142544729128,,,77.0989271249855
one_pass,3667249,0,1048576,0,linear-new,hybrid,0,-1,0,1,852024,0.0019306977288832,2,0.5592734243255109,0.5293215629806884,0.1740527158122551,,,103.5114084999077
one_pass,3667249,0,4194304,0,linear-new,hybrid,0,-1,0,1,852024,0.0019306977288832,2,0.524925339006586,0.5021730290440493,0.1642654564387832,,,134.958708457998
one_pass,3667249,0,16777216,0,linear-new,hybrid,0,-1,0,1,852024,0.0019306977288832,2,0.4997347996031749,0.482948063282775,0.1574417645871626,,,220.88723912497517
one_pass,3667249,0,33554432,0,linear-new,hybrid,0,-1,0,1,852024,0.0019306977288832,2,0.4902830724277009,0.4768778797919878,0.1553247849208556,,,335.14371929096524
one_pass,3667249,0,36672493,0,linear-new,hybrid,0,-1,0,1,852024,0.0019306977288832,2,0.4892303674282457,0.4762285735738483,0.1550950949958381,,,366.93048241594806
one_pass,3667249,0,16384,0,linear-new,hybrid,0,-1,0,1,852024,0.0037275937203149,0,0.662309855222702,0.6301269185601827,0.2187093717434669,,,20.674511708086357
one_pass,3667249,0,65536,0,linear-new,hybrid,0,-1,0,1,852024,0.0037275937203149,0,0.6167433224618435,0.5782189282334006,0.1941548226638168,,,44.01197624998167
one_pass,3667249,0,262144,0,linear-new,hybrid,0,-1,0,1,852024,0.0037275937203149,0,0.5668118838220835,0.5334159402340739,0.1755668963586051,,,76.61608937499113
one_pass,3667249,0,1048576,0,linear-new,hybrid,0,-1,0,1,852024,0.0037275937203149,0,0.5286886973772198,0.5046367924130581,0.1651449710974728,,,103.41490795800928
one_pass,3667249,0,4194304,0,linear-new,hybrid,0,-1,0,1,852024,0.0037275937203149,0,0.5017259888409171,0.4842022587571061,0.1578865977885577,,,134.71063291700557
one_pass,3667249,0,16777216,0,linear-new,hybrid,0,-1,0,1,852024,0.0037275937203149,0,0.4842788357127574,0.4729073716329556,0.1539078064460015,,,222.17158612504136
one_pass,3667249,0,33554432,0,linear-new,hybrid,0,-1,0,1,852024,0.0037275937203149,0,0.4780251802512794,0.4689959241083264,0.1525158382827378,,,336.1034021250671
one_pass,3667249,0,36672493,0,linear-new,hybrid,0,-1,0,1,852024,0.0037275937203149,0,0.4773283401541214,0.4685669104089636,0.1523569844221793,,,368.807808417012
one_pass,3667249,0,16384,0,linear-new,hybrid,0,-1,0,1,852024,0.0037275937203149,1,0.662309855222702,0.6301269185601827,0.2187093717434669,,,20.480373458005488
one_pass,3667249,0,65536,0,linear-new,hybrid,0,-1,0,1,852024,0.0037275937203149,1,0.6167433224618435,0.5782189282334006,0.1941548226638168,,,44.354212166043
one_pass,3667249,0,262144,0,linear-new,hybrid,0,-1,0,1,852024,0.0037275937203149,1,0.5668118838220835,0.5334159402340739,0.1755668963586051,,,76.60855629097205
one_pass,3667249,0,1048576,0,linear-new,hybrid,0,-1,0,1,852024,0.0037275937203149,1,0.5286886973772198,0.5046367924130581,0.1651449710974728,,,103.26255979097914
one_pass,3667249,0,4194304,0,linear-new,hybrid,0,-1,0,1,852024,0.0037275937203149,1,0.5017259888409171,0.4842022587571061,0.1578865977885577,,,134.91573574999347
one_pass,3667249,0,16777216,0,linear-new,hybrid,0,-1,0,1,852024,0.0037275937203149,1,0.4842788357127574,0.4729073716329556,0.1539078064460015,,,222.19394525000823
one_pass,3667249,0,33554432,0,linear-new,hybrid,0,-1,0,1,852024,0.0037275937203149,1,0.4780251802512794,0.4689959241083264,0.1525158382827378,,,336.7015230830293
one_pass,3667249,0,36672493,0,linear-new,hybrid,0,-1,0,1,852024,0.0037275937203149,1,0.4773283401541214,0.4685669104089636,0.1523569844221793,,,368.0738322499674
one_pass,3667249,0,16384,0,linear-new,hybrid,0,-1,0,1,852024,0.0037275937203149,2,0.662309855222702,0.6301269185601827,0.2187093717434669,,,20.063661332940683
one_pass,3667249,0,65536,0,linear-new,hybrid,0,-1,0,1,852024,0.0037275937203149,2,0.6167433224618435,0.5782189282334006,0.1941548226638168,,,44.04539808293339
one_pass,3667249,0,262144,0,linear-new,hybrid,0,-1,0,1,852024,0.0037275937203149,2,0.5668118838220835,0.5334159402340739,0.1755668963586051,,,76.68875749991275
one_pass,3667249,0,1048576,0,linear-new,hybrid,0,-1,0,1,852024,0.0037275937203149,2,0.5286886973772198,0.5046367924130581,0.1651449710974728,,,103.09163654095028
one_pass,3667249,0,4194304,0,linear-new,hybrid,0,-1,0,1,852024,0.0037275937203149,2,0.5017259888409171,0.4842022587571061,0.1578865977885577,,,134.86900783295278
one_pass,3667249,0,16777216,0,linear-new,hybrid,0,-1,0,1,852024,0.0037275937203149,2,0.4842788357127574,0.4729073716329556,0.1539078064460015,,,221.72887816594448
one_pass,3667249,0,33554432,0,linear-new,hybrid,0,-1,0,1,852024,0.0037275937203149,2,0.4780251802512794,0.4689959241083264,0.1525158382827378,,,335.1181430829456
one_pass,3667249,0,36672493,0,linear-new,hybrid,0,-1,0,1,852024,0.0037275937203149,2,0.4773283401541214,0.4685669104089636,0.1523569844221793,,,367.592777499929
one_pass,3667249,0,16384,0,linear-new,hybrid,0,-1,0,1,852024,0.0071968567300115,0,0.6395351439714432,0.5909007469735672,0.1999680290072561,,,21.131108124973252
one_pass,3667249,0,65536,0,linear-new,hybrid,0,-1,0,1,852024,0.0071968567300115,0,0.5807188861072063,0.5400757306583557,0.1781069730157763,,,44.26239604095463
one_pass,3667249,0,262144,0,linear-new,hybrid,0,-1,0,1,852024,0.0071968567300115,0,0.5356380040757358,0.508414778194474,0.1665322773892517,,,76.7547703749733
one_pass,3667249,0,1048576,0,linear-new,hybrid,0,-1,0,1,852024,0.0071968567300115,0,0.5049514636630192,0.486119692494223,0.1585560053902441,,,103.07683366595302
one_pass,3667249,0,4194304,0,linear-new,hybrid,0,-1,0,1,852024,0.0071968567300115,0,0.4857139832165558,0.4737795730433634,0.1542234568548117,,,135.3320136659313
one_pass,3667249,0,16777216,0,linear-new,hybrid,0,-1,0,1,852024,0.0071968567300115,0,0.4742033841466764,0.4663801541927042,0.1515795144644209,,,222.29371283296496
one_pass,3667249,0,33554432,0,linear-new,hybrid,0,-1,0,1,852024,0.0071968567300115,0,0.4699336842786579,0.4636843407414515,0.1506300462275933,,,337.156332790968
one_pass,3667249,0,36672493,0,linear-new,hybrid,0,-1,0,1,852024,0.0071968567300115,0,0.4694616436915426,0.4634123667973025,0.1505288144323148,,,369.8594840000151
one_pass,3667249,0,16384,0,linear-new,hybrid,0,-1,0,1,852024,0.0071968567300115,1,0.6395351439714432,0.5909007469735672,0.1999680290072561,,,20.241358333965763
one_pass,3667249,0,65536,0,linear-new,hybrid,0,-1,0,1,852024,0.0071968567300115,1,0.5807188861072063,0.5400757306583557,0.1781069730157763,,,44.393294084002264
one_pass,3667249,0,262144,0,linear-new,hybrid,0,-1,0,1,852024,0.0071968567300115,1,0.5356380040757358,0.508414778194474,0.1665322773892517,,,76.92976233398076
one_pass,3667249,0,1048576,0,linear-new,hybrid,0,-1,0,1,852024,0.0071968567300115,1,0.5049514636630192,0.486119692494223,0.1585560053902441,,,103.3411087919958
one_pass,3667249,0,4194304,0,linear-new,hybrid,0,-1,0,1,852024,0.0071968567300115,1,0.4857139832165558,0.4737795730433634,0.1542234568548117,,,135.2082409170689
one_pass,3667249,0,16777216,0,linear-new,hybrid,0,-1,0,1,852024,0.0071968567300115,1,0.4742033841466764,0.4663801541927042,0.1515795144644209,,,222.62041012500413
one_pass,3667249,0,33554432,0,linear-new,hybrid,0,-1,0,1,852024,0.0071968567300115,1,0.4699336842786579,0.4636843407414515,0.1506300462275933,,,337.2650420840364
one_pass,3667249,0,36672493,0,linear-new,hybrid,0,-1,0,1,852024,0.0071968567300115,1,0.4694616436915426,0.4634123667973025,0.1505288144323148,,,369.78109958407
one_pass,3667249,0,16384,0,linear-new,hybrid,0,-1,0,1,852024,0.0071968567300115,2,0.6395351439714432,0.5909007469735672,0.1999680290072561,,,13.35950033296831
one_pass,3667249,0,65536,0,linear-new,hybrid,0,-1,0,1,852024,0.0071968567300115,2,0.5807188861072063,0.5400757306583557,0.1781069730157763,,,27.21210391598288
one_pass,3667249,0,262144,0,linear-new,hybrid,0,-1,0,1,852024,0.0071968567300115,2,0.5356380040757358,0.508414778194474,0.1665322773892517,,,41.94258679100312
one_pass,3667249,0,1048576,0,linear-new,hybrid,0,-1,0,1,852024,0.0071968567300115,2,0.5049514636630192,0.486119692494223,0.1585560053902441,,,58.88563716597855
one_pass,3667249,0,4194304,0,linear-new,hybrid,0,-1,0,1,852024,0.0071968567300115,2,0.4857139832165558,0.4737795730433634,0.1542234568548117,,,88.77826049993746
one_pass,3667249,0,16777216,0,linear-new,hybrid,0,-1,0,1,852024,0.0071968567300115,2,0.4742033841466764,0.4663801541927042,0.1515795144644209,,,169.2206224160036
one_pass,3667249,0,33554432,0,linear-new,hybrid,0,-1,0,1,852024,0.0071968567300115,2,0.4699336842786579,0.4636843407414515,0.1506300462275933,,,270.8823089579819
one_pass,3667249,0,36672493,0,linear-new,hybrid,0,-1,0,1,852024,0.0071968567300115,2,0.4694616436915426,0.4634123667973025,0.1505288144323148,,,300.3683960409835
one_pass,3667249,0,16384,0,linear-new,hybrid,0,-1,0,1,852024,0.0138949549437313,0,0.6086706221103668,0.5503402799894704,0.1822717489691825,,,13.894458708004096
one_pass,3667249,0,65536,0,linear-new,hybrid,0,-1,0,1,852024,0.0138949549437313,0,0.549217451363802,0.5144436371360612,0.1687487250964853,,,27.437258291989565
one_pass,3667249,0,262144,0,linear-new,hybrid,0,-1,0,1,852024,0.0138949549437313,0,0.5118761463090777,0.4897063953849155,0.1598528573808606,,,42.203927292022854
one_pass,3667249,0,1048576,0,linear-new,hybrid,0,-1,0,1,852024,0.0138949549437313,0,0.4885008565615862,0.4753372969911454,0.1547925822633353,,,59.60780604206957
one_pass,3667249,0,4194304,0,linear-new,hybrid,0,-1,0,1,852024,0.0138949549437313,0,0.4754561057197861,0.4672576854553363,0.1518930600259788,,,89.35162670805585
one_pass,3667249,0,16777216,0,linear-new,hybrid,0,-1,0,1,852024,0.0138949549437313,0,0.4676514997554477,0.4621384406241226,0.1500854557013175,,,169.55574500001967
one_pass,3667249,0,33554432,0,linear-new,hybrid,0,-1,0,1,852024,0.0138949549437313,0,0.4646874858735828,0.4603081904873358,0.1494486673211721,,,270.0485972079914
one_pass,3667249,0,36672493,0,linear-new,hybrid,0,-1,0,1,852024,0.0138949549437313,0,0.4643651473952493,0.4601609555498435,0.1493985730413775,,,299.21564850001596
one_pass,3667249,0,16384,0,linear-new,hybrid,0,-1,0,1,852024,0.0138949549437313,1,0.6086706221103668,0.5503402799894704,0.1822717489691825,,,13.29547500004992
one_pass,3667249,0,65536,0,linear-new,hybrid,0,-1,0,1,852024,0.0138949549437313,1,0.549217451363802,0.5144436371360612,0.1687487250964853,,,27.11108766705729
one_pass,3667249,0,262144,0,linear-new,hybrid,0,-1,0,1,852024,0.0138949549437313,1,0.5118761463090777,0.4897063953849155,0.1598528573808606,,,41.733538792002946
one_pass,3667249,0,1048576,0,linear-new,hybrid,0,-1,0,1,852024,0.0138949549437313,1,0.4885008565615862,0.4753372969911454,0.1547925822633353,,,58.69742237497121
one_pass,3667249,0,4194304,0,linear-new,hybrid,0,-1,0,1,852024,0.0138949549437313,1,0.4754561057197861,0.4672576854553363,0.1518930600259788,,,88.64350645896047
one_pass,3667249,0,16777216,0,linear-new,hybrid,0,-1,0,1,852024,0.0138949549437313,1,0.4676514997554477,0.4621384406241226,0.1500854557013175,,,167.03777499997523
one_pass,3667249,0,33554432,0,linear-new,hybrid,0,-1,0,1,852024,0.0138949549437313,1,0.4646874858735828,0.4603081904873358,0.1494486673211721,,,267.89778891706374
one_pass,3667249,0,36672493,0,linear-new,hybrid,0,-1,0,1,852024,0.0138949549437313,1,0.4643651473952493,0.4601609555498435,0.1493985730413775,,,297.2430858750595
one_pass,3667249,0,16384,0,linear-new,hybrid,0,-1,0,1,852024,0.0138949549437313,2,0.6086706221103668,0.5503402799894704,0.1822717489691825,,,13.766140292049386
one_pass,3667249,0,65536,0,linear-new,hybrid,0,-1,0,1,852024,0.0138949549437313,2,0.549217451363802,0.5144436371360612,0.1687487250964853,,,27.53973670804407
one_pass,3667249,0,262144,0,linear-new,hybrid,0,-1,0,1,852024,0.0138949549437313,2,0.5118761463090777,0.4897063953849155,0.1598528573808606,,,42.15738545800559
one_pass,3667249,0,1048576,0,linear-new,hybrid,0,-1,0,1,852024,0.0138949549437313,2,0.4885008565615862,0.4753372969911454,0.1547925822633353,,,59.46453362505417
one_pass,3667249,0,4194304,0,linear-new,hybrid,0,-1,0,1,852024,0.0138949549437313,2,0.4754561057197861,0.4672576854553363,0.1518930600259788,,,88.96745304204524
one_pass,3667249,0,16777216,0,linear-new,hybrid,0,-1,0,1,852024,0.0138949549437313,2,0.4676514997554477,0.4621384406241226,0.1500854557013175,,,168.14406841702294
one_pass,3667249,0,33554432,0,linear-new,hybrid,0,-1,0,1,852024,0.0138949549437313,2,0.4646874858735828,0.4603081904873358,0.1494486673211721,,,269.3617926250445
one_pass,3667249,0,36672493,0,linear-new,hybrid,0,-1,0,1,852024,0.0138949549437313,2,0.4643651473952493,0.4601609555498435,0.1493985730413775,,,298.97842749999836
one_pass,3667249,0,16384,0,linear-new,hybrid,0,-1,0,1,852024,0.0268269579527972,0,0.5793372690677643,0.5246264729688787,0.172813213617416,,,13.532511750003325
one_pass,3667249,0,65536,0,linear-new,hybrid,0,-1,0,1,852024,0.0268269579527972,0,0.5260298922657967,0.4962200049987734,0.1622428283699661,,,27.57280304201413
one_pass,3667249,0,262144,0,linear-new,hybrid,0,-1,0,1,852024,0.0268269579527972,0,0.4959298525936901,0.4789439548658746,0.1561364003678488,,,42.45107516692951
one_pass,3667249,0,1048576,0,linear-new,hybrid,0,-1,0,1,852024,0.0268269579527972,0,0.4786024912027642,0.4692804520646945,0.1526392350201026,,,59.728472125018016
one_pass,3667249,0,4194304,0,linear-new,hybrid,0,-1,0,1,852024,0.0268269579527972,0,0.4692743666819297,0.4633563243198748,0.1505191842577933,,,89.95181483298074
one_pass,3667249,0,16777216,0,linear-new,hybrid,0,-1,0,1,852024,0.0268269579527972,0,0.4637206473926198,0.4596779215613274,0.1492333363049773,,,168.47590116702486
one_pass,3667249,0,33554432,0,linear-new,hybrid,0,-1,0,1,852024,0.0268269579527972,0,0.461571103969618,0.4583748899279398,0.1487895721946469,,,269.48141637502704
one_pass,3667249,0,36672493,0,linear-new,hybrid,0,-1,0,1,852024,0.0268269579527972,0,0.4613418213353886,0.4583205072341331,0.1487731256993442,,,298.6648152919952
one_pass,3667249,0,16384,0,linear-new,hybrid,0,-1,0,1,852024,0.0268269579527972,1,0.5793372690677643,0.5246264729688787,0.172813213617416,,,13.778845417080449
one_pass,3667249,0,65536,0,linear-new,hybrid,0,-1,0,1,852024,0.0268269579527972,1,0.5260298922657967,0.4962200049987734,0.1622428283699661,,,27.309081708081067
one_pass,3667249,0,262144,0,linear-new,hybrid,0,-1,0,1,852024,0.0268269579527972,1,0.4959298525936901,0.4789439548658746,0.1561364003678488,,,42.02758041699417
one_pass,3667249,0,1048576,0,linear-new,hybrid,0,-1,0,1,852024,0.0268269579527972,1,0.4786024912027642,0.4692804520646945,0.1526392350201026,,,58.76785425003618
one_pass,3667249,0,4194304,0,linear-new,hybrid,0,-1,0,1,852024,0.0268269579527972,1,0.4692743666819297,0.4633563243198748,0.1505191842577933,,,88.46659191709477
one_pass,3667249,0,16777216,0,linear-new,hybrid,0,-1,0,1,852024,0.0268269579527972,1,0.4637206473926198,0.4596779215613274,0.1492333363049773,,,168.14794408308808
one_pass,3667249,0,33554432,0,linear-new,hybrid,0,-1,0,1,852024,0.0268269579527972,1,0.461571103969618,0.4583748899279398,0.1487895721946469,,,270.0325227500871
one_pass,3667249,0,36672493,0,linear-new,hybrid,0,-1,0,1,852024,0.0268269579527972,1,0.4613418213353886,0.4583205072341331,0.1487731256993442,,,299.04609545809217
one_pass,3667249,0,16384,0,linear-new,hybrid,0,-1,0,1,852024,0.0268269579527972,2,0.5793372690677643,0.5246264729688787,0.172813213617416,,,13.668307666899636
one_pass,3667249,0,65536,0,linear-new,hybrid,0,-1,0,1,852024,0.0268269579527972,2,0.5260298922657967,0.4962200049987734,0.1622428283699661,,,27.53797537495848
one_pass,3667249,0,262144,0,linear-new,hybrid,0,-1,0,1,852024,0.0268269579527972,2,0.4959298525936901,0.4789439548658746,0.1561364003678488,,,42.424427041900344
one_pass,3667249,0,1048576,0,linear-new,hybrid,0,-1,0,1,852024,0.0268269579527972,2,0.4786024912027642,0.4692804520646945,0.1526392350201026,,,59.45424341701437
one_pass,3667249,0,4194304,0,linear-new,hybrid,0,-1,0,1,852024,0.0268269579527972,2,0.4692743666819297,0.4633563243198748,0.1505191842577933,,,88.93153016699944
one_pass,3667249,0,16777216,0,linear-new,hybrid,0,-1,0,1,852024,0.0268269579527972,2,0.4637206473926198,0.4596779215613274,0.1492333363049773,,,167.9231751669431
one_pass,3667249,0,33554432,0,linear-new,hybrid,0,-1,0,1,852024,0.0268269579527972,2,0.461571103969618,0.4583748899279398,0.1487895721946469,,,268.30671129201073
one_pass,3667249,0,36672493,0,linear-new,hybrid,0,-1,0,1,852024,0.0268269579527972,2,0.4613418213353886,0.4583205072341331,0.1487731256993442,,,297.83382033300586
one_pass,3667249,0,16384,0,linear-new,hybrid,0,-1,0,1,852024,0.0517947467923121,0,0.5656854957342148,0.5094749186224794,0.1674693361376697,,,13.57460883294698
one_pass,3667249,0,65536,0,linear-new,hybrid,0,-1,0,1,852024,0.0517947467923121,0,0.5134621225297451,0.487070667229826,0.1590975497089169,0.4923755413805851,0.1611397022011161,27.171804917044938
one_pass,3667249,0,262144,0,linear-new,hybrid,0,-1,0,1,852024,0.0517947467923121,0,0.4887835951521992,0.4746963228046321,0.154675076017934,0.4801388966301416,0.1567015778278082,41.74305883294437
one_pass,3667249,0,1048576,0,linear-new,hybrid,0,-1,0,1,852024,0.0517947467923121,0,0.4743247990263626,0.4667730359144485,0.1517605147430664,0.4721870803644772,0.1537857379442932,59.18912041699514
one_pass,3667249,0,4194304,0,linear-new,hybrid,0,-1,0,1,852024,0.0517947467923121,0,0.46661097696051,0.4617156581318207,0.1499679433195294,0.4670376551019112,0.1519434914525461,88.28554650000297
one_pass,3667249,0,16777216,0,linear-new,hybrid,0,-1,0,1,852024,0.0517947467923121,0,0.461975256090227,0.4585975331272447,0.1488694777722519,0.4639542583053186,0.1508583385393345,167.59117250004783
one_pass,3667249,0,33554432,0,linear-new,hybrid,0,-1,0,1,852024,0.0517947467923121,0,0.4601736622644239,0.4574957269889014,0.1485029681673021,,,270.13422645803075
one_pass,3667249,0,36672493,0,linear-new,hybrid,0,-1,0,1,852024,0.0517947467923121,0,0.4599836638056555,0.4575030634579233,0.1485024223584126,0.4629573045003792,0.1505182347655235,298.7862184169935
one_pass,3667249,0,16384,0,linear-new,hybrid,0,-1,0,1,852024,0.0517947467923121,1,0.5656854957342148,0.5094749186224794,0.1674693361376697,,,13.643417875049636
one_pass,3667249,0,65536,0,linear-new,hybrid,0,-1,0,1,852024,0.0517947467923121,1,0.5134621225297451,0.487070667229826,0.1590975497089169,0.4923755413805851,0.1611397022011161,27.552599125076085
one_pass,3667249,0,262144,0,linear-new,hybrid,0,-1,0,1,852024,0.0517947467923121,1,0.4887835951521992,0.4746963228046321,0.154675076017934,0.4801388966301416,0.1567015778278082,41.998956458992325
one_pass,3667249,0,1048576,0,linear-new,hybrid,0,-1,0,1,852024,0.0517947467923121,1,0.4743247990263626,0.4667730359144485,0.1517605147430664,0.4721870803644772,0.1537857379442932,59.359639917034656
one_pass,3667249,0,4194304,0,linear-new,hybrid,0,-1,0,1,852024,0.0517947467923121,1,0.46661097696051,0.4617156581318207,0.1499679433195294,0.4670376551019112,0.1519434914525461,88.94852441700641
one_pass,3667249,0,16777216,0,linear-new,hybrid,0,-1,0,1,852024,0.0517947467923121,1,0.461975256090227,0.4585975331272447,0.1488694777722519,0.4639542583053186,0.1508583385393345,168.46544633398298
one_pass,3667249,0,33554432,0,linear-new,hybrid,0,-1,0,1,852024,0.0517947467923121,1,0.4601736622644239,0.4574957269889014,0.1485029681673021,,,268.9134067919804
one_pass,3667249,0,36672493,0,linear-new,hybrid,0,-1,0,1,852024,0.0517947467923121,1,0.4599836638056555,0.4575030634579233,0.1485024223584126,0.4629573045003792,0.1505182347655235,297.92623233399354
one_pass,3667249,0,16384,0,linear-new,hybrid,0,-1,0,1,852024,0.0517947467923121,2,0.5656854957342148,0.5094749186224794,0.1674693361376697,,,13.714697167044504
one_pass,3667249,0,65536,0,linear-new,hybrid,0,-1,0,1,852024,0.0517947467923121,2,0.5134621225297451,0.487070667229826,0.1590975497089169,0.4923755413805851,0.1611397022011161,27.78933020902332
one_pass,3667249,0,262144,0,linear-new,hybrid,0,-1,0,1,852024,0.0517947467923121,2,0.4887835951521992,0.4746963228046321,0.154675076017934,0.4801388966301416,0.1567015778278082,42.549806375056505
one_pass,3667249,0,1048576,0,linear-new,hybrid,0,-1,0,1,852024,0.0517947467923121,2,0.4743247990263626,0.4667730359144485,0.1517605147430664,0.4721870803644772,0.1537857379442932,60.04133229202125
one_pass,3667249,0,4194304,0,linear-new,hybrid,0,-1,0,1,852024,0.0517947467923121,2,0.46661097696051,0.4617156581318207,0.1499679433195294,0.4670376551019112,0.1519434914525461,89.09852270898409
one_pass,3667249,0,16777216,0,linear-new,hybrid,0,-1,0,1,852024,0.0517947467923121,2,0.461975256090227,0.4585975331272447,0.1488694777722519,0.4639542583053186,0.1508583385393345,167.48219483403955
one_pass,3667249,0,33554432,0,linear-new,hybrid,0,-1,0,1,852024,0.0517947467923121,2,0.4601736622644239,0.4574957269889014,0.1485029681673021,,,269.92738979205023
one_pass,3667249,0,36672493,0,linear-new,hybrid,0,-1,0,1,852024,0.0517947467923121,2,0.4599836638056555,0.4575030634579233,0.1485024223584126,0.4629573045003792,0.1505182347655235,298.53860237507615
one_pass,3667249,0,16384,0,linear-new,hybrid,0,-1,0,1,852024,0.1,0,0.5981625765562057,0.5060256673879955,0.1662110057655142,0.5115570052022306,0.1683534811420943,13.59297995804809
one_pass,3667249,0,65536,0,linear-new,hybrid,0,-1,0,1,852024,0.1,0,0.5212942734360695,0.488893601308941,0.1597046854668644,,,27.355922208051197
one_pass,3667249,0,262144,0,linear-new,hybrid,0,-1,0,1,852024,0.1,0,0.4932084130123257,0.477261511037923,0.1554167098095325,,,42.19959758303594
one_pass,3667249,0,1048576,0,linear-new,hybrid,0,-1,0,1,852024,0.1,0,0.4768063402734697,0.4683327733160981,0.1522582348278238,,,59.45372654101811
one_pass,3667249,0,4194304,0,linear-new,hybrid,0,-1,0,1,852024,0.1,0,0.4678291914751753,0.4622852164859846,0.1501786867349912,,,89.225576249999
one_pass,3667249,0,16777216,0,linear-new,hybrid,0,-1,0,1,852024,0.1,0,0.4623718652583193,0.4586791548476969,0.1489069244445334,,,168.12647691601887
one_pass,3667249,0,33554432,0,linear-new,hybrid,0,-1,0,1,852024,0.1,0,0.4603575344481214,0.4574745348613491,0.1485112133807884,0.46308288922663,0.1505647475507236,268.659087582957
one_pass,3667249,0,36672493,0,linear-new,hybrid,0,-1,0,1,852024,0.1,0,0.4601467047879388,0.4575207848504162,0.1485175881396898,,,297.43216412502807
one_pass,3667249,0,16384,0,linear-new,hybrid,0,-1,0,1,852024,0.1,1,0.5981625765562057,0.5060256673879955,0.1662110057655142,0.5115570052022306,0.1683534811420943,8.821073709055781
one_pass,3667249,0,65536,0,linear-new,hybrid,0,-1,0,1,852024,0.1,1,0.5212942734360695,0.488893601308941,0.1597046854668644,,,16.567329709068872
one_pass,3667249,0,262144,0,linear-new,hybrid,0,-1,0,1,852024,0.1,1,0.4932084130123257,0.477261511037923,0.1554167098095325,,,24.78557800000999
one_pass,3667249,0,1048576,0,linear-new,hybrid,0,-1,0,1,852024,0.1,1,0.4768063402734697,0.4683327733160981,0.1522582348278238,,,34.71426258399151
one_pass,3667249,0,4194304,0,linear-new,hybrid,0,-1,0,1,852024,0.1,1,0.4678291914751753,0.4622852164859846,0.1501786867349912,,,51.60656041710172
one_pass,3667249,0,16777216,0,linear-new,hybrid,0,-1,0,1,852024,0.1,1,0.4623718652583193,0.4586791548476969,0.1489069244445334,,,96.72107320907526
one_pass,3667249,0,33554432,0,linear-new,hybrid,0,-1,0,1,852024,0.1,1,0.4603575344481214,0.4574745348613491,0.1485112133807884,0.46308288922663,0.1505647475507236,154.85306508408394
one_pass,3667249,0,36672493,0,linear-new,hybrid,0,-1,0,1,852024,0.1,1,0.4601467047879388,0.4575207848504162,0.1485175881396898,,,171.9328560840804
one_pass,3667249,0,16384,0,linear-new,hybrid,0,-1,0,1,852024,0.1,2,0.5981625765562057,0.5060256673879955,0.1662110057655142,0.5115570052022306,0.1683534811420943,8.26290341699496
one_pass,3667249,0,65536,0,linear-new,hybrid,0,-1,0,1,852024,0.1,2,0.5212942734360695,0.488893601308941,0.1597046854668644,,,16.018838500021957
one_pass,3667249,0,262144,0,linear-new,hybrid,0,-1,0,1,852024,0.1,2,0.4932084130123257,0.477261511037923,0.1554167098095325,,,24.258741458994336
one_pass,3667249,0,1048576,0,linear-new,hybrid,0,-1,0,1,852024,0.1,2,0.4768063402734697,0.4683327733160981,0.1522582348278238,,,34.209113709046505
one_pass,3667249,0,4194304,0,linear-new,hybrid,0,-1,0,1,852024,0.1,2,0.4678291914751753,0.4622852164859846,0.1501786867349912,,,51.10433520900551
one_pass,3667249,0,16777216,0,linear-new,hybrid,0,-1,0,1,852024,0.1,2,0.4623718652583193,0.4586791548476969,0.1489069244445334,,,96.21641720901243
one_pass,3667249,0,33554432,0,linear-new,hybrid,0,-1,0,1,852024,0.1,2,0.4603575344481214,0.4574745348613491,0.1485112133807884,0.46308288922663,0.1505647475507236,154.37143054208718
one_pass,3667249,0,36672493,0,linear-new,hybrid,0,-1,0,1,852024,0.1,2,0.4601467047879388,0.4575207848504162,0.1485175881396898,,,171.42166033398826
