protocol,optimizer,phase,train_size,data_seed,model,dim,width,num_parameters,lr,init_seed,val_logloss,test_logloss,test_brier
one_pass,adam,tuning,10000000,0,linear,0,0,29,0.0001,0,0.6519169477539063,,
one_pass,adam,tuning,10000000,0,linear,0,0,29,0.0001,1,0.6634106271362304,,
one_pass,adam,tuning,10000000,0,linear,0,0,29,0.0001,2,0.6545904259643555,,
one_pass,adam,tuning,10000000,0,linear,0,0,29,0.0001,3,0.6567795325622559,,
one_pass,adam,tuning,10000000,0,linear,0,0,29,0.0001,4,0.6619275673217774,,
one_pass,adam,tuning,10000000,0,linear,0,0,29,0.0001,5,0.6613874807434083,,
one_pass,adam,tuning,10000000,0,linear,0,0,29,0.0001,6,0.658793812866211,,
one_pass,adam,tuning,10000000,0,linear,0,0,29,0.0001,7,0.6604815730285645,,
one_pass,adam,tuning,10000000,0,linear,0,0,29,0.00026826957952797245,0,0.6410686971740722,,
one_pass,adam,tuning,10000000,0,linear,0,0,29,0.00026826957952797245,1,0.6452845841369629,,
one_pass,adam,tuning,10000000,0,linear,0,0,29,0.00026826957952797245,2,0.641354766418457,,
one_pass,adam,tuning,10000000,0,linear,0,0,29,0.00026826957952797245,3,0.641480642211914,,
one_pass,adam,tuning,10000000,0,linear,0,0,29,0.00026826957952797245,4,0.645043550354004,,
one_pass,adam,tuning,10000000,0,linear,0,0,29,0.00026826957952797245,5,0.6431673881835938,,
one_pass,adam,tuning,10000000,0,linear,0,0,29,0.00026826957952797245,6,0.6437080745849609,,
one_pass,adam,tuning,10000000,0,linear,0,0,29,0.00026826957952797245,7,0.6446623811340332,,
one_pass,adam,tuning,10000000,0,linear,0,0,29,0.0007196856730011522,0,0.6374350892333984,,
one_pass,adam,tuning,10000000,0,linear,0,0,29,0.0007196856730011522,1,0.6385068340454102,,
one_pass,adam,tuning,10000000,0,linear,0,0,29,0.0007196856730011522,2,0.6373678831176758,,
one_pass,adam,tuning,10000000,0,linear,0,0,29,0.0007196856730011522,3,0.6374047124633789,,
one_pass,adam,tuning,10000000,0,linear,0,0,29,0.0007196856730011522,4,0.6383418112792969,,
one_pass,adam,tuning,10000000,0,linear,0,0,29,0.0007196856730011522,5,0.6377264054870605,,
one_pass,adam,tuning,10000000,0,linear,0,0,29,0.0007196856730011522,6,0.6377306366577148,,
one_pass,adam,tuning,10000000,0,linear,0,0,29,0.0007196856730011522,7,0.6384124770507813,,
one_pass,adam,tuning,10000000,0,linear,0,0,29,0.0019306977288832496,0,0.6372302611083984,,
one_pass,adam,tuning,10000000,0,linear,0,0,29,0.0019306977288832496,1,0.6372329133911133,,
one_pass,adam,tuning,10000000,0,linear,0,0,29,0.0019306977288832496,2,0.6372281096801757,,
one_pass,adam,tuning,10000000,0,linear,0,0,29,0.0019306977288832496,3,0.6372282266235352,,
one_pass,adam,tuning,10000000,0,linear,0,0,29,0.0019306977288832496,4,0.6372324044799804,,
one_pass,adam,tuning,10000000,0,linear,0,0,29,0.0019306977288832496,5,0.637227186706543,,
one_pass,adam,tuning,10000000,0,linear,0,0,29,0.0019306977288832496,6,0.6372290816040039,,
one_pass,adam,tuning,10000000,0,linear,0,0,29,0.0019306977288832496,7,0.6372331708984375,,
one_pass,adam,tuning,10000000,0,linear,0,0,29,0.005179474679231213,0,0.6374700952453614,,
one_pass,adam,tuning,10000000,0,linear,0,0,29,0.005179474679231213,1,0.6374636577758789,,
one_pass,adam,tuning,10000000,0,linear,0,0,29,0.005179474679231213,2,0.6374675361938477,,
one_pass,adam,tuning,10000000,0,linear,0,0,29,0.005179474679231213,3,0.6374731984252929,,
one_pass,adam,tuning,10000000,0,linear,0,0,29,0.005179474679231213,4,0.6374598116149902,,
one_pass,adam,tuning,10000000,0,linear,0,0,29,0.005179474679231213,5,0.6374711430358887,,
one_pass,adam,tuning,10000000,0,linear,0,0,29,0.005179474679231213,6,0.6374699307861328,,
one_pass,adam,tuning,10000000,0,linear,0,0,29,0.005179474679231213,7,0.6374617014465332,,
one_pass,adam,tuning,10000000,0,linear,0,0,29,0.013894954943731374,0,0.6378516311340332,,
one_pass,adam,tuning,10000000,0,linear,0,0,29,0.013894954943731374,1,0.6378483390502929,,
one_pass,adam,tuning,10000000,0,linear,0,0,29,0.013894954943731374,2,0.6378507697753907,,
one_pass,adam,tuning,10000000,0,linear,0,0,29,0.013894954943731374,3,0.6378521389465333,,
one_pass,adam,tuning,10000000,0,linear,0,0,29,0.013894954943731374,4,0.6378502077941894,,
one_pass,adam,tuning,10000000,0,linear,0,0,29,0.013894954943731374,5,0.637852334564209,,
one_pass,adam,tuning,10000000,0,linear,0,0,29,0.013894954943731374,6,0.6378527944335938,,
one_pass,adam,tuning,10000000,0,linear,0,0,29,0.013894954943731374,7,0.6378500924987793,,
one_pass,adam,tuning,10000000,0,linear,0,0,29,0.03727593720314938,0,0.6389042873229981,,
one_pass,adam,tuning,10000000,0,linear,0,0,29,0.03727593720314938,1,0.6389002769470215,,
one_pass,adam,tuning,10000000,0,linear,0,0,29,0.03727593720314938,2,0.6389034412841796,,
one_pass,adam,tuning,10000000,0,linear,0,0,29,0.03727593720314938,3,0.6389039280395508,,
one_pass,adam,tuning,10000000,0,linear,0,0,29,0.03727593720314938,4,0.6389027772827148,,
one_pass,adam,tuning,10000000,0,linear,0,0,29,0.03727593720314938,5,0.638899069152832,,
one_pass,adam,tuning,10000000,0,linear,0,0,29,0.03727593720314938,6,0.6389030774841309,,
one_pass,adam,tuning,10000000,0,linear,0,0,29,0.03727593720314938,7,0.6389002733459472,,
one_pass,adam,tuning,10000000,0,linear,0,0,29,0.1,0,0.6399061240844727,,
one_pass,adam,tuning,10000000,0,linear,0,0,29,0.1,1,0.6399066641845703,,
one_pass,adam,tuning,10000000,0,linear,0,0,29,0.1,2,0.6399079318542481,,
one_pass,adam,tuning,10000000,0,linear,0,0,29,0.1,3,0.639904108947754,,
one_pass,adam,tuning,10000000,0,linear,0,0,29,0.1,4,0.6399029870910644,,
one_pass,adam,tuning,10000000,0,linear,0,0,29,0.1,5,0.6399080242919922,,
one_pass,adam,tuning,10000000,0,linear,0,0,29,0.1,6,0.6399037681274414,,
one_pass,adam,tuning,10000000,0,linear,0,0,29,0.1,7,0.6399046787719727,,
one_pass,adam,tuning,10000000,0,mlp-1,3,6,181,0.0001,0,0.6330533353271485,,
one_pass,adam,tuning,10000000,0,mlp-1,3,6,181,0.0001,1,0.6417833545837403,,
one_pass,adam,tuning,10000000,0,mlp-1,3,6,181,0.0001,2,0.6384800789794922,,
one_pass,adam,tuning,10000000,0,mlp-1,3,6,181,0.0001,3,0.6434830275878907,,
one_pass,adam,tuning,10000000,0,mlp-1,3,6,181,0.0001,4,0.639735532409668,,
one_pass,adam,tuning,10000000,0,mlp-1,3,6,181,0.0001,5,0.6847022234191894,,
one_pass,adam,tuning,10000000,0,mlp-1,3,6,181,0.0001,6,0.6333523067626953,,
one_pass,adam,tuning,10000000,0,mlp-1,3,6,181,0.0001,7,0.6373754867248536,,
one_pass,adam,tuning,10000000,0,mlp-1,3,6,181,0.00026826957952797245,0,0.6113374178466797,,
one_pass,adam,tuning,10000000,0,mlp-1,3,6,181,0.00026826957952797245,1,0.618657318145752,,
one_pass,adam,tuning,10000000,0,mlp-1,3,6,181,0.00026826957952797245,2,0.6161421235656739,,
one_pass,adam,tuning,10000000,0,mlp-1,3,6,181,0.00026826957952797245,3,0.6165149509277343,,
one_pass,adam,tuning,10000000,0,mlp-1,3,6,181,0.00026826957952797245,4,0.6149879726867675,,
one_pass,adam,tuning,10000000,0,mlp-1,3,6,181,0.00026826957952797245,5,0.6485249624633789,,
one_pass,adam,tuning,10000000,0,mlp-1,3,6,181,0.00026826957952797245,6,0.6150965783386231,,
one_pass,adam,tuning,10000000,0,mlp-1,3,6,181,0.00026826957952797245,7,0.6070400666503907,,
one_pass,adam,tuning,10000000,0,mlp-1,3,6,181,0.0007196856730011522,0,0.5884702938842773,,
one_pass,adam,tuning,10000000,0,mlp-1,3,6,181,0.0007196856730011522,1,0.5912019569396972,,
one_pass,adam,tuning,10000000,0,mlp-1,3,6,181,0.0007196856730011522,2,0.5925856054382325,,
one_pass,adam,tuning,10000000,0,mlp-1,3,6,181,0.0007196856730011522,3,0.5988547084960938,,
one_pass,adam,tuning,10000000,0,mlp-1,3,6,181,0.0007196856730011522,4,0.5846806043090821,,
one_pass,adam,tuning,10000000,0,mlp-1,3,6,181,0.0007196856730011522,5,0.6085480581054687,,
one_pass,adam,tuning,10000000,0,mlp-1,3,6,181,0.0007196856730011522,6,0.5873188505859375,,
one_pass,adam,tuning,10000000,0,mlp-1,3,6,181,0.0007196856730011522,7,0.589589669921875,,
one_pass,adam,tuning,10000000,0,mlp-1,3,6,181,0.0019306977288832496,0,0.58118529296875,,
one_pass,adam,tuning,10000000,0,mlp-1,3,6,181,0.0019306977288832496,1,0.5796728812561035,,
one_pass,adam,tuning,10000000,0,mlp-1,3,6,181,0.0019306977288832496,2,0.5818175650634766,,
one_pass,adam,tuning,10000000,0,mlp-1,3,6,181,0.0019306977288832496,3,0.5843377442626954,,
one_pass,adam,tuning,10000000,0,mlp-1,3,6,181,0.0019306977288832496,4,0.5749532333984375,,
one_pass,adam,tuning,10000000,0,mlp-1,3,6,181,0.0019306977288832496,5,0.5919065790405273,,
one_pass,adam,tuning,10000000,0,mlp-1,3,6,181,0.0019306977288832496,6,0.5785423207702637,,
one_pass,adam,tuning,10000000,0,mlp-1,3,6,181,0.0019306977288832496,7,0.5837932345581055,,
one_pass,adam,tuning,10000000,0,mlp-1,3,6,181,0.005179474679231213,0,0.578291879486084,,
one_pass,adam,tuning,10000000,0,mlp-1,3,6,181,0.005179474679231213,1,0.5758062513122558,,
one_pass,adam,tuning,10000000,0,mlp-1,3,6,181,0.005179474679231213,2,0.5790952369995117,,
one_pass,adam,tuning,10000000,0,mlp-1,3,6,181,0.005179474679231213,3,0.5729504534606934,,
one_pass,adam,tuning,10000000,0,mlp-1,3,6,181,0.005179474679231213,4,0.5746383857116699,,
one_pass,adam,tuning,10000000,0,mlp-1,3,6,181,0.005179474679231213,5,0.5889747676391601,,
one_pass,adam,tuning,10000000,0,mlp-1,3,6,181,0.005179474679231213,6,0.5777410993652343,,
one_pass,adam,tuning,10000000,0,mlp-1,3,6,181,0.005179474679231213,7,0.5794300601501465,,
one_pass,adam,tuning,10000000,0,mlp-1,3,6,181,0.013894954943731374,0,0.5787508567199707,,
one_pass,adam,tuning,10000000,0,mlp-1,3,6,181,0.013894954943731374,1,0.5728761694641114,,
one_pass,adam,tuning,10000000,0,mlp-1,3,6,181,0.013894954943731374,2,0.5760884585876465,,
one_pass,adam,tuning,10000000,0,mlp-1,3,6,181,0.013894954943731374,3,0.573943420349121,,
one_pass,adam,tuning,10000000,0,mlp-1,3,6,181,0.013894954943731374,4,0.5754763064880372,,
one_pass,adam,tuning,10000000,0,mlp-1,3,6,181,0.013894954943731374,5,0.5849302734069824,,
one_pass,adam,tuning,10000000,0,mlp-1,3,6,181,0.013894954943731374,6,0.5737983745117188,,
one_pass,adam,tuning,10000000,0,mlp-1,3,6,181,0.013894954943731374,7,0.5796928408813476,,
one_pass,adam,tuning,10000000,0,mlp-1,3,6,181,0.03727593720314938,0,0.5770470458374023,,
one_pass,adam,tuning,10000000,0,mlp-1,3,6,181,0.03727593720314938,1,0.5731685001220703,,
one_pass,adam,tuning,10000000,0,mlp-1,3,6,181,0.03727593720314938,2,0.5768299808654785,,
one_pass,adam,tuning,10000000,0,mlp-1,3,6,181,0.03727593720314938,3,0.5758111759033203,,
one_pass,adam,tuning,10000000,0,mlp-1,3,6,181,0.03727593720314938,4,0.5725157399902344,,
one_pass,adam,tuning,10000000,0,mlp-1,3,6,181,0.03727593720314938,5,0.5761870944824219,,
one_pass,adam,tuning,10000000,0,mlp-1,3,6,181,0.03727593720314938,6,0.5756935284729003,,
one_pass,adam,tuning,10000000,0,mlp-1,3,6,181,0.03727593720314938,7,0.5769842459411622,,
one_pass,adam,tuning,10000000,0,mlp-1,3,6,181,0.1,0,0.5827490882873535,,
one_pass,adam,tuning,10000000,0,mlp-1,3,6,181,0.1,1,0.5822726677856446,,
one_pass,adam,tuning,10000000,0,mlp-1,3,6,181,0.1,2,0.5799161887207032,,
one_pass,adam,tuning,10000000,0,mlp-1,3,6,181,0.1,3,0.57577566015625,,
one_pass,adam,tuning,10000000,0,mlp-1,3,6,181,0.1,4,0.577227533782959,,
one_pass,adam,tuning,10000000,0,mlp-1,3,6,181,0.1,5,0.5791085045776367,,
one_pass,adam,tuning,10000000,0,mlp-1,3,6,181,0.1,6,0.5813222108764649,,
one_pass,adam,tuning,10000000,0,mlp-1,3,6,181,0.1,7,0.5849858312072754,,
one_pass,adam,tuning,10000000,0,mlp-2,3,5,181,0.0001,0,0.6325661812133789,,
one_pass,adam,tuning,10000000,0,mlp-2,3,5,181,0.0001,1,0.6264376141357422,,
one_pass,adam,tuning,10000000,0,mlp-2,3,5,181,0.0001,2,0.6388199130859376,,
one_pass,adam,tuning,10000000,0,mlp-2,3,5,181,0.0001,3,0.6378019455871582,,
one_pass,adam,tuning,10000000,0,mlp-2,3,5,181,0.0001,4,0.6345590978088379,,
one_pass,adam,tuning,10000000,0,mlp-2,3,5,181,0.0001,5,0.6895751389160156,,
one_pass,adam,tuning,10000000,0,mlp-2,3,5,181,0.0001,6,0.6397673209838867,,
one_pass,adam,tuning,10000000,0,mlp-2,3,5,181,0.0001,7,0.6474638168334961,,
one_pass,adam,tuning,10000000,0,mlp-2,3,5,181,0.00026826957952797245,0,0.6061687671813965,,
one_pass,adam,tuning,10000000,0,mlp-2,3,5,181,0.00026826957952797245,1,0.594846970336914,,
one_pass,adam,tuning,10000000,0,mlp-2,3,5,181,0.00026826957952797245,2,0.6144224021606445,,
one_pass,adam,tuning,10000000,0,mlp-2,3,5,181,0.00026826957952797245,3,0.5977998176574707,,
one_pass,adam,tuning,10000000,0,mlp-2,3,5,181,0.00026826957952797245,4,0.5909028019714355,,
one_pass,adam,tuning,10000000,0,mlp-2,3,5,181,0.00026826957952797245,5,0.6445775973205566,,
one_pass,adam,tuning,10000000,0,mlp-2,3,5,181,0.00026826957952797245,6,0.6092650844726563,,
one_pass,adam,tuning,10000000,0,mlp-2,3,5,181,0.00026826957952797245,7,0.6074829260864257,,
one_pass,adam,tuning,10000000,0,mlp-2,3,5,181,0.0007196856730011522,0,0.5746884829711915,,
one_pass,adam,tuning,10000000,0,mlp-2,3,5,181,0.0007196856730011522,1,0.5750996945495606,,
one_pass,adam,tuning,10000000,0,mlp-2,3,5,181,0.0007196856730011522,2,0.5915606246643066,,
one_pass,adam,tuning,10000000,0,mlp-2,3,5,181,0.0007196856730011522,3,0.5758932024230957,,
one_pass,adam,tuning,10000000,0,mlp-2,3,5,181,0.0007196856730011522,4,0.5733425579528808,,
one_pass,adam,tuning,10000000,0,mlp-2,3,5,181,0.0007196856730011522,5,0.6045459902954101,,
one_pass,adam,tuning,10000000,0,mlp-2,3,5,181,0.0007196856730011522,6,0.5803837998962402,,
one_pass,adam,tuning,10000000,0,mlp-2,3,5,181,0.0007196856730011522,7,0.5847234260559082,,
one_pass,adam,tuning,10000000,0,mlp-2,3,5,181,0.0019306977288832496,0,0.5690202766723633,,
one_pass,adam,tuning,10000000,0,mlp-2,3,5,181,0.0019306977288832496,1,0.5677298403320312,,
one_pass,adam,tuning,10000000,0,mlp-2,3,5,181,0.0019306977288832496,2,0.5750130758361817,,
one_pass,adam,tuning,10000000,0,mlp-2,3,5,181,0.0019306977288832496,3,0.5721123757324219,,
one_pass,adam,tuning,10000000,0,mlp-2,3,5,181,0.0019306977288832496,4,0.5694258137207031,,
one_pass,adam,tuning,10000000,0,mlp-2,3,5,181,0.0019306977288832496,5,0.5774998587036133,,
one_pass,adam,tuning,10000000,0,mlp-2,3,5,181,0.0019306977288832496,6,0.5726043367919922,,
one_pass,adam,tuning,10000000,0,mlp-2,3,5,181,0.0019306977288832496,7,0.5727452015991211,,
one_pass,adam,tuning,10000000,0,mlp-2,3,5,181,0.005179474679231213,0,0.57013835546875,,
one_pass,adam,tuning,10000000,0,mlp-2,3,5,181,0.005179474679231213,1,0.5686775681762696,,
one_pass,adam,tuning,10000000,0,mlp-2,3,5,181,0.005179474679231213,2,0.572451137878418,,
one_pass,adam,tuning,10000000,0,mlp-2,3,5,181,0.005179474679231213,3,0.5708043868408204,,
one_pass,adam,tuning,10000000,0,mlp-2,3,5,181,0.005179474679231213,4,0.5686003763427734,,
one_pass,adam,tuning,10000000,0,mlp-2,3,5,181,0.005179474679231213,5,0.5732127292175293,,
one_pass,adam,tuning,10000000,0,mlp-2,3,5,181,0.005179474679231213,6,0.567896863861084,,
one_pass,adam,tuning,10000000,0,mlp-2,3,5,181,0.005179474679231213,7,0.5659692762451172,,
one_pass,adam,tuning,10000000,0,mlp-2,3,5,181,0.013894954943731374,0,0.570374801147461,,
one_pass,adam,tuning,10000000,0,mlp-2,3,5,181,0.013894954943731374,1,0.5624817589111328,,
one_pass,adam,tuning,10000000,0,mlp-2,3,5,181,0.013894954943731374,2,0.5753300950012207,,
one_pass,adam,tuning,10000000,0,mlp-2,3,5,181,0.013894954943731374,3,0.5697084671020508,,
one_pass,adam,tuning,10000000,0,mlp-2,3,5,181,0.013894954943731374,4,0.5688132082214356,,
one_pass,adam,tuning,10000000,0,mlp-2,3,5,181,0.013894954943731374,5,0.5663465619506836,,
one_pass,adam,tuning,10000000,0,mlp-2,3,5,181,0.013894954943731374,6,0.5662314314575195,,
one_pass,adam,tuning,10000000,0,mlp-2,3,5,181,0.013894954943731374,7,0.5654929472961425,,
one_pass,adam,tuning,10000000,0,mlp-2,3,5,181,0.03727593720314938,0,0.5680879841308594,,
one_pass,adam,tuning,10000000,0,mlp-2,3,5,181,0.03727593720314938,1,0.5702126842651367,,
one_pass,adam,tuning,10000000,0,mlp-2,3,5,181,0.03727593720314938,2,0.5745711896972656,,
one_pass,adam,tuning,10000000,0,mlp-2,3,5,181,0.03727593720314938,3,0.5802396951293946,,
one_pass,adam,tuning,10000000,0,mlp-2,3,5,181,0.03727593720314938,4,0.568091673034668,,
one_pass,adam,tuning,10000000,0,mlp-2,3,5,181,0.03727593720314938,5,0.571441911743164,,
one_pass,adam,tuning,10000000,0,mlp-2,3,5,181,0.03727593720314938,6,0.5648214840698242,,
one_pass,adam,tuning,10000000,0,mlp-2,3,5,181,0.03727593720314938,7,0.5665375095825196,,
one_pass,adam,tuning,10000000,0,mlp-2,3,5,181,0.1,0,0.5775041189575195,,
one_pass,adam,tuning,10000000,0,mlp-2,3,5,181,0.1,1,0.5768398930664063,,
one_pass,adam,tuning,10000000,0,mlp-2,3,5,181,0.1,2,0.5691466241760254,,
one_pass,adam,tuning,10000000,0,mlp-2,3,5,181,0.1,3,0.5761549508666992,,
one_pass,adam,tuning,10000000,0,mlp-2,3,5,181,0.1,4,0.5812798620910644,,
one_pass,adam,tuning,10000000,0,mlp-2,3,5,181,0.1,5,0.5789372406616211,,
one_pass,adam,tuning,10000000,0,mlp-2,3,5,181,0.1,6,0.5749016430358886,,
one_pass,adam,tuning,10000000,0,mlp-2,3,5,181,0.1,7,0.569465216217041,,
one_pass,adam,tuning,10000000,0,mlp-3,3,4,161,0.0001,0,0.6627024248657226,,
one_pass,adam,tuning,10000000,0,mlp-3,3,4,161,0.0001,1,0.6789375288696289,,
one_pass,adam,tuning,10000000,0,mlp-3,3,4,161,0.0001,2,0.6386594656982422,,
one_pass,adam,tuning,10000000,0,mlp-3,3,4,161,0.0001,3,0.6642380893554688,,
one_pass,adam,tuning,10000000,0,mlp-3,3,4,161,0.0001,4,0.6390414028930664,,
one_pass,adam,tuning,10000000,0,mlp-3,3,4,161,0.0001,5,0.6495518294677735,,
one_pass,adam,tuning,10000000,0,mlp-3,3,4,161,0.0001,6,0.6344068792114258,,
one_pass,adam,tuning,10000000,0,mlp-3,3,4,161,0.0001,7,0.6316154815673828,,
one_pass,adam,tuning,10000000,0,mlp-3,3,4,161,0.00026826957952797245,0,0.6253817526550293,,
one_pass,adam,tuning,10000000,0,mlp-3,3,4,161,0.00026826957952797245,1,0.6367516642456055,,
one_pass,adam,tuning,10000000,0,mlp-3,3,4,161,0.00026826957952797245,2,0.6024788228759765,,
one_pass,adam,tuning,10000000,0,mlp-3,3,4,161,0.00026826957952797245,3,0.6124646417541504,,
one_pass,adam,tuning,10000000,0,mlp-3,3,4,161,0.00026826957952797245,4,0.6147402463378906,,
one_pass,adam,tuning,10000000,0,mlp-3,3,4,161,0.00026826957952797245,5,0.6039317937622071,,
one_pass,adam,tuning,10000000,0,mlp-3,3,4,161,0.00026826957952797245,6,0.5953034144592285,,
one_pass,adam,tuning,10000000,0,mlp-3,3,4,161,0.00026826957952797245,7,0.6001648973083497,,
one_pass,adam,tuning,10000000,0,mlp-3,3,4,161,0.0007196856730011522,0,0.5965363314819336,,
one_pass,adam,tuning,10000000,0,mlp-3,3,4,161,0.0007196856730011522,1,0.5859963815307617,,
one_pass,adam,tuning,10000000,0,mlp-3,3,4,161,0.0007196856730011522,2,0.5791085477905273,,
one_pass,adam,tuning,10000000,0,mlp-3,3,4,161,0.0007196856730011522,3,0.5978603414001464,,
one_pass,adam,tuning,10000000,0,mlp-3,3,4,161,0.0007196856730011522,4,0.5880665343017578,,
one_pass,adam,tuning,10000000,0,mlp-3,3,4,161,0.0007196856730011522,5,0.5790386437988281,,
one_pass,adam,tuning,10000000,0,mlp-3,3,4,161,0.0007196856730011522,6,0.5808958926391602,,
one_pass,adam,tuning,10000000,0,mlp-3,3,4,161,0.0007196856730011522,7,0.589072658782959,,
one_pass,adam,tuning,10000000,0,mlp-3,3,4,161,0.0019306977288832496,0,0.5871737326965332,,
one_pass,adam,tuning,10000000,0,mlp-3,3,4,161,0.0019306977288832496,1,0.5776579391784668,,
one_pass,adam,tuning,10000000,0,mlp-3,3,4,161,0.0019306977288832496,2,0.5740217719726562,,
one_pass,adam,tuning,10000000,0,mlp-3,3,4,161,0.0019306977288832496,3,0.5811552384033203,,
one_pass,adam,tuning,10000000,0,mlp-3,3,4,161,0.0019306977288832496,4,0.5768222782897949,,
one_pass,adam,tuning,10000000,0,mlp-3,3,4,161,0.0019306977288832496,5,0.5724928200683593,,
one_pass,adam,tuning,10000000,0,mlp-3,3,4,161,0.0019306977288832496,6,0.5768169621582031,,
one_pass,adam,tuning,10000000,0,mlp-3,3,4,161,0.0019306977288832496,7,0.5721477793273926,,
one_pass,adam,tuning,10000000,0,mlp-3,3,4,161,0.005179474679231213,0,0.5870173322143555,,
one_pass,adam,tuning,10000000,0,mlp-3,3,4,161,0.005179474679231213,1,0.5766322519226075,,
one_pass,adam,tuning,10000000,0,mlp-3,3,4,161,0.005179474679231213,2,0.5725396281738281,,
one_pass,adam,tuning,10000000,0,mlp-3,3,4,161,0.005179474679231213,3,0.5751259638061523,,
one_pass,adam,tuning,10000000,0,mlp-3,3,4,161,0.005179474679231213,4,0.5729946171264648,,
one_pass,adam,tuning,10000000,0,mlp-3,3,4,161,0.005179474679231213,5,0.5733529155273438,,
one_pass,adam,tuning,10000000,0,mlp-3,3,4,161,0.005179474679231213,6,0.5753581507263184,,
one_pass,adam,tuning,10000000,0,mlp-3,3,4,161,0.005179474679231213,7,0.5718439614257812,,
one_pass,adam,tuning,10000000,0,mlp-3,3,4,161,0.013894954943731374,0,0.577096097869873,,
one_pass,adam,tuning,10000000,0,mlp-3,3,4,161,0.013894954943731374,1,0.5824570396118164,,
one_pass,adam,tuning,10000000,0,mlp-3,3,4,161,0.013894954943731374,2,0.5769278763427734,,
one_pass,adam,tuning,10000000,0,mlp-3,3,4,161,0.013894954943731374,3,0.5753487448730469,,
one_pass,adam,tuning,10000000,0,mlp-3,3,4,161,0.013894954943731374,4,0.5759057958679199,,
one_pass,adam,tuning,10000000,0,mlp-3,3,4,161,0.013894954943731374,5,0.5733683813171386,,
one_pass,adam,tuning,10000000,0,mlp-3,3,4,161,0.013894954943731374,6,0.5752776697387695,,
one_pass,adam,tuning,10000000,0,mlp-3,3,4,161,0.013894954943731374,7,0.573104580078125,,
one_pass,adam,tuning,10000000,0,mlp-3,3,4,161,0.03727593720314938,0,0.615248650390625,,
one_pass,adam,tuning,10000000,0,mlp-3,3,4,161,0.03727593720314938,1,0.5755151832580566,,
one_pass,adam,tuning,10000000,0,mlp-3,3,4,161,0.03727593720314938,2,0.573588033996582,,
one_pass,adam,tuning,10000000,0,mlp-3,3,4,161,0.03727593720314938,3,0.5779404548950196,,
one_pass,adam,tuning,10000000,0,mlp-3,3,4,161,0.03727593720314938,4,0.5770088308410645,,
one_pass,adam,tuning,10000000,0,mlp-3,3,4,161,0.03727593720314938,5,0.5753196716308594,,
one_pass,adam,tuning,10000000,0,mlp-3,3,4,161,0.03727593720314938,6,0.5741166982727051,,
one_pass,adam,tuning,10000000,0,mlp-3,3,4,161,0.03727593720314938,7,0.5794191307067871,,
one_pass,adam,tuning,10000000,0,mlp-3,3,4,161,0.1,0,0.5992946959533691,,
one_pass,adam,tuning,10000000,0,mlp-3,3,4,161,0.1,1,0.6914316489868164,,
one_pass,adam,tuning,10000000,0,mlp-3,3,4,161,0.1,2,0.5788302967529297,,
one_pass,adam,tuning,10000000,0,mlp-3,3,4,161,0.1,3,0.6076336624755859,,
one_pass,adam,tuning,10000000,0,mlp-3,3,4,161,0.1,4,0.5849044504089356,,
one_pass,adam,tuning,10000000,0,mlp-3,3,4,161,0.1,5,0.5781359928283691,,
one_pass,adam,tuning,10000000,0,mlp-3,3,4,161,0.1,6,0.5888216491088867,,
one_pass,adam,tuning,10000000,0,mlp-3,3,4,161,0.1,7,0.5852795460510254,,
one_pass,adam,tuning,10000000,0,spectral,3,0,174,0.0001,0,0.6353622322692871,,
one_pass,adam,tuning,10000000,0,spectral,3,0,174,0.0001,1,0.6430795662841797,,
one_pass,adam,tuning,10000000,0,spectral,3,0,174,0.0001,2,0.6415701050109863,,
one_pass,adam,tuning,10000000,0,spectral,3,0,174,0.0001,3,0.6405106352233887,,
one_pass,adam,tuning,10000000,0,spectral,3,0,174,0.0001,4,0.6374852835388184,,
one_pass,adam,tuning,10000000,0,spectral,3,0,174,0.0001,5,0.6413591666870118,,
one_pass,adam,tuning,10000000,0,spectral,3,0,174,0.0001,6,0.6374263439331055,,
one_pass,adam,tuning,10000000,0,spectral,3,0,174,0.0001,7,0.6415840898132324,,
one_pass,adam,tuning,10000000,0,spectral,3,0,174,0.00026826957952797245,0,0.6077539923706055,,
one_pass,adam,tuning,10000000,0,spectral,3,0,174,0.00026826957952797245,1,0.6192513140563964,,
one_pass,adam,tuning,10000000,0,spectral,3,0,174,0.00026826957952797245,2,0.6089457541198731,,
one_pass,adam,tuning,10000000,0,spectral,3,0,174,0.00026826957952797245,3,0.6116838562011718,,
one_pass,adam,tuning,10000000,0,spectral,3,0,174,0.00026826957952797245,4,0.6041381505737304,,
one_pass,adam,tuning,10000000,0,spectral,3,0,174,0.00026826957952797245,5,0.6165597966918945,,
one_pass,adam,tuning,10000000,0,spectral,3,0,174,0.00026826957952797245,6,0.6094480004272461,,
one_pass,adam,tuning,10000000,0,spectral,3,0,174,0.00026826957952797245,7,0.6077461820373535,,
one_pass,adam,tuning,10000000,0,spectral,3,0,174,0.0007196856730011522,0,0.5854007337646484,,
one_pass,adam,tuning,10000000,0,spectral,3,0,174,0.0007196856730011522,1,0.5882037333679199,,
one_pass,adam,tuning,10000000,0,spectral,3,0,174,0.0007196856730011522,2,0.5868449711914062,,
one_pass,adam,tuning,10000000,0,spectral,3,0,174,0.0007196856730011522,3,0.5848834825744629,,
one_pass,adam,tuning,10000000,0,spectral,3,0,174,0.0007196856730011522,4,0.5855654245910644,,
one_pass,adam,tuning,10000000,0,spectral,3,0,174,0.0007196856730011522,5,0.6034981802368165,,
one_pass,adam,tuning,10000000,0,spectral,3,0,174,0.0007196856730011522,6,0.5893388706665039,,
one_pass,adam,tuning,10000000,0,spectral,3,0,174,0.0007196856730011522,7,0.5851439889526368,,
one_pass,adam,tuning,10000000,0,spectral,3,0,174,0.0019306977288832496,0,0.5747600700073242,,
one_pass,adam,tuning,10000000,0,spectral,3,0,174,0.0019306977288832496,1,0.5747488507080079,,
one_pass,adam,tuning,10000000,0,spectral,3,0,174,0.0019306977288832496,2,0.5750822713317871,,
one_pass,adam,tuning,10000000,0,spectral,3,0,174,0.0019306977288832496,3,0.5738985216064453,,
one_pass,adam,tuning,10000000,0,spectral,3,0,174,0.0019306977288832496,4,0.5746263301391602,,
one_pass,adam,tuning,10000000,0,spectral,3,0,174,0.0019306977288832496,5,0.5867518942871094,,
one_pass,adam,tuning,10000000,0,spectral,3,0,174,0.0019306977288832496,6,0.5785874874572754,,
one_pass,adam,tuning,10000000,0,spectral,3,0,174,0.0019306977288832496,7,0.5743848165893555,,
one_pass,adam,tuning,10000000,0,spectral,3,0,174,0.005179474679231213,0,0.5715929603881836,,
one_pass,adam,tuning,10000000,0,spectral,3,0,174,0.005179474679231213,1,0.5716995593872071,,
one_pass,adam,tuning,10000000,0,spectral,3,0,174,0.005179474679231213,2,0.5716122988891602,,
one_pass,adam,tuning,10000000,0,spectral,3,0,174,0.005179474679231213,3,0.5716156460571289,,
one_pass,adam,tuning,10000000,0,spectral,3,0,174,0.005179474679231213,4,0.5717601262207032,,
one_pass,adam,tuning,10000000,0,spectral,3,0,174,0.005179474679231213,5,0.5724314025878906,,
one_pass,adam,tuning,10000000,0,spectral,3,0,174,0.005179474679231213,6,0.5716810225524902,,
one_pass,adam,tuning,10000000,0,spectral,3,0,174,0.005179474679231213,7,0.571617780456543,,
one_pass,adam,tuning,10000000,0,spectral,3,0,174,0.013894954943731374,0,0.5721513417053222,,
one_pass,adam,tuning,10000000,0,spectral,3,0,174,0.013894954943731374,1,0.5723947314147949,,
one_pass,adam,tuning,10000000,0,spectral,3,0,174,0.013894954943731374,2,0.5724189590454102,,
one_pass,adam,tuning,10000000,0,spectral,3,0,174,0.013894954943731374,3,0.5720846756591796,,
one_pass,adam,tuning,10000000,0,spectral,3,0,174,0.013894954943731374,4,0.5721938008422851,,
one_pass,adam,tuning,10000000,0,spectral,3,0,174,0.013894954943731374,5,0.572407121459961,,
one_pass,adam,tuning,10000000,0,spectral,3,0,174,0.013894954943731374,6,0.5720110986938477,,
one_pass,adam,tuning,10000000,0,spectral,3,0,174,0.013894954943731374,7,0.572008630065918,,
one_pass,adam,tuning,10000000,0,spectral,3,0,174,0.03727593720314938,0,0.5743442041015625,,
one_pass,adam,tuning,10000000,0,spectral,3,0,174,0.03727593720314938,1,0.5749244490966797,,
one_pass,adam,tuning,10000000,0,spectral,3,0,174,0.03727593720314938,2,0.5743281555175781,,
one_pass,adam,tuning,10000000,0,spectral,3,0,174,0.03727593720314938,3,0.5745551751708985,,
one_pass,adam,tuning,10000000,0,spectral,3,0,174,0.03727593720314938,4,0.5748056384582519,,
one_pass,adam,tuning,10000000,0,spectral,3,0,174,0.03727593720314938,5,0.5747196762390137,,
one_pass,adam,tuning,10000000,0,spectral,3,0,174,0.03727593720314938,6,0.5743836192932129,,
one_pass,adam,tuning,10000000,0,spectral,3,0,174,0.03727593720314938,7,0.5748241608276368,,
one_pass,adam,tuning,10000000,0,spectral,3,0,174,0.1,0,0.5799731553955079,,
one_pass,adam,tuning,10000000,0,spectral,3,0,174,0.1,1,0.5781340428161621,,
one_pass,adam,tuning,10000000,0,spectral,3,0,174,0.1,2,0.5781382518615723,,
one_pass,adam,tuning,10000000,0,spectral,3,0,174,0.1,3,0.5788961755371094,,
one_pass,adam,tuning,10000000,0,spectral,3,0,174,0.1,4,0.5789179881591797,,
one_pass,adam,tuning,10000000,0,spectral,3,0,174,0.1,5,0.5799610752258301,,
one_pass,adam,tuning,10000000,0,spectral,3,0,174,0.1,6,0.5798609421081543,,
one_pass,adam,tuning,10000000,0,spectral,3,0,174,0.1,7,0.577650203918457,,
one_pass,adam,tuning,10000000,0,mlp-1,7,27,811,0.0001,0,0.6179109697875976,,
one_pass,adam,tuning,10000000,0,mlp-1,7,27,811,0.0001,1,0.613181308380127,,
one_pass,adam,tuning,10000000,0,mlp-1,7,27,811,0.0001,2,0.6156050579528809,,
one_pass,adam,tuning,10000000,0,mlp-1,7,27,811,0.0001,3,0.6184533879394531,,
one_pass,adam,tuning,10000000,0,mlp-1,7,27,811,0.0001,4,0.6197541932373047,,
one_pass,adam,tuning,10000000,0,mlp-1,7,27,811,0.0001,5,0.6167373030395508,,
one_pass,adam,tuning,10000000,0,mlp-1,7,27,811,0.0001,6,0.6192791360778809,,
one_pass,adam,tuning,10000000,0,mlp-1,7,27,811,0.0001,7,0.6162302057189941,,
one_pass,adam,tuning,10000000,0,mlp-1,7,27,811,0.00026826957952797245,0,0.5872692039794922,,
one_pass,adam,tuning,10000000,0,mlp-1,7,27,811,0.00026826957952797245,1,0.5835517824401856,,
one_pass,adam,tuning,10000000,0,mlp-1,7,27,811,0.00026826957952797245,2,0.5816851373291015,,
one_pass,adam,tuning,10000000,0,mlp-1,7,27,811,0.00026826957952797245,3,0.587701349975586,,
one_pass,adam,tuning,10000000,0,mlp-1,7,27,811,0.00026826957952797245,4,0.5922083855590821,,
one_pass,adam,tuning,10000000,0,mlp-1,7,27,811,0.00026826957952797245,5,0.5863765212097168,,
one_pass,adam,tuning,10000000,0,mlp-1,7,27,811,0.00026826957952797245,6,0.5877981368408203,,
one_pass,adam,tuning,10000000,0,mlp-1,7,27,811,0.00026826957952797245,7,0.5838124084167481,,
one_pass,adam,tuning,10000000,0,mlp-1,7,27,811,0.0007196856730011522,0,0.559058653137207,,
one_pass,adam,tuning,10000000,0,mlp-1,7,27,811,0.0007196856730011522,1,0.5571084629211426,,
one_pass,adam,tuning,10000000,0,mlp-1,7,27,811,0.0007196856730011522,2,0.5574483175048828,,
one_pass,adam,tuning,10000000,0,mlp-1,7,27,811,0.0007196856730011522,3,0.5615613564453125,,
one_pass,adam,tuning,10000000,0,mlp-1,7,27,811,0.0007196856730011522,4,0.5640236657714843,,
one_pass,adam,tuning,10000000,0,mlp-1,7,27,811,0.0007196856730011522,5,0.5570830087890625,,
one_pass,adam,tuning,10000000,0,mlp-1,7,27,811,0.0007196856730011522,6,0.5592097162780761,,
one_pass,adam,tuning,10000000,0,mlp-1,7,27,811,0.0007196856730011522,7,0.5602420953979492,,
one_pass,adam,tuning,10000000,0,mlp-1,7,27,811,0.0019306977288832496,0,0.5447694682006836,,
one_pass,adam,tuning,10000000,0,mlp-1,7,27,811,0.0019306977288832496,1,0.5404325328674316,,
one_pass,adam,tuning,10000000,0,mlp-1,7,27,811,0.0019306977288832496,2,0.5449445852966308,,
one_pass,adam,tuning,10000000,0,mlp-1,7,27,811,0.0019306977288832496,3,0.5436222332763672,,
one_pass,adam,tuning,10000000,0,mlp-1,7,27,811,0.0019306977288832496,4,0.5454004000549316,,
one_pass,adam,tuning,10000000,0,mlp-1,7,27,811,0.0019306977288832496,5,0.5437650481872559,,
one_pass,adam,tuning,10000000,0,mlp-1,7,27,811,0.0019306977288832496,6,0.5416230030822754,,
one_pass,adam,tuning,10000000,0,mlp-1,7,27,811,0.0019306977288832496,7,0.5450308247375488,,
one_pass,adam,tuning,10000000,0,mlp-1,7,27,811,0.005179474679231213,0,0.5398174720458985,,
one_pass,adam,tuning,10000000,0,mlp-1,7,27,811,0.005179474679231213,1,0.5353840179138184,,
one_pass,adam,tuning,10000000,0,mlp-1,7,27,811,0.005179474679231213,2,0.5371243560180664,,
one_pass,adam,tuning,10000000,0,mlp-1,7,27,811,0.005179474679231213,3,0.5382452752380371,,
one_pass,adam,tuning,10000000,0,mlp-1,7,27,811,0.005179474679231213,4,0.5425625872192383,,
one_pass,adam,tuning,10000000,0,mlp-1,7,27,811,0.005179474679231213,5,0.5381133833923339,,
one_pass,adam,tuning,10000000,0,mlp-1,7,27,811,0.005179474679231213,6,0.5376986237487793,,
one_pass,adam,tuning,10000000,0,mlp-1,7,27,811,0.005179474679231213,7,0.5375498548583985,,
one_pass,adam,tuning,10000000,0,mlp-1,7,27,811,0.013894954943731374,0,0.5350720128173828,,
one_pass,adam,tuning,10000000,0,mlp-1,7,27,811,0.013894954943731374,1,0.5359892304077148,,
one_pass,adam,tuning,10000000,0,mlp-1,7,27,811,0.013894954943731374,2,0.5333483461608887,,
one_pass,adam,tuning,10000000,0,mlp-1,7,27,811,0.013894954943731374,3,0.537384349395752,,
one_pass,adam,tuning,10000000,0,mlp-1,7,27,811,0.013894954943731374,4,0.539296028503418,,
one_pass,adam,tuning,10000000,0,mlp-1,7,27,811,0.013894954943731374,5,0.538850551940918,,
one_pass,adam,tuning,10000000,0,mlp-1,7,27,811,0.013894954943731374,6,0.5370629018859864,,
one_pass,adam,tuning,10000000,0,mlp-1,7,27,811,0.013894954943731374,7,0.5383722497558594,,
one_pass,adam,tuning,10000000,0,mlp-1,7,27,811,0.03727593720314938,0,0.5384511063537598,,
one_pass,adam,tuning,10000000,0,mlp-1,7,27,811,0.03727593720314938,1,0.5381964902038574,,
one_pass,adam,tuning,10000000,0,mlp-1,7,27,811,0.03727593720314938,2,0.5390704589233398,,
one_pass,adam,tuning,10000000,0,mlp-1,7,27,811,0.03727593720314938,3,0.5375329322814941,,
one_pass,adam,tuning,10000000,0,mlp-1,7,27,811,0.03727593720314938,4,0.5441732926330567,,
one_pass,adam,tuning,10000000,0,mlp-1,7,27,811,0.03727593720314938,5,0.5390502189941406,,
one_pass,adam,tuning,10000000,0,mlp-1,7,27,811,0.03727593720314938,6,0.5402428314819336,,
one_pass,adam,tuning,10000000,0,mlp-1,7,27,811,0.03727593720314938,7,0.5375044515686035,,
one_pass,adam,tuning,10000000,0,mlp-1,7,27,811,0.1,0,0.5480716777648926,,
one_pass,adam,tuning,10000000,0,mlp-1,7,27,811,0.1,1,0.5459285442504883,,
one_pass,adam,tuning,10000000,0,mlp-1,7,27,811,0.1,2,0.5442400905456543,,
one_pass,adam,tuning,10000000,0,mlp-1,7,27,811,0.1,3,0.5462199289855957,,
one_pass,adam,tuning,10000000,0,mlp-1,7,27,811,0.1,4,0.5442606073608398,,
one_pass,adam,tuning,10000000,0,mlp-1,7,27,811,0.1,5,0.544085760559082,,
one_pass,adam,tuning,10000000,0,mlp-1,7,27,811,0.1,6,0.5451971114196777,,
one_pass,adam,tuning,10000000,0,mlp-1,7,27,811,0.1,7,0.5432599964599609,,
one_pass,adam,tuning,10000000,0,mlp-2,7,17,817,0.0001,0,0.6056877656860351,,
one_pass,adam,tuning,10000000,0,mlp-2,7,17,817,0.0001,1,0.603360256286621,,
one_pass,adam,tuning,10000000,0,mlp-2,7,17,817,0.0001,2,0.6055490401611329,,
one_pass,adam,tuning,10000000,0,mlp-2,7,17,817,0.0001,3,0.6092251538696289,,
one_pass,adam,tuning,10000000,0,mlp-2,7,17,817,0.0001,4,0.607787384399414,,
one_pass,adam,tuning,10000000,0,mlp-2,7,17,817,0.0001,5,0.6062623290710449,,
one_pass,adam,tuning,10000000,0,mlp-2,7,17,817,0.0001,6,0.6113050645141601,,
one_pass,adam,tuning,10000000,0,mlp-2,7,17,817,0.0001,7,0.6088587476196289,,
one_pass,adam,tuning,10000000,0,mlp-2,7,17,817,0.00026826957952797245,0,0.5674246296386719,,
one_pass,adam,tuning,10000000,0,mlp-2,7,17,817,0.00026826957952797245,1,0.5660584910583496,,
one_pass,adam,tuning,10000000,0,mlp-2,7,17,817,0.00026826957952797245,2,0.5602448326416015,,
one_pass,adam,tuning,10000000,0,mlp-2,7,17,817,0.00026826957952797245,3,0.5679340086669922,,
one_pass,adam,tuning,10000000,0,mlp-2,7,17,817,0.00026826957952797245,4,0.5644851447753906,,
one_pass,adam,tuning,10000000,0,mlp-2,7,17,817,0.00026826957952797245,5,0.5667072784118652,,
one_pass,adam,tuning,10000000,0,mlp-2,7,17,817,0.00026826957952797245,6,0.5672075624084473,,
one_pass,adam,tuning,10000000,0,mlp-2,7,17,817,0.00026826957952797245,7,0.5676707159729004,,
one_pass,adam,tuning,10000000,0,mlp-2,7,17,817,0.0007196856730011522,0,0.5427906358337402,,
one_pass,adam,tuning,10000000,0,mlp-2,7,17,817,0.0007196856730011522,1,0.5423423076782227,,
one_pass,adam,tuning,10000000,0,mlp-2,7,17,817,0.0007196856730011522,2,0.5413216935424805,,
one_pass,adam,tuning,10000000,0,mlp-2,7,17,817,0.0007196856730011522,3,0.5415719707641602,,
one_pass,adam,tuning,10000000,0,mlp-2,7,17,817,0.0007196856730011522,4,0.5428736196899414,,
one_pass,adam,tuning,10000000,0,mlp-2,7,17,817,0.0007196856730011522,5,0.5399902694396973,,
one_pass,adam,tuning,10000000,0,mlp-2,7,17,817,0.0007196856730011522,6,0.5402305088500976,,
one_pass,adam,tuning,10000000,0,mlp-2,7,17,817,0.0007196856730011522,7,0.5383521523742676,,
one_pass,adam,tuning,10000000,0,mlp-2,7,17,817,0.0019306977288832496,0,0.530283243560791,,
one_pass,adam,tuning,10000000,0,mlp-2,7,17,817,0.0019306977288832496,1,0.5295937821655273,,
one_pass,adam,tuning,10000000,0,mlp-2,7,17,817,0.0019306977288832496,2,0.5337563653564453,,
one_pass,adam,tuning,10000000,0,mlp-2,7,17,817,0.0019306977288832496,3,0.5315183022766113,,
one_pass,adam,tuning,10000000,0,mlp-2,7,17,817,0.0019306977288832496,4,0.5288550110168457,,
one_pass,adam,tuning,10000000,0,mlp-2,7,17,817,0.0019306977288832496,5,0.5267555671386719,,
one_pass,adam,tuning,10000000,0,mlp-2,7,17,817,0.0019306977288832496,6,0.5312287779541016,,
one_pass,adam,tuning,10000000,0,mlp-2,7,17,817,0.0019306977288832496,7,0.5267051450805664,,
one_pass,adam,tuning,10000000,0,mlp-2,7,17,817,0.005179474679231213,0,0.5257964506835937,,
one_pass,adam,tuning,10000000,0,mlp-2,7,17,817,0.005179474679231213,1,0.5256570332641601,,
one_pass,adam,tuning,10000000,0,mlp-2,7,17,817,0.005179474679231213,2,0.5318084790039063,,
one_pass,adam,tuning,10000000,0,mlp-2,7,17,817,0.005179474679231213,3,0.5243425430603027,,
one_pass,adam,tuning,10000000,0,mlp-2,7,17,817,0.005179474679231213,4,0.5258506463012695,,
one_pass,adam,tuning,10000000,0,mlp-2,7,17,817,0.005179474679231213,5,0.5250105775756836,,
one_pass,adam,tuning,10000000,0,mlp-2,7,17,817,0.005179474679231213,6,0.5261975010681152,,
one_pass,adam,tuning,10000000,0,mlp-2,7,17,817,0.005179474679231213,7,0.5210851895751953,,
one_pass,adam,tuning,10000000,0,mlp-2,7,17,817,0.013894954943731374,0,0.5258172386474609,,
one_pass,adam,tuning,10000000,0,mlp-2,7,17,817,0.013894954943731374,1,0.5257748662719727,,
one_pass,adam,tuning,10000000,0,mlp-2,7,17,817,0.013894954943731374,2,0.5259682378845215,,
one_pass,adam,tuning,10000000,0,mlp-2,7,17,817,0.013894954943731374,3,0.523754374633789,,
one_pass,adam,tuning,10000000,0,mlp-2,7,17,817,0.013894954943731374,4,0.5231543517456054,,
one_pass,adam,tuning,10000000,0,mlp-2,7,17,817,0.013894954943731374,5,0.5217270837097168,,
one_pass,adam,tuning,10000000,0,mlp-2,7,17,817,0.013894954943731374,6,0.5243745756835938,,
one_pass,adam,tuning,10000000,0,mlp-2,7,17,817,0.013894954943731374,7,0.5247408057556152,,
one_pass,adam,tuning,10000000,0,mlp-2,7,17,817,0.03727593720314938,0,0.5302343298950195,,
one_pass,adam,tuning,10000000,0,mlp-2,7,17,817,0.03727593720314938,1,0.5270354301147461,,
one_pass,adam,tuning,10000000,0,mlp-2,7,17,817,0.03727593720314938,2,0.527588045715332,,
one_pass,adam,tuning,10000000,0,mlp-2,7,17,817,0.03727593720314938,3,0.5257138740539551,,
one_pass,adam,tuning,10000000,0,mlp-2,7,17,817,0.03727593720314938,4,0.5263789805908203,,
one_pass,adam,tuning,10000000,0,mlp-2,7,17,817,0.03727593720314938,5,0.5243725346984863,,
one_pass,adam,tuning,10000000,0,mlp-2,7,17,817,0.03727593720314938,6,0.530958075378418,,
one_pass,adam,tuning,10000000,0,mlp-2,7,17,817,0.03727593720314938,7,0.5222410950927734,,
one_pass,adam,tuning,10000000,0,mlp-2,7,17,817,0.1,0,0.5441402032165528,,
one_pass,adam,tuning,10000000,0,mlp-2,7,17,817,0.1,1,0.5446708805541992,,
one_pass,adam,tuning,10000000,0,mlp-2,7,17,817,0.1,2,0.5438344198608398,,
one_pass,adam,tuning,10000000,0,mlp-2,7,17,817,0.1,3,0.5401475837402344,,
one_pass,adam,tuning,10000000,0,mlp-2,7,17,817,0.1,4,0.5427601004638671,,
one_pass,adam,tuning,10000000,0,mlp-2,7,17,817,0.1,5,0.5395191438598633,,
one_pass,adam,tuning,10000000,0,mlp-2,7,17,817,0.1,6,0.551102542022705,,
one_pass,adam,tuning,10000000,0,mlp-2,7,17,817,0.1,7,0.5402942175598144,,
one_pass,adam,tuning,10000000,0,mlp-3,7,14,841,0.0001,0,0.5966068290710449,,
one_pass,adam,tuning,10000000,0,mlp-3,7,14,841,0.0001,1,0.5984172690734864,,
one_pass,adam,tuning,10000000,0,mlp-3,7,14,841,0.0001,2,0.6123955444335938,,
one_pass,adam,tuning,10000000,0,mlp-3,7,14,841,0.0001,3,0.6057901696777344,,
one_pass,adam,tuning,10000000,0,mlp-3,7,14,841,0.0001,4,0.5999070340270997,,
one_pass,adam,tuning,10000000,0,mlp-3,7,14,841,0.0001,5,0.6093617665100097,,
one_pass,adam,tuning,10000000,0,mlp-3,7,14,841,0.0001,6,0.6035457803344727,,
one_pass,adam,tuning,10000000,0,mlp-3,7,14,841,0.0001,7,0.5953161593322754,,
one_pass,adam,tuning,10000000,0,mlp-3,7,14,841,0.00026826957952797245,0,0.5662698970947265,,
one_pass,adam,tuning,10000000,0,mlp-3,7,14,841,0.00026826957952797245,1,0.5640080674133301,,
one_pass,adam,tuning,10000000,0,mlp-3,7,14,841,0.00026826957952797245,2,0.5654886851806641,,
one_pass,adam,tuning,10000000,0,mlp-3,7,14,841,0.00026826957952797245,3,0.5649896623229981,,
one_pass,adam,tuning,10000000,0,mlp-3,7,14,841,0.00026826957952797245,4,0.5621871343078614,,
one_pass,adam,tuning,10000000,0,mlp-3,7,14,841,0.00026826957952797245,5,0.5655684823608399,,
one_pass,adam,tuning,10000000,0,mlp-3,7,14,841,0.00026826957952797245,6,0.5657347078857422,,
one_pass,adam,tuning,10000000,0,mlp-3,7,14,841,0.00026826957952797245,7,0.5629552256469726,,
one_pass,adam,tuning,10000000,0,mlp-3,7,14,841,0.0007196856730011522,0,0.5423160259399414,,
one_pass,adam,tuning,10000000,0,mlp-3,7,14,841,0.0007196856730011522,1,0.5424936447143555,,
one_pass,adam,tuning,10000000,0,mlp-3,7,14,841,0.0007196856730011522,2,0.5430923721313476,,
one_pass,adam,tuning,10000000,0,mlp-3,7,14,841,0.0007196856730011522,3,0.5466315693054199,,
one_pass,adam,tuning,10000000,0,mlp-3,7,14,841,0.0007196856730011522,4,0.5466383469238282,,
one_pass,adam,tuning,10000000,0,mlp-3,7,14,841,0.0007196856730011522,5,0.5424926434020996,,
one_pass,adam,tuning,10000000,0,mlp-3,7,14,841,0.0007196856730011522,6,0.5468368238525391,,
one_pass,adam,tuning,10000000,0,mlp-3,7,14,841,0.0007196856730011522,7,0.5460731091003418,,
one_pass,adam,tuning,10000000,0,mlp-3,7,14,841,0.0019306977288832496,0,0.5334066498413086,,
one_pass,adam,tuning,10000000,0,mlp-3,7,14,841,0.0019306977288832496,1,0.5333298445129394,,
one_pass,adam,tuning,10000000,0,mlp-3,7,14,841,0.0019306977288832496,2,0.5347047810058594,,
one_pass,adam,tuning,10000000,0,mlp-3,7,14,841,0.0019306977288832496,3,0.5352895656738281,,
one_pass,adam,tuning,10000000,0,mlp-3,7,14,841,0.0019306977288832496,4,0.5349500694885254,,
one_pass,adam,tuning,10000000,0,mlp-3,7,14,841,0.0019306977288832496,5,0.5312298030395508,,
one_pass,adam,tuning,10000000,0,mlp-3,7,14,841,0.0019306977288832496,6,0.5331297244873047,,
one_pass,adam,tuning,10000000,0,mlp-3,7,14,841,0.0019306977288832496,7,0.5330879961242676,,
one_pass,adam,tuning,10000000,0,mlp-3,7,14,841,0.005179474679231213,0,0.5281991080932618,,
one_pass,adam,tuning,10000000,0,mlp-3,7,14,841,0.005179474679231213,1,0.5269905897216797,,
one_pass,adam,tuning,10000000,0,mlp-3,7,14,841,0.005179474679231213,2,0.5302497895812989,,
one_pass,adam,tuning,10000000,0,mlp-3,7,14,841,0.005179474679231213,3,0.5289370109863282,,
one_pass,adam,tuning,10000000,0,mlp-3,7,14,841,0.005179474679231213,4,0.5271379216308594,,
one_pass,adam,tuning,10000000,0,mlp-3,7,14,841,0.005179474679231213,5,0.5284461342773438,,
one_pass,adam,tuning,10000000,0,mlp-3,7,14,841,0.005179474679231213,6,0.5286108868103028,,
one_pass,adam,tuning,10000000,0,mlp-3,7,14,841,0.005179474679231213,7,0.527047905670166,,
one_pass,adam,tuning,10000000,0,mlp-3,7,14,841,0.013894954943731374,0,0.5265889670410157,,
one_pass,adam,tuning,10000000,0,mlp-3,7,14,841,0.013894954943731374,1,0.5260114549560547,,
one_pass,adam,tuning,10000000,0,mlp-3,7,14,841,0.013894954943731374,2,0.5297226742858887,,
one_pass,adam,tuning,10000000,0,mlp-3,7,14,841,0.013894954943731374,3,0.5265776645507813,,
one_pass,adam,tuning,10000000,0,mlp-3,7,14,841,0.013894954943731374,4,0.5256025746459961,,
one_pass,adam,tuning,10000000,0,mlp-3,7,14,841,0.013894954943731374,5,0.5290434109191895,,
one_pass,adam,tuning,10000000,0,mlp-3,7,14,841,0.013894954943731374,6,0.5295574727783203,,
one_pass,adam,tuning,10000000,0,mlp-3,7,14,841,0.013894954943731374,7,0.5269759464416504,,
one_pass,adam,tuning,10000000,0,mlp-3,7,14,841,0.03727593720314938,0,0.5332695553283692,,
one_pass,adam,tuning,10000000,0,mlp-3,7,14,841,0.03727593720314938,1,0.5303080083312989,,
one_pass,adam,tuning,10000000,0,mlp-3,7,14,841,0.03727593720314938,2,0.5391730877990722,,
one_pass,adam,tuning,10000000,0,mlp-3,7,14,841,0.03727593720314938,3,0.5396597174377441,,
one_pass,adam,tuning,10000000,0,mlp-3,7,14,841,0.03727593720314938,4,0.534184003326416,,
one_pass,adam,tuning,10000000,0,mlp-3,7,14,841,0.03727593720314938,5,0.5301502952270508,,
one_pass,adam,tuning,10000000,0,mlp-3,7,14,841,0.03727593720314938,6,0.5357966841125489,,
one_pass,adam,tuning,10000000,0,mlp-3,7,14,841,0.03727593720314938,7,0.5303594488830566,,
one_pass,adam,tuning,10000000,0,mlp-3,7,14,841,0.1,0,0.5475772289428711,,
one_pass,adam,tuning,10000000,0,mlp-3,7,14,841,0.1,1,0.5470789442749023,,
one_pass,adam,tuning,10000000,0,mlp-3,7,14,841,0.1,2,0.5425842177124024,,
one_pass,adam,tuning,10000000,0,mlp-3,7,14,841,0.1,3,0.5522289041442872,,
one_pass,adam,tuning,10000000,0,mlp-3,7,14,841,0.1,4,0.6914201203308106,,
one_pass,adam,tuning,10000000,0,mlp-3,7,14,841,0.1,5,0.5419521014099121,,
one_pass,adam,tuning,10000000,0,mlp-3,7,14,841,0.1,6,0.554381114440918,,
one_pass,adam,tuning,10000000,0,mlp-3,7,14,841,0.1,7,0.5465098331298828,,
one_pass,adam,tuning,10000000,0,spectral,7,0,812,0.0001,0,0.6298578887329102,,
one_pass,adam,tuning,10000000,0,spectral,7,0,812,0.0001,1,0.6267919767761231,,
one_pass,adam,tuning,10000000,0,spectral,7,0,812,0.0001,2,0.6291565664367675,,
one_pass,adam,tuning,10000000,0,spectral,7,0,812,0.0001,3,0.6267524422912598,,
one_pass,adam,tuning,10000000,0,spectral,7,0,812,0.0001,4,0.6266329169311523,,
one_pass,adam,tuning,10000000,0,spectral,7,0,812,0.0001,5,0.6301628793945312,,
one_pass,adam,tuning,10000000,0,spectral,7,0,812,0.0001,6,0.6280891508789063,,
one_pass,adam,tuning,10000000,0,spectral,7,0,812,0.0001,7,0.6286395325927734,,
one_pass,adam,tuning,10000000,0,spectral,7,0,812,0.00026826957952797245,0,0.592749330871582,,
one_pass,adam,tuning,10000000,0,spectral,7,0,812,0.00026826957952797245,1,0.5912673631896973,,
one_pass,adam,tuning,10000000,0,spectral,7,0,812,0.00026826957952797245,2,0.5937655310668946,,
one_pass,adam,tuning,10000000,0,spectral,7,0,812,0.00026826957952797245,3,0.5904948215637207,,
one_pass,adam,tuning,10000000,0,spectral,7,0,812,0.00026826957952797245,4,0.589450744354248,,
one_pass,adam,tuning,10000000,0,spectral,7,0,812,0.00026826957952797245,5,0.5939715366516113,,
one_pass,adam,tuning,10000000,0,spectral,7,0,812,0.00026826957952797245,6,0.5929559487304688,,
one_pass,adam,tuning,10000000,0,spectral,7,0,812,0.00026826957952797245,7,0.5928747665405274,,
one_pass,adam,tuning,10000000,0,spectral,7,0,812,0.0007196856730011522,0,0.5650949695129395,,
one_pass,adam,tuning,10000000,0,spectral,7,0,812,0.0007196856730011522,1,0.5649480455322266,,
one_pass,adam,tuning,10000000,0,spectral,7,0,812,0.0007196856730011522,2,0.5672633483581543,,
one_pass,adam,tuning,10000000,0,spectral,7,0,812,0.0007196856730011522,3,0.5661518401489258,,
one_pass,adam,tuning,10000000,0,spectral,7,0,812,0.0007196856730011522,4,0.5627002954711914,,
one_pass,adam,tuning,10000000,0,spectral,7,0,812,0.0007196856730011522,5,0.5675656772460937,,
one_pass,adam,tuning,10000000,0,spectral,7,0,812,0.0007196856730011522,6,0.5663867026672363,,
one_pass,adam,tuning,10000000,0,spectral,7,0,812,0.0007196856730011522,7,0.5676354396972656,,
one_pass,adam,tuning,10000000,0,spectral,7,0,812,0.0019306977288832496,0,0.549569477722168,,
one_pass,adam,tuning,10000000,0,spectral,7,0,812,0.0019306977288832496,1,0.5470100968017578,,
one_pass,adam,tuning,10000000,0,spectral,7,0,812,0.0019306977288832496,2,0.5531137624511718,,
one_pass,adam,tuning,10000000,0,spectral,7,0,812,0.0019306977288832496,3,0.5507418833007812,,
one_pass,adam,tuning,10000000,0,spectral,7,0,812,0.0019306977288832496,4,0.550077193359375,,
one_pass,adam,tuning,10000000,0,spectral,7,0,812,0.0019306977288832496,5,0.5514547062988281,,
one_pass,adam,tuning,10000000,0,spectral,7,0,812,0.0019306977288832496,6,0.5532529273681641,,
one_pass,adam,tuning,10000000,0,spectral,7,0,812,0.0019306977288832496,7,0.551811342956543,,
one_pass,adam,tuning,10000000,0,spectral,7,0,812,0.005179474679231213,0,0.5418559598999023,,
one_pass,adam,tuning,10000000,0,spectral,7,0,812,0.005179474679231213,1,0.5423884920959473,,
one_pass,adam,tuning,10000000,0,spectral,7,0,812,0.005179474679231213,2,0.5436588985900879,,
one_pass,adam,tuning,10000000,0,spectral,7,0,812,0.005179474679231213,3,0.5439002585754394,,
one_pass,adam,tuning,10000000,0,spectral,7,0,812,0.005179474679231213,4,0.5467628411865234,,
one_pass,adam,tuning,10000000,0,spectral,7,0,812,0.005179474679231213,5,0.5439528101806641,,
one_pass,adam,tuning,10000000,0,spectral,7,0,812,0.005179474679231213,6,0.5448113280029296,,
one_pass,adam,tuning,10000000,0,spectral,7,0,812,0.005179474679231213,7,0.5421968565673828,,
one_pass,adam,tuning,10000000,0,spectral,7,0,812,0.013894954943731374,0,0.5431651294555664,,
one_pass,adam,tuning,10000000,0,spectral,7,0,812,0.013894954943731374,1,0.5413304689941406,,
one_pass,adam,tuning,10000000,0,spectral,7,0,812,0.013894954943731374,2,0.5426254864501953,,
one_pass,adam,tuning,10000000,0,spectral,7,0,812,0.013894954943731374,3,0.5400673534240723,,
one_pass,adam,tuning,10000000,0,spectral,7,0,812,0.013894954943731374,4,0.546285883605957,,
one_pass,adam,tuning,10000000,0,spectral,7,0,812,0.013894954943731374,5,0.5457126036987304,,
one_pass,adam,tuning,10000000,0,spectral,7,0,812,0.013894954943731374,6,0.5412531659545898,,
one_pass,adam,tuning,10000000,0,spectral,7,0,812,0.013894954943731374,7,0.5427194223327637,,
one_pass,adam,tuning,10000000,0,spectral,7,0,812,0.03727593720314938,0,0.5467390930175782,,
one_pass,adam,tuning,10000000,0,spectral,7,0,812,0.03727593720314938,1,0.5465660263977051,,
one_pass,adam,tuning,10000000,0,spectral,7,0,812,0.03727593720314938,2,0.5448442057800293,,
one_pass,adam,tuning,10000000,0,spectral,7,0,812,0.03727593720314938,3,0.5454023335876464,,
one_pass,adam,tuning,10000000,0,spectral,7,0,812,0.03727593720314938,4,0.5460172166748047,,
one_pass,adam,tuning,10000000,0,spectral,7,0,812,0.03727593720314938,5,0.546350659576416,,
one_pass,adam,tuning,10000000,0,spectral,7,0,812,0.03727593720314938,6,0.5468418490600586,,
one_pass,adam,tuning,10000000,0,spectral,7,0,812,0.03727593720314938,7,0.5475422688598632,,
one_pass,adam,tuning,10000000,0,spectral,7,0,812,0.1,0,0.5558978121643067,,
one_pass,adam,tuning,10000000,0,spectral,7,0,812,0.1,1,0.5509740170593261,,
one_pass,adam,tuning,10000000,0,spectral,7,0,812,0.1,2,0.5540602019042968,,
one_pass,adam,tuning,10000000,0,spectral,7,0,812,0.1,3,0.5556124334106445,,
one_pass,adam,tuning,10000000,0,spectral,7,0,812,0.1,4,0.5463203011169434,,
one_pass,adam,tuning,10000000,0,spectral,7,0,812,0.1,5,0.554159819946289,,
one_pass,adam,tuning,10000000,0,spectral,7,0,812,0.1,6,0.5544943114624024,,
one_pass,adam,tuning,10000000,0,spectral,7,0,812,0.1,7,0.5526322979125976,,
one_pass,adam,tuning,10000000,0,mlp-1,11,64,1921,0.0001,0,0.6077219580993652,,
one_pass,adam,tuning,10000000,0,mlp-1,11,64,1921,0.0001,1,0.6118873944396973,,
one_pass,adam,tuning,10000000,0,mlp-1,11,64,1921,0.0001,2,0.6087535404663086,,
one_pass,adam,tuning,10000000,0,mlp-1,11,64,1921,0.0001,3,0.6088380047912597,,
one_pass,adam,tuning,10000000,0,mlp-1,11,64,1921,0.0001,4,0.6102254535522461,,
one_pass,adam,tuning,10000000,0,mlp-1,11,64,1921,0.0001,5,0.6078868038330079,,
one_pass,adam,tuning,10000000,0,mlp-1,11,64,1921,0.0001,6,0.6097537989807129,,
one_pass,adam,tuning,10000000,0,mlp-1,11,64,1921,0.0001,7,0.6096809381103515,,
one_pass,adam,tuning,10000000,0,mlp-1,11,64,1921,0.00026826957952797245,0,0.5772824112548828,,
one_pass,adam,tuning,10000000,0,mlp-1,11,64,1921,0.00026826957952797245,1,0.5779542946472168,,
one_pass,adam,tuning,10000000,0,mlp-1,11,64,1921,0.00026826957952797245,2,0.5738607579040528,,
one_pass,adam,tuning,10000000,0,mlp-1,11,64,1921,0.00026826957952797245,3,0.5754341452636719,,
one_pass,adam,tuning,10000000,0,mlp-1,11,64,1921,0.00026826957952797245,4,0.5766806924133301,,
one_pass,adam,tuning,10000000,0,mlp-1,11,64,1921,0.00026826957952797245,5,0.576021125427246,,
one_pass,adam,tuning,10000000,0,mlp-1,11,64,1921,0.00026826957952797245,6,0.5748725610046387,,
one_pass,adam,tuning,10000000,0,mlp-1,11,64,1921,0.00026826957952797245,7,0.5773058400573731,,
one_pass,adam,tuning,10000000,0,mlp-1,11,64,1921,0.0007196856730011522,0,0.549280375,,
one_pass,adam,tuning,10000000,0,mlp-1,11,64,1921,0.0007196856730011522,1,0.547719477935791,,
one_pass,adam,tuning,10000000,0,mlp-1,11,64,1921,0.0007196856730011522,2,0.5480666917724609,,
one_pass,adam,tuning,10000000,0,mlp-1,11,64,1921,0.0007196856730011522,3,0.5490320170898437,,
one_pass,adam,tuning,10000000,0,mlp-1,11,64,1921,0.0007196856730011522,4,0.5477951629638672,,
one_pass,adam,tuning,10000000,0,mlp-1,11,64,1921,0.0007196856730011522,5,0.547993521484375,,
one_pass,adam,tuning,10000000,0,mlp-1,11,64,1921,0.0007196856730011522,6,0.5491334108276367,,
one_pass,adam,tuning,10000000,0,mlp-1,11,64,1921,0.0007196856730011522,7,0.5513355684204102,,
one_pass,adam,tuning,10000000,0,mlp-1,11,64,1921,0.0019306977288832496,0,0.532264169342041,,
one_pass,adam,tuning,10000000,0,mlp-1,11,64,1921,0.0019306977288832496,1,0.5311493056945801,,
one_pass,adam,tuning,10000000,0,mlp-1,11,64,1921,0.0019306977288832496,2,0.5301499468994141,,
one_pass,adam,tuning,10000000,0,mlp-1,11,64,1921,0.0019306977288832496,3,0.5313418737792969,,
one_pass,adam,tuning,10000000,0,mlp-1,11,64,1921,0.0019306977288832496,4,0.5326794399108886,,
one_pass,adam,tuning,10000000,0,mlp-1,11,64,1921,0.0019306977288832496,5,0.5302560352783203,,
one_pass,adam,tuning,10000000,0,mlp-1,11,64,1921,0.0019306977288832496,6,0.5317972983398438,,
one_pass,adam,tuning,10000000,0,mlp-1,11,64,1921,0.0019306977288832496,7,0.5325002747802734,,
one_pass,adam,tuning,10000000,0,mlp-1,11,64,1921,0.005179474679231213,0,0.5259698567504882,,
one_pass,adam,tuning,10000000,0,mlp-1,11,64,1921,0.005179474679231213,1,0.5269808889160156,,
one_pass,adam,tuning,10000000,0,mlp-1,11,64,1921,0.005179474679231213,2,0.5263411599121094,,
one_pass,adam,tuning,10000000,0,mlp-1,11,64,1921,0.005179474679231213,3,0.5272774177246093,,
one_pass,adam,tuning,10000000,0,mlp-1,11,64,1921,0.005179474679231213,4,0.5269177626342774,,
one_pass,adam,tuning,10000000,0,mlp-1,11,64,1921,0.005179474679231213,5,0.5276340243530273,,
one_pass,adam,tuning,10000000,0,mlp-1,11,64,1921,0.005179474679231213,6,0.5261166571044922,,
one_pass,adam,tuning,10000000,0,mlp-1,11,64,1921,0.005179474679231213,7,0.5275975036621093,,
one_pass,adam,tuning,10000000,0,mlp-1,11,64,1921,0.013894954943731374,0,0.5228495297241211,,
one_pass,adam,tuning,10000000,0,mlp-1,11,64,1921,0.013894954943731374,1,0.5249439731445312,,
one_pass,adam,tuning,10000000,0,mlp-1,11,64,1921,0.013894954943731374,2,0.5237868353271484,,
one_pass,adam,tuning,10000000,0,mlp-1,11,64,1921,0.013894954943731374,3,0.523281325592041,,
one_pass,adam,tuning,10000000,0,mlp-1,11,64,1921,0.013894954943731374,4,0.5226399273071289,,
one_pass,adam,tuning,10000000,0,mlp-1,11,64,1921,0.013894954943731374,5,0.524435740814209,,
one_pass,adam,tuning,10000000,0,mlp-1,11,64,1921,0.013894954943731374,6,0.5243945576782226,,
one_pass,adam,tuning,10000000,0,mlp-1,11,64,1921,0.013894954943731374,7,0.5259694104003906,,
one_pass,adam,tuning,10000000,0,mlp-1,11,64,1921,0.03727593720314938,0,0.5274442076416016,,
one_pass,adam,tuning,10000000,0,mlp-1,11,64,1921,0.03727593720314938,1,0.5264863309936524,,
one_pass,adam,tuning,10000000,0,mlp-1,11,64,1921,0.03727593720314938,2,0.5292385560302735,,
one_pass,adam,tuning,10000000,0,mlp-1,11,64,1921,0.03727593720314938,3,0.5296819297485351,,
one_pass,adam,tuning,10000000,0,mlp-1,11,64,1921,0.03727593720314938,4,0.5280418026733399,,
one_pass,adam,tuning,10000000,0,mlp-1,11,64,1921,0.03727593720314938,5,0.5279857285766602,,
one_pass,adam,tuning,10000000,0,mlp-1,11,64,1921,0.03727593720314938,6,0.5286592944946289,,
one_pass,adam,tuning,10000000,0,mlp-1,11,64,1921,0.03727593720314938,7,0.5314253788757324,,
one_pass,adam,tuning,10000000,0,mlp-1,11,64,1921,0.1,0,0.5472367424926757,,
one_pass,adam,tuning,10000000,0,mlp-1,11,64,1921,0.1,1,0.5425061560974122,,
one_pass,adam,tuning,10000000,0,mlp-1,11,64,1921,0.1,2,0.5467368750915528,,
one_pass,adam,tuning,10000000,0,mlp-1,11,64,1921,0.1,3,0.5471968041992188,,
one_pass,adam,tuning,10000000,0,mlp-1,11,64,1921,0.1,4,0.5406065522766114,,
one_pass,adam,tuning,10000000,0,mlp-1,11,64,1921,0.1,5,0.5419498490600586,,
one_pass,adam,tuning,10000000,0,mlp-1,11,64,1921,0.1,6,0.5396734799194336,,
one_pass,adam,tuning,10000000,0,mlp-1,11,64,1921,0.1,7,0.5424539553833008,,
one_pass,adam,tuning,10000000,0,mlp-2,11,31,1923,0.0001,0,0.5934574713439942,,
one_pass,adam,tuning,10000000,0,mlp-2,11,31,1923,0.0001,1,0.5943780505676269,,
one_pass,adam,tuning,10000000,0,mlp-2,11,31,1923,0.0001,2,0.5972746096801758,,
one_pass,adam,tuning,10000000,0,mlp-2,11,31,1923,0.0001,3,0.5931020796203613,,
one_pass,adam,tuning,10000000,0,mlp-2,11,31,1923,0.0001,4,0.5922607559509278,,
one_pass,adam,tuning,10000000,0,mlp-2,11,31,1923,0.0001,5,0.5891087899169922,,
one_pass,adam,tuning,10000000,0,mlp-2,11,31,1923,0.0001,6,0.5948203574523926,,
one_pass,adam,tuning,10000000,0,mlp-2,11,31,1923,0.0001,7,0.593292829498291,,
one_pass,adam,tuning,10000000,0,mlp-2,11,31,1923,0.00026826957952797245,0,0.556241975769043,,
one_pass,adam,tuning,10000000,0,mlp-2,11,31,1923,0.00026826957952797245,1,0.5572364513549805,,
one_pass,adam,tuning,10000000,0,mlp-2,11,31,1923,0.00026826957952797245,2,0.5563436026306152,,
one_pass,adam,tuning,10000000,0,mlp-2,11,31,1923,0.00026826957952797245,3,0.5579159074707031,,
one_pass,adam,tuning,10000000,0,mlp-2,11,31,1923,0.00026826957952797245,4,0.5527985024108887,,
one_pass,adam,tuning,10000000,0,mlp-2,11,31,1923,0.00026826957952797245,5,0.5543372697753907,,
one_pass,adam,tuning,10000000,0,mlp-2,11,31,1923,0.00026826957952797245,6,0.550748961151123,,
one_pass,adam,tuning,10000000,0,mlp-2,11,31,1923,0.00026826957952797245,7,0.5571356701049804,,
one_pass,adam,tuning,10000000,0,mlp-2,11,31,1923,0.0007196856730011522,0,0.5318766877136231,,
one_pass,adam,tuning,10000000,0,mlp-2,11,31,1923,0.0007196856730011522,1,0.5329792510986329,,
one_pass,adam,tuning,10000000,0,mlp-2,11,31,1923,0.0007196856730011522,2,0.5283739065551758,,
one_pass,adam,tuning,10000000,0,mlp-2,11,31,1923,0.0007196856730011522,3,0.5334780349121093,,
one_pass,adam,tuning,10000000,0,mlp-2,11,31,1923,0.0007196856730011522,4,0.533840934539795,,
one_pass,adam,tuning,10000000,0,mlp-2,11,31,1923,0.0007196856730011522,5,0.5319322222900391,,
one_pass,adam,tuning,10000000,0,mlp-2,11,31,1923,0.0007196856730011522,6,0.5289304821777344,,
one_pass,adam,tuning,10000000,0,mlp-2,11,31,1923,0.0007196856730011522,7,0.5332550787658692,,
one_pass,adam,tuning,10000000,0,mlp-2,11,31,1923,0.0019306977288832496,0,0.51990121585083,,
one_pass,adam,tuning,10000000,0,mlp-2,11,31,1923,0.0019306977288832496,1,0.5190743610229492,,
one_pass,adam,tuning,10000000,0,mlp-2,11,31,1923,0.0019306977288832496,2,0.5163126310729981,,
one_pass,adam,tuning,10000000,0,mlp-2,11,31,1923,0.0019306977288832496,3,0.5216277592163086,,
one_pass,adam,tuning,10000000,0,mlp-2,11,31,1923,0.0019306977288832496,4,0.5216816477966308,,
one_pass,adam,tuning,10000000,0,mlp-2,11,31,1923,0.0019306977288832496,5,0.5210104747314453,,
one_pass,adam,tuning,10000000,0,mlp-2,11,31,1923,0.0019306977288832496,6,0.5153058008422852,,
one_pass,adam,tuning,10000000,0,mlp-2,11,31,1923,0.0019306977288832496,7,0.5182171114501953,,
one_pass,adam,tuning,10000000,0,mlp-2,11,31,1923,0.005179474679231213,0,0.5129251340942382,,
one_pass,adam,tuning,10000000,0,mlp-2,11,31,1923,0.005179474679231213,1,0.5133641533203125,,
one_pass,adam,tuning,10000000,0,mlp-2,11,31,1923,0.005179474679231213,2,0.510651842376709,,
one_pass,adam,tuning,10000000,0,mlp-2,11,31,1923,0.005179474679231213,3,0.5140402620849609,,
one_pass,adam,tuning,10000000,0,mlp-2,11,31,1923,0.005179474679231213,4,0.5160197562866211,,
one_pass,adam,tuning,10000000,0,mlp-2,11,31,1923,0.005179474679231213,5,0.5145150940551758,,
one_pass,adam,tuning,10000000,0,mlp-2,11,31,1923,0.005179474679231213,6,0.5115849929504395,,
one_pass,adam,tuning,10000000,0,mlp-2,11,31,1923,0.005179474679231213,7,0.5116742428588867,,
one_pass,adam,tuning,10000000,0,mlp-2,11,31,1923,0.013894954943731374,0,0.5100928111572266,,
one_pass,adam,tuning,10000000,0,mlp-2,11,31,1923,0.013894954943731374,1,0.5093145546875,,
one_pass,adam,tuning,10000000,0,mlp-2,11,31,1923,0.013894954943731374,2,0.5085872495727539,,
one_pass,adam,tuning,10000000,0,mlp-2,11,31,1923,0.013894954943731374,3,0.5092623934326171,,
one_pass,adam,tuning,10000000,0,mlp-2,11,31,1923,0.013894954943731374,4,0.5117139743347168,,
one_pass,adam,tuning,10000000,0,mlp-2,11,31,1923,0.013894954943731374,5,0.5115388663024902,,
one_pass,adam,tuning,10000000,0,mlp-2,11,31,1923,0.013894954943731374,6,0.5108731356506347,,
one_pass,adam,tuning,10000000,0,mlp-2,11,31,1923,0.013894954943731374,7,0.509587990234375,,
one_pass,adam,tuning,10000000,0,mlp-2,11,31,1923,0.03727593720314938,0,0.5157397625732422,,
one_pass,adam,tuning,10000000,0,mlp-2,11,31,1923,0.03727593720314938,1,0.5174841969604492,,
one_pass,adam,tuning,10000000,0,mlp-2,11,31,1923,0.03727593720314938,2,0.5173365338745117,,
one_pass,adam,tuning,10000000,0,mlp-2,11,31,1923,0.03727593720314938,3,0.5196019233093262,,
one_pass,adam,tuning,10000000,0,mlp-2,11,31,1923,0.03727593720314938,4,0.5209800939331055,,
one_pass,adam,tuning,10000000,0,mlp-2,11,31,1923,0.03727593720314938,5,0.5185424541015625,,
one_pass,adam,tuning,10000000,0,mlp-2,11,31,1923,0.03727593720314938,6,0.5160582776489258,,
one_pass,adam,tuning,10000000,0,mlp-2,11,31,1923,0.03727593720314938,7,0.5176218819580078,,
one_pass,adam,tuning,10000000,0,mlp-2,11,31,1923,0.1,0,0.5355445397644043,,
one_pass,adam,tuning,10000000,0,mlp-2,11,31,1923,0.1,1,0.5372216965637207,,
one_pass,adam,tuning,10000000,0,mlp-2,11,31,1923,0.1,2,0.542411130493164,,
one_pass,adam,tuning,10000000,0,mlp-2,11,31,1923,0.1,3,0.5406791931152344,,
one_pass,adam,tuning,10000000,0,mlp-2,11,31,1923,0.1,4,0.5351277147216796,,
one_pass,adam,tuning,10000000,0,mlp-2,11,31,1923,0.1,5,0.5360207230834961,,
one_pass,adam,tuning,10000000,0,mlp-2,11,31,1923,0.1,6,0.534854337890625,,
one_pass,adam,tuning,10000000,0,mlp-2,11,31,1923,0.1,7,0.5353906362304688,,
one_pass,adam,tuning,10000000,0,mlp-3,11,24,1921,0.0001,0,0.5888616768798828,,
one_pass,adam,tuning,10000000,0,mlp-3,11,24,1921,0.0001,1,0.5876582390136719,,
one_pass,adam,tuning,10000000,0,mlp-3,11,24,1921,0.0001,2,0.5860427680664062,,
one_pass,adam,tuning,10000000,0,mlp-3,11,24,1921,0.0001,3,0.5916498073730468,,
one_pass,adam,tuning,10000000,0,mlp-3,11,24,1921,0.0001,4,0.5960737307434082,,
one_pass,adam,tuning,10000000,0,mlp-3,11,24,1921,0.0001,5,0.590216232635498,,
one_pass,adam,tuning,10000000,0,mlp-3,11,24,1921,0.0001,6,0.5854581577453614,,
one_pass,adam,tuning,10000000,0,mlp-3,11,24,1921,0.0001,7,0.5872061558837891,,
one_pass,adam,tuning,10000000,0,mlp-3,11,24,1921,0.00026826957952797245,0,0.550902013244629,,
one_pass,adam,tuning,10000000,0,mlp-3,11,24,1921,0.00026826957952797245,1,0.5517560467224121,,
one_pass,adam,tuning,10000000,0,mlp-3,11,24,1921,0.00026826957952797245,2,0.5457625008239746,,
one_pass,adam,tuning,10000000,0,mlp-3,11,24,1921,0.00026826957952797245,3,0.5507255474853515,,
one_pass,adam,tuning,10000000,0,mlp-3,11,24,1921,0.00026826957952797245,4,0.5534884275512695,,
one_pass,adam,tuning,10000000,0,mlp-3,11,24,1921,0.00026826957952797245,5,0.5524137514648437,,
one_pass,adam,tuning,10000000,0,mlp-3,11,24,1921,0.00026826957952797245,6,0.5491615167236328,,
one_pass,adam,tuning,10000000,0,mlp-3,11,24,1921,0.00026826957952797245,7,0.5519107937011719,,
one_pass,adam,tuning,10000000,0,mlp-3,11,24,1921,0.0007196856730011522,0,0.5299013157043457,,
one_pass,adam,tuning,10000000,0,mlp-3,11,24,1921,0.0007196856730011522,1,0.5310391713867187,,
one_pass,adam,tuning,10000000,0,mlp-3,11,24,1921,0.0007196856730011522,2,0.5305557393188477,,
one_pass,adam,tuning,10000000,0,mlp-3,11,24,1921,0.0007196856730011522,3,0.5304195233154297,,
one_pass,adam,tuning,10000000,0,mlp-3,11,24,1921,0.0007196856730011522,4,0.5299138563842773,,
one_pass,adam,tuning,10000000,0,mlp-3,11,24,1921,0.0007196856730011522,5,0.5316114621582031,,
one_pass,adam,tuning,10000000,0,mlp-3,11,24,1921,0.0007196856730011522,6,0.5298107717895508,,
one_pass,adam,tuning,10000000,0,mlp-3,11,24,1921,0.0007196856730011522,7,0.5327907368164062,,
one_pass,adam,tuning,10000000,0,mlp-3,11,24,1921,0.0019306977288832496,0,0.518939013305664,,
one_pass,adam,tuning,10000000,0,mlp-3,11,24,1921,0.0019306977288832496,1,0.5185511310119629,,
one_pass,adam,tuning,10000000,0,mlp-3,11,24,1921,0.0019306977288832496,2,0.5209356907958984,,
one_pass,adam,tuning,10000000,0,mlp-3,11,24,1921,0.0019306977288832496,3,0.5220961611328125,,
one_pass,adam,tuning,10000000,0,mlp-3,11,24,1921,0.0019306977288832496,4,0.5173711537475586,,
one_pass,adam,tuning,10000000,0,mlp-3,11,24,1921,0.0019306977288832496,5,0.5172691455688476,,
one_pass,adam,tuning,10000000,0,mlp-3,11,24,1921,0.0019306977288832496,6,0.5180481724243164,,
one_pass,adam,tuning,10000000,0,mlp-3,11,24,1921,0.0019306977288832496,7,0.5223986135864258,,
one_pass,adam,tuning,10000000,0,mlp-3,11,24,1921,0.005179474679231213,0,0.5127989901733399,,
one_pass,adam,tuning,10000000,0,mlp-3,11,24,1921,0.005179474679231213,1,0.5131021667785645,,
one_pass,adam,tuning,10000000,0,mlp-3,11,24,1921,0.005179474679231213,2,0.5158822841186523,,
one_pass,adam,tuning,10000000,0,mlp-3,11,24,1921,0.005179474679231213,3,0.5149789053344727,,
one_pass,adam,tuning,10000000,0,mlp-3,11,24,1921,0.005179474679231213,4,0.5129160866699218,,
one_pass,adam,tuning,10000000,0,mlp-3,11,24,1921,0.005179474679231213,5,0.5122040571899414,,
one_pass,adam,tuning,10000000,0,mlp-3,11,24,1921,0.005179474679231213,6,0.5155457689208984,,
one_pass,adam,tuning,10000000,0,mlp-3,11,24,1921,0.005179474679231213,7,0.5146034907531738,,
one_pass,adam,tuning,10000000,0,mlp-3,11,24,1921,0.013894954943731374,0,0.5135101064453125,,
one_pass,adam,tuning,10000000,0,mlp-3,11,24,1921,0.013894954943731374,1,0.5116147087097168,,
one_pass,adam,tuning,10000000,0,mlp-3,11,24,1921,0.013894954943731374,2,0.513243165222168,,
one_pass,adam,tuning,10000000,0,mlp-3,11,24,1921,0.013894954943731374,3,0.5138988303222656,,
one_pass,adam,tuning,10000000,0,mlp-3,11,24,1921,0.013894954943731374,4,0.5122400816955567,,
one_pass,adam,tuning,10000000,0,mlp-3,11,24,1921,0.013894954943731374,5,0.515422064453125,,
one_pass,adam,tuning,10000000,0,mlp-3,11,24,1921,0.013894954943731374,6,0.5118960639038086,,
one_pass,adam,tuning,10000000,0,mlp-3,11,24,1921,0.013894954943731374,7,0.5133511224060059,,
one_pass,adam,tuning,10000000,0,mlp-3,11,24,1921,0.03727593720314938,0,0.517356748260498,,
one_pass,adam,tuning,10000000,0,mlp-3,11,24,1921,0.03727593720314938,1,0.5159805297851563,,
one_pass,adam,tuning,10000000,0,mlp-3,11,24,1921,0.03727593720314938,2,0.5203047541503907,,
one_pass,adam,tuning,10000000,0,mlp-3,11,24,1921,0.03727593720314938,3,0.5206303801574707,,
one_pass,adam,tuning,10000000,0,mlp-3,11,24,1921,0.03727593720314938,4,0.5184524616088867,,
one_pass,adam,tuning,10000000,0,mlp-3,11,24,1921,0.03727593720314938,5,0.520557311126709,,
one_pass,adam,tuning,10000000,0,mlp-3,11,24,1921,0.03727593720314938,6,0.5193400873107911,,
one_pass,adam,tuning,10000000,0,mlp-3,11,24,1921,0.03727593720314938,7,0.5189025078125,,
one_pass,adam,tuning,10000000,0,mlp-3,11,24,1921,0.1,0,0.5363432636108398,,
one_pass,adam,tuning,10000000,0,mlp-3,11,24,1921,0.1,1,0.5343624194030762,,
one_pass,adam,tuning,10000000,0,mlp-3,11,24,1921,0.1,2,0.53894595211792,,
one_pass,adam,tuning,10000000,0,mlp-3,11,24,1921,0.1,3,0.6914236147460937,,
one_pass,adam,tuning,10000000,0,mlp-3,11,24,1921,0.1,4,0.5386169738464356,,
one_pass,adam,tuning,10000000,0,mlp-3,11,24,1921,0.1,5,0.5360713181457519,,
one_pass,adam,tuning,10000000,0,mlp-3,11,24,1921,0.1,6,0.5429746045532227,,
one_pass,adam,tuning,10000000,0,mlp-3,11,24,1921,0.1,7,0.5411739688415528,,
one_pass,adam,tuning,10000000,0,spectral,11,0,1914,0.0001,0,0.6274958463134765,,
one_pass,adam,tuning,10000000,0,spectral,11,0,1914,0.0001,1,0.6263913377075195,,
one_pass,adam,tuning,10000000,0,spectral,11,0,1914,0.0001,2,0.6242185538635254,,
one_pass,adam,tuning,10000000,0,spectral,11,0,1914,0.0001,3,0.6254175861816407,,
one_pass,adam,tuning,10000000,0,spectral,11,0,1914,0.0001,4,0.6233523134765625,,
one_pass,adam,tuning,10000000,0,spectral,11,0,1914,0.0001,5,0.6303735883789062,,
one_pass,adam,tuning,10000000,0,spectral,11,0,1914,0.0001,6,0.6283586683044433,,
one_pass,adam,tuning,10000000,0,spectral,11,0,1914,0.0001,7,0.6273545488891602,,
one_pass,adam,tuning,10000000,0,spectral,11,0,1914,0.00026826957952797245,0,0.5832409996337891,,
one_pass,adam,tuning,10000000,0,spectral,11,0,1914,0.00026826957952797245,1,0.5862364926757813,,
one_pass,adam,tuning,10000000,0,spectral,11,0,1914,0.00026826957952797245,2,0.5843033616943359,,
one_pass,adam,tuning,10000000,0,spectral,11,0,1914,0.00026826957952797245,3,0.584660438079834,,
one_pass,adam,tuning,10000000,0,spectral,11,0,1914,0.00026826957952797245,4,0.58050487109375,,
one_pass,adam,tuning,10000000,0,spectral,11,0,1914,0.00026826957952797245,5,0.5879254506225586,,
one_pass,adam,tuning,10000000,0,spectral,11,0,1914,0.00026826957952797245,6,0.5867022185363769,,
one_pass,adam,tuning,10000000,0,spectral,11,0,1914,0.00026826957952797245,7,0.5878366369628907,,
one_pass,adam,tuning,10000000,0,spectral,11,0,1914,0.0007196856730011522,0,0.5547579566345214,,
one_pass,adam,tuning,10000000,0,spectral,11,0,1914,0.0007196856730011522,1,0.5581060893554688,,
one_pass,adam,tuning,10000000,0,spectral,11,0,1914,0.0007196856730011522,2,0.5546633175964355,,
one_pass,adam,tuning,10000000,0,spectral,11,0,1914,0.0007196856730011522,3,0.5528896932678222,,
one_pass,adam,tuning,10000000,0,spectral,11,0,1914,0.0007196856730011522,4,0.5525460651855468,,
one_pass,adam,tuning,10000000,0,spectral,11,0,1914,0.0007196856730011522,5,0.5535919107971191,,
one_pass,adam,tuning,10000000,0,spectral,11,0,1914,0.0007196856730011522,6,0.5567233102111816,,
one_pass,adam,tuning,10000000,0,spectral,11,0,1914,0.0007196856730011522,7,0.5559528455505371,,
one_pass,adam,tuning,10000000,0,spectral,11,0,1914,0.0019306977288832496,0,0.5411673779296875,,
one_pass,adam,tuning,10000000,0,spectral,11,0,1914,0.0019306977288832496,1,0.5437793333740234,,
one_pass,adam,tuning,10000000,0,spectral,11,0,1914,0.0019306977288832496,2,0.5401921829833984,,
one_pass,adam,tuning,10000000,0,spectral,11,0,1914,0.0019306977288832496,3,0.5362112783813476,,
one_pass,adam,tuning,10000000,0,spectral,11,0,1914,0.0019306977288832496,4,0.5376504808349609,,
one_pass,adam,tuning,10000000,0,spectral,11,0,1914,0.0019306977288832496,5,0.5374524128417969,,
one_pass,adam,tuning,10000000,0,spectral,11,0,1914,0.0019306977288832496,6,0.5379420961914062,,
one_pass,adam,tuning,10000000,0,spectral,11,0,1914,0.0019306977288832496,7,0.5398959174804687,,
one_pass,adam,tuning,10000000,0,spectral,11,0,1914,0.005179474679231213,0,0.5320848070983887,,
one_pass,adam,tuning,10000000,0,spectral,11,0,1914,0.005179474679231213,1,0.5354322497558593,,
one_pass,adam,tuning,10000000,0,spectral,11,0,1914,0.005179474679231213,2,0.5352574016113282,,
one_pass,adam,tuning,10000000,0,spectral,11,0,1914,0.005179474679231213,3,0.530985324005127,,
one_pass,adam,tuning,10000000,0,spectral,11,0,1914,0.005179474679231213,4,0.5333563923950195,,
one_pass,adam,tuning,10000000,0,spectral,11,0,1914,0.005179474679231213,5,0.5314731899414062,,
one_pass,adam,tuning,10000000,0,spectral,11,0,1914,0.005179474679231213,6,0.5320583156433105,,
one_pass,adam,tuning,10000000,0,spectral,11,0,1914,0.005179474679231213,7,0.5320854010620117,,
one_pass,adam,tuning,10000000,0,spectral,11,0,1914,0.013894954943731374,0,0.534225275390625,,
one_pass,adam,tuning,10000000,0,spectral,11,0,1914,0.013894954943731374,1,0.5306127606811524,,
one_pass,adam,tuning,10000000,0,spectral,11,0,1914,0.013894954943731374,2,0.5300942942810059,,
one_pass,adam,tuning,10000000,0,spectral,11,0,1914,0.013894954943731374,3,0.5312280344238282,,
one_pass,adam,tuning,10000000,0,spectral,11,0,1914,0.013894954943731374,4,0.5348460179138184,,
one_pass,adam,tuning,10000000,0,spectral,11,0,1914,0.013894954943731374,5,0.5306380125732422,,
one_pass,adam,tuning,10000000,0,spectral,11,0,1914,0.013894954943731374,6,0.5324985489501953,,
one_pass,adam,tuning,10000000,0,spectral,11,0,1914,0.013894954943731374,7,0.5314891813354492,,
one_pass,adam,tuning,10000000,0,spectral,11,0,1914,0.03727593720314938,0,0.5369673217773437,,
one_pass,adam,tuning,10000000,0,spectral,11,0,1914,0.03727593720314938,1,0.5388100260314942,,
one_pass,adam,tuning,10000000,0,spectral,11,0,1914,0.03727593720314938,2,0.5379921463928222,,
one_pass,adam,tuning,10000000,0,spectral,11,0,1914,0.03727593720314938,3,0.5374491200256347,,
one_pass,adam,tuning,10000000,0,spectral,11,0,1914,0.03727593720314938,4,0.5379931434020996,,
one_pass,adam,tuning,10000000,0,spectral,11,0,1914,0.03727593720314938,5,0.5373522346191406,,
one_pass,adam,tuning,10000000,0,spectral,11,0,1914,0.03727593720314938,6,0.5371826106872558,,
one_pass,adam,tuning,10000000,0,spectral,11,0,1914,0.03727593720314938,7,0.5381973079223633,,
one_pass,adam,tuning,10000000,0,spectral,11,0,1914,0.1,0,0.5397719945983886,,
one_pass,adam,tuning,10000000,0,spectral,11,0,1914,0.1,1,0.5332436072998047,,
one_pass,adam,tuning,10000000,0,spectral,11,0,1914,0.1,2,0.5429257950134277,,
one_pass,adam,tuning,10000000,0,spectral,11,0,1914,0.1,3,0.5386411309814453,,
one_pass,adam,tuning,10000000,0,spectral,11,0,1914,0.1,4,0.5451974605102539,,
one_pass,adam,tuning,10000000,0,spectral,11,0,1914,0.1,5,0.5385450907287598,,
one_pass,adam,tuning,10000000,0,spectral,11,0,1914,0.1,6,0.539047559387207,,
one_pass,adam,tuning,10000000,0,spectral,11,0,1914,0.1,7,0.5397867242126465,,
one_pass,adam,evaluation,4096,1,linear,0,0,29,0.0019306977288832496,2,,0.7268387433471679,0.26535044618225095
one_pass,adam,evaluation,16384,1,linear,0,0,29,0.0019306977288832496,2,,0.7221900366210937,0.26329401763916016
one_pass,adam,evaluation,65536,1,linear,0,0,29,0.0019306977288832496,2,,0.7058718499450684,0.2558822218475342
one_pass,adam,evaluation,262144,1,linear,0,0,29,0.0019306977288832496,2,,0.6699730416564942,0.23867505104064943
one_pass,adam,evaluation,1048576,1,linear,0,0,29,0.0019306977288832496,2,,0.6445545650939941,0.2268620472869873
one_pass,adam,evaluation,4194304,1,linear,0,0,29,0.0019306977288832496,2,,0.6379337636108399,0.22335896742248534
one_pass,adam,evaluation,8388608,1,linear,0,0,29,0.0019306977288832496,2,,0.6377764440307617,0.22311935536193847
one_pass,adam,evaluation,10000000,1,linear,0,0,29,0.0019306977288832496,2,,0.6378298184509278,0.22315811283874512
one_pass,adam,evaluation,4096,1,linear,0,0,29,0.0019306977288832496,3,,0.7185296680908203,0.2603400980834961
one_pass,adam,evaluation,16384,1,linear,0,0,29,0.0019306977288832496,3,,0.7150246484069824,0.2589044100036621
one_pass,adam,evaluation,65536,1,linear,0,0,29,0.0019306977288832496,3,,0.7023884515380859,0.25358638432312014
one_pass,adam,evaluation,262144,1,linear,0,0,29,0.0019306977288832496,3,,0.6728949529418945,0.24018730979919434
one_pass,adam,evaluation,1048576,1,linear,0,0,29,0.0019306977288832496,3,,0.6450036600952148,0.22700949389648437
one_pass,adam,evaluation,4194304,1,linear,0,0,29,0.0019306977288832496,3,,0.6379545308227539,0.22337932916259765
one_pass,adam,evaluation,8388608,1,linear,0,0,29,0.0019306977288832496,3,,0.6377799721374512,0.22312118383789062
one_pass,adam,evaluation,10000000,1,linear,0,0,29,0.0019306977288832496,3,,0.6378347400512695,0.22316211465454103
one_pass,adam,evaluation,4096,1,linear,0,0,29,0.0019306977288832496,4,,0.7468739160461426,0.2736915389404297
one_pass,adam,evaluation,16384,1,linear,0,0,29,0.0019306977288832496,4,,0.741518629699707,0.2715444346923828
one_pass,adam,evaluation,65536,1,linear,0,0,29,0.0019306977288832496,4,,0.7228333503417969,0.26362125196838376
one_pass,adam,evaluation,262144,1,linear,0,0,29,0.0019306977288832496,4,,0.6804065914001465,0.2437555565032959
one_pass,adam,evaluation,1048576,1,linear,0,0,29,0.0019306977288832496,4,,0.6491048915405273,0.22894299336242677
one_pass,adam,evaluation,4194304,1,linear,0,0,29,0.0019306977288832496,4,,0.6387425022888183,0.22398305131530763
one_pass,adam,evaluation,8388608,1,linear,0,0,29,0.0019306977288832496,4,,0.6377724375915528,0.22317160163879393
one_pass,adam,evaluation,10000000,1,linear,0,0,29,0.0019306977288832496,4,,0.6378256192016601,0.2231758070373535
one_pass,adam,evaluation,4096,2,linear,0,0,29,0.0019306977288832496,2,,0.7268741641845703,0.26536504287719725
one_pass,adam,evaluation,16384,2,linear,0,0,29,0.0019306977288832496,2,,0.7221979891967774,0.2632938477783203
one_pass,adam,evaluation,65536,2,linear,0,0,29,0.0019306977288832496,2,,0.7060942716064453,0.25597972259521484
one_pass,adam,evaluation,262144,2,linear,0,0,29,0.0019306977288832496,2,,0.6699841139526367,0.23868116339111328
one_pass,adam,evaluation,1048576,2,linear,0,0,29,0.0019306977288832496,2,,0.6446407596435547,0.22689844819641114
one_pass,adam,evaluation,4194304,2,linear,0,0,29,0.0019306977288832496,2,,0.637849998413086,0.22329614109802245
one_pass,adam,evaluation,8388608,2,linear,0,0,29,0.0019306977288832496,2,,0.6378507364196777,0.22315096102905274
one_pass,adam,evaluation,10000000,2,linear,0,0,29,0.0019306977288832496,2,,0.6378722794189453,0.22314396409606935
one_pass,adam,evaluation,4096,2,linear,0,0,29,0.0019306977288832496,3,,0.7184412916259766,0.260322854888916
one_pass,adam,evaluation,16384,2,linear,0,0,29,0.0019306977288832496,3,,0.7148776286926269,0.25886681558227537
one_pass,adam,evaluation,65536,2,linear,0,0,29,0.0019306977288832496,3,,0.7023819659118652,0.2536072817077637
one_pass,adam,evaluation,262144,2,linear,0,0,29,0.0019306977288832496,3,,0.6729099052734375,0.2401991527862549
one_pass,adam,evaluation,1048576,2,linear,0,0,29,0.0019306977288832496,3,,0.6451343584594726,0.22708065197753907
one_pass,adam,evaluation,4194304,2,linear,0,0,29,0.0019306977288832496,3,,0.6378890088500977,0.22333542904663087
one_pass,adam,evaluation,8388608,2,linear,0,0,29,0.0019306977288832496,3,,0.6378531726074219,0.2231540146484375
one_pass,adam,evaluation,10000000,2,linear,0,0,29,0.0019306977288832496,3,,0.6378705455627441,0.2231442914276123
one_pass,adam,evaluation,4096,2,linear,0,0,29,0.0019306977288832496,4,,0.7468761084289551,0.273689548828125
one_pass,adam,evaluation,16384,2,linear,0,0,29,0.0019306977288832496,4,,0.7414974138793945,0.27151773738098145
one_pass,adam,evaluation,65536,2,linear,0,0,29,0.0019306977288832496,4,,0.7226659787597656,0.26353608418273927
one_pass,adam,evaluation,262144,2,linear,0,0,29,0.0019306977288832496,4,,0.6802534073486328,0.24368200189208986
one_pass,adam,evaluation,1048576,2,linear,0,0,29,0.0019306977288832496,4,,0.6492342320861817,0.22901160424804687
one_pass,adam,evaluation,4194304,2,linear,0,0,29,0.0019306977288832496,4,,0.6386610521240235,0.22394193754577638
one_pass,adam,evaluation,8388608,2,linear,0,0,29,0.0019306977288832496,4,,0.6378521112060547,0.2232055571899414
one_pass,adam,evaluation,10000000,2,linear,0,0,29,0.0019306977288832496,4,,0.637864426361084,0.22316076358032227
one_pass,adam,evaluation,4096,1,mlp-1,3,6,181,0.013894954943731374,2,,0.7013380335083008,0.254046707824707
one_pass,adam,evaluation,16384,1,mlp-1,3,6,181,0.013894954943731374,2,,0.6862643942260742,0.24660107382202148
one_pass,adam,evaluation,65536,1,mlp-1,3,6,181,0.013894954943731374,2,,0.6545163123779297,0.23160520783996583
one_pass,adam,evaluation,262144,1,mlp-1,3,6,181,0.013894954943731374,2,,0.6211025986328125,0.2158382578048706
one_pass,adam,evaluation,1048576,1,mlp-1,3,6,181,0.013894954943731374,2,,0.5924310527954102,0.20271632259368896
one_pass,adam,evaluation,4194304,1,mlp-1,3,6,181,0.013894954943731374,2,,0.5812660892333984,0.19788922616577148
one_pass,adam,evaluation,8388608,1,mlp-1,3,6,181,0.013894954943731374,2,,0.5798198428344726,0.19751652626037597
one_pass,adam,evaluation,10000000,1,mlp-1,3,6,181,0.013894954943731374,2,,0.5793867811889648,0.19707684411621093
one_pass,adam,evaluation,4096,1,mlp-1,3,6,181,0.013894954943731374,3,,0.7024750603332519,0.2544427618408203
one_pass,adam,evaluation,16384,1,mlp-1,3,6,181,0.013894954943731374,3,,0.6900818394165039,0.2484765227050781
one_pass,adam,evaluation,65536,1,mlp-1,3,6,181,0.013894954943731374,3,,0.6609714957580567,0.23452265434265138
one_pass,adam,evaluation,262144,1,mlp-1,3,6,181,0.013894954943731374,3,,0.619669463684082,0.21516951546478272
one_pass,adam,evaluation,1048576,1,mlp-1,3,6,181,0.013894954943731374,3,,0.5906292035217285,0.20221277976989746
one_pass,adam,evaluation,4194304,1,mlp-1,3,6,181,0.013894954943731374,3,,0.5743998772583008,0.1952756775894165
one_pass,adam,evaluation,8388608,1,mlp-1,3,6,181,0.013894954943731374,3,,0.5742023055725097,0.19535340142822266
one_pass,adam,evaluation,10000000,1,mlp-1,3,6,181,0.013894954943731374,3,,0.5738008784790039,0.19518693469238282
one_pass,adam,evaluation,4096,1,mlp-1,3,6,181,0.013894954943731374,4,,0.6907047040710449,0.24876527716064453
one_pass,adam,evaluation,16384,1,mlp-1,3,6,181,0.013894954943731374,4,,0.6843553686828613,0.24564350340270996
one_pass,adam,evaluation,65536,1,mlp-1,3,6,181,0.013894954943731374,4,,0.6571127947387695,0.2327022505645752
one_pass,adam,evaluation,262144,1,mlp-1,3,6,181,0.013894954943731374,4,,0.6173481436157227,0.2142205693130493
one_pass,adam,evaluation,1048576,1,mlp-1,3,6,181,0.013894954943731374,4,,0.5819370199584961,0.19843107025146484
one_pass,adam,evaluation,4194304,1,mlp-1,3,6,181,0.013894954943731374,4,,0.5764696707153321,0.19598657473754882
one_pass,adam,evaluation,8388608,1,mlp-1,3,6,181,0.013894954943731374,4,,0.5759517384643554,0.19599264651489257
one_pass,adam,evaluation,10000000,1,mlp-1,3,6,181,0.013894954943731374,4,,0.5756466791381836,0.1958482976989746
one_pass,adam,evaluation,4096,2,mlp-1,3,6,181,0.013894954943731374,2,,0.7014834906616211,0.2541138598937988
one_pass,adam,evaluation,16384,2,mlp-1,3,6,181,0.013894954943731374,2,,0.6849987883605957,0.2459787836303711
one_pass,adam,evaluation,65536,2,mlp-1,3,6,181,0.013894954943731374,2,,0.6535052936401368,0.23112650033569335
one_pass,adam,evaluation,262144,2,mlp-1,3,6,181,0.013894954943731374,2,,0.6199067455444336,0.2153140652923584
one_pass,adam,evaluation,1048576,2,mlp-1,3,6,181,0.013894954943731374,2,,0.5925261578979493,0.20240704523468017
one_pass,adam,evaluation,4194304,2,mlp-1,3,6,181,0.013894954943731374,2,,0.5842065023498535,0.1984299628753662
one_pass,adam,evaluation,8388608,2,mlp-1,3,6,181,0.013894954943731374,2,,0.5808613810119629,0.19747252016448974
one_pass,adam,evaluation,10000000,2,mlp-1,3,6,181,0.013894954943731374,2,,0.5797049056396484,0.19736575621795655
one_pass,adam,evaluation,4096,2,mlp-1,3,6,181,0.013894954943731374,3,,0.7023598241577148,0.2543899851989746
one_pass,adam,evaluation,16384,2,mlp-1,3,6,181,0.013894954943731374,3,,0.6894381619262695,0.24815388452148437
one_pass,adam,evaluation,65536,2,mlp-1,3,6,181,0.013894954943731374,3,,0.6606579536132813,0.23433438653564453
one_pass,adam,evaluation,262144,2,mlp-1,3,6,181,0.013894954943731374,3,,0.620458337310791,0.2155619496154785
one_pass,adam,evaluation,1048576,2,mlp-1,3,6,181,0.013894954943731374,3,,0.5864404432373047,0.2002796637802124
one_pass,adam,evaluation,4194304,2,mlp-1,3,6,181,0.013894954943731374,3,,0.5750005090637207,0.19553855305480958
one_pass,adam,evaluation,8388608,2,mlp-1,3,6,181,0.013894954943731374,3,,0.5748270737304687,0.19549958770751952
one_pass,adam,evaluation,10000000,2,mlp-1,3,6,181,0.013894954943731374,3,,0.5738886388549804,0.19515811156463622
one_pass,adam,evaluation,4096,2,mlp-1,3,6,181,0.013894954943731374,4,,0.6907624216613769,0.24879360916137697
one_pass,adam,evaluation,16384,2,mlp-1,3,6,181,0.013894954943731374,4,,0.6845114696044922,0.24571914527893066
one_pass,adam,evaluation,65536,2,mlp-1,3,6,181,0.013894954943731374,4,,0.6604409548339844,0.23425957264709474
one_pass,adam,evaluation,262144,2,mlp-1,3,6,181,0.013894954943731374,4,,0.6199643495483399,0.21558282612609864
one_pass,adam,evaluation,1048576,2,mlp-1,3,6,181,0.013894954943731374,4,,0.5819220668029785,0.1981200545654297
one_pass,adam,evaluation,4194304,2,mlp-1,3,6,181,0.013894954943731374,4,,0.5771394645690918,0.19616569076538085
one_pass,adam,evaluation,8388608,2,mlp-1,3,6,181,0.013894954943731374,4,,0.5765696302490234,0.1959088645401001
one_pass,adam,evaluation,10000000,2,mlp-1,3,6,181,0.013894954943731374,4,,0.5766798261108398,0.19600458094787598
one_pass,adam,evaluation,4096,1,mlp-1,7,27,811,0.013894954943731374,2,,0.6844056597290039,0.24567311019897461
one_pass,adam,evaluation,16384,1,mlp-1,7,27,811,0.013894954943731374,2,,0.6683782296752929,0.23793552917480468
one_pass,adam,evaluation,65536,1,mlp-1,7,27,811,0.013894954943731374,2,,0.6349572946472168,0.2224660883178711
one_pass,adam,evaluation,262144,1,mlp-1,7,27,811,0.013894954943731374,2,,0.5964935192871094,0.20437643845367431
one_pass,adam,evaluation,1048576,1,mlp-1,7,27,811,0.013894954943731374,2,,0.5603876847534179,0.18980172772216797
one_pass,adam,evaluation,4194304,1,mlp-1,7,27,811,0.013894954943731374,2,,0.5415593068237304,0.1824521469116211
one_pass,adam,evaluation,8388608,1,mlp-1,7,27,811,0.013894954943731374,2,,0.5344787370300293,0.1795726042175293
one_pass,adam,evaluation,10000000,1,mlp-1,7,27,811,0.013894954943731374,2,,0.5356726345825196,0.18006886015319823
one_pass,adam,evaluation,4096,1,mlp-1,7,27,811,0.013894954943731374,3,,0.6852271591186524,0.2460444120788574
one_pass,adam,evaluation,16384,1,mlp-1,7,27,811,0.013894954943731374,3,,0.6702276205749512,0.2388633379211426
one_pass,adam,evaluation,65536,1,mlp-1,7,27,811,0.013894954943731374,3,,0.6339863912963867,0.2216617302246094
one_pass,adam,evaluation,262144,1,mlp-1,7,27,811,0.013894954943731374,3,,0.5963583440551757,0.20449177422332765
one_pass,adam,evaluation,1048576,1,mlp-1,7,27,811,0.013894954943731374,3,,0.5654575462646484,0.19170578018188478
one_pass,adam,evaluation,4194304,1,mlp-1,7,27,811,0.013894954943731374,3,,0.5415498739624024,0.1824313045425415
one_pass,adam,evaluation,8388608,1,mlp-1,7,27,811,0.013894954943731374,3,,0.5348438306884765,0.1798117558746338
one_pass,adam,evaluation,10000000,1,mlp-1,7,27,811,0.013894954943731374,3,,0.5350553276367187,0.17985511973571777
one_pass,adam,evaluation,4096,1,mlp-1,7,27,811,0.013894954943731374,4,,0.68506664453125,0.24602565948486327
one_pass,adam,evaluation,16384,1,mlp-1,7,27,811,0.013894954943731374,4,,0.6669387390441894,0.23735646920776368
one_pass,adam,evaluation,65536,1,mlp-1,7,27,811,0.013894954943731374,4,,0.6347965098876953,0.22207673762512206
one_pass,adam,evaluation,262144,1,mlp-1,7,27,811,0.013894954943731374,4,,0.6040859285888672,0.20776383169555665
one_pass,adam,evaluation,1048576,1,mlp-1,7,27,811,0.013894954943731374,4,,0.5624060042724609,0.190492593170166
one_pass,adam,evaluation,4194304,1,mlp-1,7,27,811,0.013894954943731374,4,,0.5441973588867187,0.18343204557800294
one_pass,adam,evaluation,8388608,1,mlp-1,7,27,811,0.013894954943731374,4,,0.5388239581298828,0.1812521990661621
one_pass,adam,evaluation,10000000,1,mlp-1,7,27,811,0.013894954943731374,4,,0.5390893330993652,0.18142742440795898
one_pass,adam,evaluation,4096,2,mlp-1,7,27,811,0.013894954943731374,2,,0.68437025,0.24565565170288087
one_pass,adam,evaluation,16384,2,mlp-1,7,27,811,0.013894954943731374,2,,0.6688347186279296,0.2381634397277832
one_pass,adam,evaluation,65536,2,mlp-1,7,27,811,0.013894954943731374,2,,0.6343821893310547,0.22227481198120116
one_pass,adam,evaluation,262144,2,mlp-1,7,27,811,0.013894954943731374,2,,0.5978094592285156,0.20514969639587402
one_pass,adam,evaluation,1048576,2,mlp-1,7,27,811,0.013894954943731374,2,,0.5612708038024903,0.18990250746154785
one_pass,adam,evaluation,4194304,2,mlp-1,7,27,811,0.013894954943731374,2,,0.5454544381408691,0.1838385185623169
one_pass,adam,evaluation,8388608,2,mlp-1,7,27,811,0.013894954943731374,2,,0.5411020365905762,0.18209502938842773
one_pass,adam,evaluation,10000000,2,mlp-1,7,27,811,0.013894954943731374,2,,0.5361531338500977,0.18026134995269774
one_pass,adam,evaluation,4096,2,mlp-1,7,27,811,0.013894954943731374,3,,0.6852464701538086,0.24606323860168458
one_pass,adam,evaluation,16384,2,mlp-1,7,27,811,0.013894954943731374,3,,0.6699767825317383,0.23873339820861816
one_pass,adam,evaluation,65536,2,mlp-1,7,27,811,0.013894954943731374,3,,0.6347836354980468,0.22202265995788575
one_pass,adam,evaluation,262144,2,mlp-1,7,27,811,0.013894954943731374,3,,0.5962864125366211,0.2045024481201172
one_pass,adam,evaluation,1048576,2,mlp-1,7,27,811,0.013894954943731374,3,,0.558212911743164,0.1885833478164673
one_pass,adam,evaluation,4194304,2,mlp-1,7,27,811,0.013894954943731374,3,,0.5428278018798828,0.18272642085266114
one_pass,adam,evaluation,8388608,2,mlp-1,7,27,811,0.013894954943731374,3,,0.5367477764587403,0.18054123665618896
one_pass,adam,evaluation,10000000,2,mlp-1,7,27,811,0.013894954943731374,3,,0.5342097623901367,0.1795774214630127
one_pass,adam,evaluation,4096,2,mlp-1,7,27,811,0.013894954943731374,4,,0.6848138798828125,0.24590327349853516
one_pass,adam,evaluation,16384,2,mlp-1,7,27,811,0.013894954943731374,4,,0.665657062713623,0.23672988188171387
one_pass,adam,evaluation,65536,2,mlp-1,7,27,811,0.013894954943731374,4,,0.6351721081542969,0.2222549996948242
one_pass,adam,evaluation,262144,2,mlp-1,7,27,811,0.013894954943731374,4,,0.6026697765808106,0.20723583805847168
one_pass,adam,evaluation,1048576,2,mlp-1,7,27,811,0.013894954943731374,4,,0.5613761237182617,0.18992502471160888
one_pass,adam,evaluation,4194304,2,mlp-1,7,27,811,0.013894954943731374,4,,0.5484344121704101,0.1846129256744385
one_pass,adam,evaluation,8388608,2,mlp-1,7,27,811,0.013894954943731374,4,,0.539498654296875,0.1815218347930908
one_pass,adam,evaluation,10000000,2,mlp-1,7,27,811,0.013894954943731374,4,,0.5370750726928711,0.18060127494049072
one_pass,adam,evaluation,4096,1,mlp-1,11,64,1921,0.013894954943731374,2,,0.6795391253051758,0.24328613847351074
one_pass,adam,evaluation,16384,1,mlp-1,11,64,1921,0.013894954943731374,2,,0.6574712353515625,0.23287030667114259
one_pass,adam,evaluation,65536,1,mlp-1,11,64,1921,0.013894954943731374,2,,0.6269971848144531,0.21791814721679686
one_pass,adam,evaluation,262144,1,mlp-1,11,64,1921,0.013894954943731374,2,,0.5912053503723145,0.20237205801391603
one_pass,adam,evaluation,1048576,1,mlp-1,11,64,1921,0.013894954943731374,2,,0.5504576680908203,0.1857876944580078
one_pass,adam,evaluation,4194304,1,mlp-1,11,64,1921,0.013894954943731374,2,,0.5312560149230957,0.1785545192718506
one_pass,adam,evaluation,8388608,1,mlp-1,11,64,1921,0.013894954943731374,2,,0.5226208939208984,0.17505442214202882
one_pass,adam,evaluation,10000000,1,mlp-1,11,64,1921,0.013894954943731374,2,,0.5258910405883789,0.17634283025360106
one_pass,adam,evaluation,4096,1,mlp-1,11,64,1921,0.013894954943731374,3,,0.683819980895996,0.24540248306274415
one_pass,adam,evaluation,16384,1,mlp-1,11,64,1921,0.013894954943731374,3,,0.6663526591186524,0.23709483560180664
one_pass,adam,evaluation,65536,1,mlp-1,11,64,1921,0.013894954943731374,3,,0.6305291304321289,0.2199345627746582
one_pass,adam,evaluation,262144,1,mlp-1,11,64,1921,0.013894954943731374,3,,0.590800248413086,0.2021939151611328
one_pass,adam,evaluation,1048576,1,mlp-1,11,64,1921,0.013894954943731374,3,,0.5523970539550781,0.1865026321105957
one_pass,adam,evaluation,4194304,1,mlp-1,11,64,1921,0.013894954943731374,3,,0.5292604861450195,0.17770166328430176
one_pass,adam,evaluation,8388608,1,mlp-1,11,64,1921,0.013894954943731374,3,,0.5217981416015625,0.1746507098083496
one_pass,adam,evaluation,10000000,1,mlp-1,11,64,1921,0.013894954943731374,3,,0.5245096699829102,0.17567690995788574
one_pass,adam,evaluation,4096,1,mlp-1,11,64,1921,0.013894954943731374,4,,0.6811132420654297,0.24405848588562012
one_pass,adam,evaluation,16384,1,mlp-1,11,64,1921,0.013894954943731374,4,,0.6593742862548828,0.23374448834228514
one_pass,adam,evaluation,65536,1,mlp-1,11,64,1921,0.013894954943731374,4,,0.6288440499267578,0.21871285079193115
one_pass,adam,evaluation,262144,1,mlp-1,11,64,1921,0.013894954943731374,4,,0.5898572518005372,0.20181027269744872
one_pass,adam,evaluation,1048576,1,mlp-1,11,64,1921,0.013894954943731374,4,,0.5558072493591308,0.187795094291687
one_pass,adam,evaluation,4194304,1,mlp-1,11,64,1921,0.013894954943731374,4,,0.5340741539001465,0.17958800512695314
one_pass,adam,evaluation,8388608,1,mlp-1,11,64,1921,0.013894954943731374,4,,0.5241154426879883,0.17567384982299805
one_pass,adam,evaluation,10000000,1,mlp-1,11,64,1921,0.013894954943731374,4,,0.522985422454834,0.175132449508667
one_pass,adam,evaluation,4096,2,mlp-1,11,64,1921,0.013894954943731374,2,,0.6827565266113281,0.24487801306152343
one_pass,adam,evaluation,16384,2,mlp-1,11,64,1921,0.013894954943731374,2,,0.6585808407287598,0.23335183505249024
one_pass,adam,evaluation,65536,2,mlp-1,11,64,1921,0.013894954943731374,2,,0.6264542245483399,0.21813479681396483
one_pass,adam,evaluation,262144,2,mlp-1,11,64,1921,0.013894954943731374,2,,0.5930498206481933,0.2028729817276001
one_pass,adam,evaluation,1048576,2,mlp-1,11,64,1921,0.013894954943731374,2,,0.5521675856628417,0.18644346393585204
one_pass,adam,evaluation,4194304,2,mlp-1,11,64,1921,0.013894954943731374,2,,0.5306980905151367,0.17808277099609374
one_pass,adam,evaluation,8388608,2,mlp-1,11,64,1921,0.013894954943731374,2,,0.5258469107666016,0.1762603324432373
one_pass,adam,evaluation,10000000,2,mlp-1,11,64,1921,0.013894954943731374,2,,0.5234057681274414,0.17538449069213868
one_pass,adam,evaluation,4096,2,mlp-1,11,64,1921,0.013894954943731374,3,,0.6830894909973144,0.24503533966064453
one_pass,adam,evaluation,16384,2,mlp-1,11,64,1921,0.013894954943731374,3,,0.6642216791992187,0.23605068859863282
one_pass,adam,evaluation,65536,2,mlp-1,11,64,1921,0.013894954943731374,3,,0.6288388911132813,0.21939516522216798
one_pass,adam,evaluation,262144,2,mlp-1,11,64,1921,0.013894954943731374,3,,0.5907293325805664,0.20205219567871094
one_pass,adam,evaluation,1048576,2,mlp-1,11,64,1921,0.013894954943731374,3,,0.5556373505859376,0.1876978027038574
one_pass,adam,evaluation,4194304,2,mlp-1,11,64,1921,0.013894954943731374,3,,0.5305203966064453,0.17798557809448243
one_pass,adam,evaluation,8388608,2,mlp-1,11,64,1921,0.013894954943731374,3,,0.5257983786621093,0.1761718656692505
one_pass,adam,evaluation,10000000,2,mlp-1,11,64,1921,0.013894954943731374,3,,0.5222571805725098,0.1748543076095581
one_pass,adam,evaluation,4096,2,mlp-1,11,64,1921,0.013894954943731374,4,,0.6805046831054687,0.2437741282043457
one_pass,adam,evaluation,16384,2,mlp-1,11,64,1921,0.013894954943731374,4,,0.6583145926513672,0.2331655355834961
one_pass,adam,evaluation,65536,2,mlp-1,11,64,1921,0.013894954943731374,4,,0.627006016052246,0.21819458097839356
one_pass,adam,evaluation,262144,2,mlp-1,11,64,1921,0.013894954943731374,4,,0.5921362995910645,0.2026202354888916
one_pass,adam,evaluation,1048576,2,mlp-1,11,64,1921,0.013894954943731374,4,,0.5558557518920898,0.18787503868865968
one_pass,adam,evaluation,4194304,2,mlp-1,11,64,1921,0.013894954943731374,4,,0.5346614457092285,0.17934801927948
one_pass,adam,evaluation,8388608,2,mlp-1,11,64,1921,0.013894954943731374,4,,0.526113950378418,0.17632698922729492
one_pass,adam,evaluation,10000000,2,mlp-1,11,64,1921,0.013894954943731374,4,,0.5225614494018554,0.17495364758300783
one_pass,adam,evaluation,4096,1,mlp-2,3,5,181,0.013894954943731374,2,,0.7071134346923829,0.2569414377746582
one_pass,adam,evaluation,16384,1,mlp-2,3,5,181,0.013894954943731374,2,,0.6984165063476563,0.25262961808776857
one_pass,adam,evaluation,65536,1,mlp-2,3,5,181,0.013894954943731374,2,,0.6730253768920899,0.240325792098999
one_pass,adam,evaluation,262144,1,mlp-2,3,5,181,0.013894954943731374,2,,0.621098536895752,0.21602739219665526
one_pass,adam,evaluation,1048576,1,mlp-2,3,5,181,0.013894954943731374,2,,0.5896644126586914,0.2021013482055664
one_pass,adam,evaluation,4194304,1,mlp-2,3,5,181,0.013894954943731374,2,,0.5762240198669434,0.19664454597473144
one_pass,adam,evaluation,8388608,1,mlp-2,3,5,181,0.013894954943731374,2,,0.5736136960144043,0.19558268161773681
one_pass,adam,evaluation,10000000,1,mlp-2,3,5,181,0.013894954943731374,2,,0.5732655055236816,0.19537890587615966
one_pass,adam,evaluation,4096,1,mlp-2,3,5,181,0.013894954943731374,3,,0.6956458463745118,0.25121190213012695
one_pass,adam,evaluation,16384,1,mlp-2,3,5,181,0.013894954943731374,3,,0.686892204711914,0.2468878695831299
one_pass,adam,evaluation,65536,1,mlp-2,3,5,181,0.013894954943731374,3,,0.6625371445922852,0.2350600807647705
one_pass,adam,evaluation,262144,1,mlp-2,3,5,181,0.013894954943731374,3,,0.6079379532165528,0.20937875177764892
one_pass,adam,evaluation,1048576,1,mlp-2,3,5,181,0.013894954943731374,3,,0.5763666466979981,0.1968531721343994
one_pass,adam,evaluation,4194304,1,mlp-2,3,5,181,0.013894954943731374,3,,0.5670382280883789,0.19334196119689942
one_pass,adam,evaluation,8388608,1,mlp-2,3,5,181,0.013894954943731374,3,,0.5655014882507324,0.1927370419692993
one_pass,adam,evaluation,10000000,1,mlp-2,3,5,181,0.013894954943731374,3,,0.565392393951416,0.1927060175476074
one_pass,adam,evaluation,4096,1,mlp-2,3,5,181,0.013894954943731374,4,,0.692480796661377,0.24966426808166503
one_pass,adam,evaluation,16384,1,mlp-2,3,5,181,0.013894954943731374,4,,0.6902556112670899,0.2485615171508789
one_pass,adam,evaluation,65536,1,mlp-2,3,5,181,0.013894954943731374,4,,0.66717259375,0.23742683534240722
one_pass,adam,evaluation,262144,1,mlp-2,3,5,181,0.013894954943731374,4,,0.6156105754089356,0.21338034725952149
one_pass,adam,evaluation,1048576,1,mlp-2,3,5,181,0.013894954943731374,4,,0.5756912164916992,0.19644762182617187
one_pass,adam,evaluation,4194304,1,mlp-2,3,5,181,0.013894954943731374,4,,0.5714006339111328,0.19491232780456544
one_pass,adam,evaluation,8388608,1,mlp-2,3,5,181,0.013894954943731374,4,,0.569850365234375,0.19424409889221192
one_pass,adam,evaluation,10000000,1,mlp-2,3,5,181,0.013894954943731374,4,,0.569370369140625,0.1941894444732666
one_pass,adam,evaluation,4096,2,mlp-2,3,5,181,0.013894954943731374,2,,0.7071549780273437,0.2569619742736816
one_pass,adam,evaluation,16384,2,mlp-2,3,5,181,0.013894954943731374,2,,0.6987031377563476,0.2527728555297852
one_pass,adam,evaluation,65536,2,mlp-2,3,5,181,0.013894954943731374,2,,0.6743366474609375,0.24096190882873536
one_pass,adam,evaluation,262144,2,mlp-2,3,5,181,0.013894954943731374,2,,0.6217746739196778,0.21628965507507325
one_pass,adam,evaluation,1048576,2,mlp-2,3,5,181,0.013894954943731374,2,,0.5872907530517578,0.20120163075256348
one_pass,adam,evaluation,4194304,2,mlp-2,3,5,181,0.013894954943731374,2,,0.5767407720947265,0.19680578764343262
one_pass,adam,evaluation,8388608,2,mlp-2,3,5,181,0.013894954943731374,2,,0.5740086746826172,0.19570211335754395
one_pass,adam,evaluation,10000000,2,mlp-2,3,5,181,0.013894954943731374,2,,0.574455350616455,0.19598765015411376
one_pass,adam,evaluation,4096,2,mlp-2,3,5,181,0.013894954943731374,3,,0.6955153705444336,0.2511483539886475
one_pass,adam,evaluation,16384,2,mlp-2,3,5,181,0.013894954943731374,3,,0.686474921875,0.2466805174407959
one_pass,adam,evaluation,65536,2,mlp-2,3,5,181,0.013894954943731374,3,,0.6627319606323242,0.23514983142089843
one_pass,adam,evaluation,262144,2,mlp-2,3,5,181,0.013894954943731374,3,,0.6156798222045898,0.21249256692504884
one_pass,adam,evaluation,1048576,2,mlp-2,3,5,181,0.013894954943731374,3,,0.5772756493835449,0.1969944414138794
one_pass,adam,evaluation,4194304,2,mlp-2,3,5,181,0.013894954943731374,3,,0.5681085270385742,0.19341952438354493
one_pass,adam,evaluation,8388608,2,mlp-2,3,5,181,0.013894954943731374,3,,0.5673706625976562,0.1931403913116455
one_pass,adam,evaluation,10000000,2,mlp-2,3,5,181,0.013894954943731374,3,,0.5670282622070313,0.19309552097320556
one_pass,adam,evaluation,4096,2,mlp-2,3,5,181,0.013894954943731374,4,,0.6924874472961425,0.2496674277648926
one_pass,adam,evaluation,16384,2,mlp-2,3,5,181,0.013894954943731374,4,,0.6899920171203613,0.2484326019897461
one_pass,adam,evaluation,65536,2,mlp-2,3,5,181,0.013894954943731374,4,,0.669964046508789,0.23879037629699706
one_pass,adam,evaluation,262144,2,mlp-2,3,5,181,0.013894954943731374,4,,0.6178789909057617,0.2147665678329468
one_pass,adam,evaluation,1048576,2,mlp-2,3,5,181,0.013894954943731374,4,,0.5745570603942871,0.19602464570617675
one_pass,adam,evaluation,4194304,2,mlp-2,3,5,181,0.013894954943731374,4,,0.5698204208984375,0.1942249231262207
one_pass,adam,evaluation,8388608,2,mlp-2,3,5,181,0.013894954943731374,4,,0.5697822927246093,0.1942179159088135
one_pass,adam,evaluation,10000000,2,mlp-2,3,5,181,0.013894954943731374,4,,0.5705605343933106,0.19457569213104248
one_pass,adam,evaluation,4096,1,mlp-2,7,17,817,0.013894954943731374,2,,0.6901802368164063,0.2485155071105957
one_pass,adam,evaluation,16384,1,mlp-2,7,17,817,0.013894954943731374,2,,0.6798796655273438,0.24343325694274903
one_pass,adam,evaluation,65536,1,mlp-2,7,17,817,0.013894954943731374,2,,0.6352204877319336,0.222427002532959
one_pass,adam,evaluation,262144,1,mlp-2,7,17,817,0.013894954943731374,2,,0.5886249754943848,0.2015274984741211
one_pass,adam,evaluation,1048576,1,mlp-2,7,17,817,0.013894954943731374,2,,0.5511864163513184,0.18634135192871093
one_pass,adam,evaluation,4194304,1,mlp-2,7,17,817,0.013894954943731374,2,,0.534558970703125,0.1798209881439209
one_pass,adam,evaluation,8388608,1,mlp-2,7,17,817,0.013894954943731374,2,,0.5281262191162109,0.17740384491729735
one_pass,adam,evaluation,10000000,1,mlp-2,7,17,817,0.013894954943731374,2,,0.5266710904541015,0.17678516733551025
one_pass,adam,evaluation,4096,1,mlp-2,7,17,817,0.013894954943731374,3,,0.6907703093261719,0.24881482139587402
one_pass,adam,evaluation,16384,1,mlp-2,7,17,817,0.013894954943731374,3,,0.6831058077087402,0.24500165286254882
one_pass,adam,evaluation,65536,1,mlp-2,7,17,817,0.013894954943731374,3,,0.6369049908752441,0.22296419171142579
one_pass,adam,evaluation,262144,1,mlp-2,7,17,817,0.013894954943731374,3,,0.5890506923828125,0.20171994789123535
one_pass,adam,evaluation,1048576,1,mlp-2,7,17,817,0.013894954943731374,3,,0.550212436706543,0.18605014567565917
one_pass,adam,evaluation,4194304,1,mlp-2,7,17,817,0.013894954943731374,3,,0.5301802790527343,0.17814651762390138
one_pass,adam,evaluation,8388608,1,mlp-2,7,17,817,0.013894954943731374,3,,0.5249054478149414,0.17611626009368897
one_pass,adam,evaluation,10000000,1,mlp-2,7,17,817,0.013894954943731374,3,,0.5244524973754883,0.17595049681854247
one_pass,adam,evaluation,4096,1,mlp-2,7,17,817,0.013894954943731374,4,,0.6908664628295899,0.24886129711914062
one_pass,adam,evaluation,16384,1,mlp-2,7,17,817,0.013894954943731374,4,,0.6808406653442383,0.24390489308166505
one_pass,adam,evaluation,65536,1,mlp-2,7,17,817,0.013894954943731374,4,,0.6347179006347656,0.22205551556396486
one_pass,adam,evaluation,262144,1,mlp-2,7,17,817,0.013894954943731374,4,,0.5888591441040039,0.20169431679534913
one_pass,adam,evaluation,1048576,1,mlp-2,7,17,817,0.013894954943731374,4,,0.5475984885559082,0.18510741777038575
one_pass,adam,evaluation,4194304,1,mlp-2,7,17,817,0.013894954943731374,4,,0.5310275580749512,0.17866152458190918
one_pass,adam,evaluation,8388608,1,mlp-2,7,17,817,0.013894954943731374,4,,0.5249399676513672,0.1762275609436035
one_pass,adam,evaluation,10000000,1,mlp-2,7,17,817,0.013894954943731374,4,,0.522830486694336,0.17540751894378662
one_pass,adam,evaluation,4096,2,mlp-2,7,17,817,0.013894954943731374,2,,0.6897531029052735,0.2483043116760254
one_pass,adam,evaluation,16384,2,mlp-2,7,17,817,0.013894954943731374,2,,0.6775612002258301,0.2422847848815918
one_pass,adam,evaluation,65536,2,mlp-2,7,17,817,0.013894954943731374,2,,0.6326294630126953,0.22119063217163085
one_pass,adam,evaluation,262144,2,mlp-2,7,17,817,0.013894954943731374,2,,0.5853183283081055,0.1999718875579834
one_pass,adam,evaluation,1048576,2,mlp-2,7,17,817,0.013894954943731374,2,,0.5474206283874512,0.18485333375549318
one_pass,adam,evaluation,4194304,2,mlp-2,7,17,817,0.013894954943731374,2,,0.5335668508605957,0.17956698867034912
one_pass,adam,evaluation,8388608,2,mlp-2,7,17,817,0.013894954943731374,2,,0.5249464436035156,0.1760872476196289
one_pass,adam,evaluation,10000000,2,mlp-2,7,17,817,0.013894954943731374,2,,0.5249222847595215,0.1761622670288086
one_pass,adam,evaluation,4096,2,mlp-2,7,17,817,0.013894954943731374,3,,0.690939674987793,0.24889859420776367
one_pass,adam,evaluation,16384,2,mlp-2,7,17,817,0.013894954943731374,3,,0.6829753881530761,0.24494400057983398
one_pass,adam,evaluation,65536,2,mlp-2,7,17,817,0.013894954943731374,3,,0.6362313197631836,0.2225860963745117
one_pass,adam,evaluation,262144,2,mlp-2,7,17,817,0.013894954943731374,3,,0.5870903088684082,0.2009509965362549
one_pass,adam,evaluation,1048576,2,mlp-2,7,17,817,0.013894954943731374,3,,0.5480643155212402,0.1853069860610962
one_pass,adam,evaluation,4194304,2,mlp-2,7,17,817,0.013894954943731374,3,,0.5308298005981446,0.17865113029479981
one_pass,adam,evaluation,8388608,2,mlp-2,7,17,817,0.013894954943731374,3,,0.5269679453125,0.17691038022613526
one_pass,adam,evaluation,10000000,2,mlp-2,7,17,817,0.013894954943731374,3,,0.5228674319152832,0.1753343893737793
one_pass,adam,evaluation,4096,2,mlp-2,7,17,817,0.013894954943731374,4,,0.6910942493286133,0.24897508743286134
one_pass,adam,evaluation,16384,2,mlp-2,7,17,817,0.013894954943731374,4,,0.6792774646911621,0.24313185986328126
one_pass,adam,evaluation,65536,2,mlp-2,7,17,817,0.013894954943731374,4,,0.637503157409668,0.2234680466003418
one_pass,adam,evaluation,262144,2,mlp-2,7,17,817,0.013894954943731374,4,,0.5922670977478027,0.20312217447662353
one_pass,adam,evaluation,1048576,2,mlp-2,7,17,817,0.013894954943731374,4,,0.5492689969482422,0.18583626219940186
one_pass,adam,evaluation,4194304,2,mlp-2,7,17,817,0.013894954943731374,4,,0.5308456210327148,0.17866161694335939
one_pass,adam,evaluation,8388608,2,mlp-2,7,17,817,0.013894954943731374,4,,0.5268212102050781,0.177021280670166
one_pass,adam,evaluation,10000000,2,mlp-2,7,17,817,0.013894954943731374,4,,0.5227516537475586,0.1754573924407959
one_pass,adam,evaluation,4096,1,mlp-2,11,31,1923,0.013894954943731374,2,,0.6909587336120605,0.24890688833618163
one_pass,adam,evaluation,16384,1,mlp-2,11,31,1923,0.013894954943731374,2,,0.6763936636047363,0.24175329795837402
one_pass,adam,evaluation,65536,1,mlp-2,11,31,1923,0.013894954943731374,2,,0.6338733804016113,0.2214209486541748
one_pass,adam,evaluation,262144,1,mlp-2,11,31,1923,0.013894954943731374,2,,0.5812318467407227,0.19860024725341796
one_pass,adam,evaluation,1048576,1,mlp-2,11,31,1923,0.013894954943731374,2,,0.5320065088500977,0.17904178530120848
one_pass,adam,evaluation,4194304,1,mlp-2,11,31,1923,0.013894954943731374,2,,0.5164493210144043,0.1729819009552002
one_pass,adam,evaluation,8388608,1,mlp-2,11,31,1923,0.013894954943731374,2,,0.5103373046264649,0.17060941543579103
one_pass,adam,evaluation,10000000,1,mlp-2,11,31,1923,0.013894954943731374,2,,0.5090318350219727,0.17010225792694092
one_pass,adam,evaluation,4096,1,mlp-2,11,31,1923,0.013894954943731374,3,,0.6888673864746093,0.2478658836669922
one_pass,adam,evaluation,16384,1,mlp-2,11,31,1923,0.013894954943731374,3,,0.6774897572631836,0.24233713055419923
one_pass,adam,evaluation,65536,1,mlp-2,11,31,1923,0.013894954943731374,3,,0.6345037770385742,0.22187618811035156
one_pass,adam,evaluation,262144,1,mlp-2,11,31,1923,0.013894954943731374,3,,0.5837790054931641,0.19950176953125
one_pass,adam,evaluation,1048576,1,mlp-2,11,31,1923,0.013894954943731374,3,,0.5388018511047363,0.18180685231018068
one_pass,adam,evaluation,4194304,1,mlp-2,11,31,1923,0.013894954943731374,3,,0.5169496000061035,0.17312943467712402
one_pass,adam,evaluation,8388608,1,mlp-2,11,31,1923,0.013894954943731374,3,,0.5118394068908692,0.1711262857055664
one_pass,adam,evaluation,10000000,1,mlp-2,11,31,1923,0.013894954943731374,3,,0.5106505141296387,0.17058484201812743
one_pass,adam,evaluation,4096,1,mlp-2,11,31,1923,0.013894954943731374,4,,0.6818457462158203,0.24439378411865234
one_pass,adam,evaluation,16384,1,mlp-2,11,31,1923,0.013894954943731374,4,,0.6612473497314453,0.2346065379333496
one_pass,adam,evaluation,65536,1,mlp-2,11,31,1923,0.013894954943731374,4,,0.6263295847167969,0.2179720877609253
one_pass,adam,evaluation,262144,1,mlp-2,11,31,1923,0.013894954943731374,4,,0.5790804840698243,0.19764841484069826
one_pass,adam,evaluation,1048576,1,mlp-2,11,31,1923,0.013894954943731374,4,,0.5420956013183593,0.18279168685913086
one_pass,adam,evaluation,4194304,1,mlp-2,11,31,1923,0.013894954943731374,4,,0.525728342010498,0.17633715768432617
one_pass,adam,evaluation,8388608,1,mlp-2,11,31,1923,0.013894954943731374,4,,0.5167361321411132,0.17300690258026122
one_pass,adam,evaluation,10000000,1,mlp-2,11,31,1923,0.013894954943731374,4,,0.5138906560668945,0.17185494145202637
one_pass,adam,evaluation,4096,2,mlp-2,11,31,1923,0.013894954943731374,2,,0.6901908690490722,0.24852454432678223
one_pass,adam,evaluation,16384,2,mlp-2,11,31,1923,0.013894954943731374,2,,0.6727618618774414,0.23999521618652345
one_pass,adam,evaluation,65536,2,mlp-2,11,31,1923,0.013894954943731374,2,,0.6309657734375,0.2201841223449707
one_pass,adam,evaluation,262144,2,mlp-2,11,31,1923,0.013894954943731374,2,,0.5798349625854492,0.19803115142822267
one_pass,adam,evaluation,1048576,2,mlp-2,11,31,1923,0.013894954943731374,2,,0.5348301416015625,0.1801291249923706
one_pass,adam,evaluation,4194304,2,mlp-2,11,31,1923,0.013894954943731374,2,,0.5189457315368652,0.1739209493865967
one_pass,adam,evaluation,8388608,2,mlp-2,11,31,1923,0.013894954943731374,2,,0.5142480022583008,0.17213322431945802
one_pass,adam,evaluation,10000000,2,mlp-2,11,31,1923,0.013894954943731374,2,,0.5086442887573243,0.16995385411071778
one_pass,adam,evaluation,4096,2,mlp-2,11,31,1923,0.013894954943731374,3,,0.688929754272461,0.24789767053222656
one_pass,adam,evaluation,16384,2,mlp-2,11,31,1923,0.013894954943731374,3,,0.6759177941894531,0.24154331716918945
one_pass,adam,evaluation,65536,2,mlp-2,11,31,1923,0.013894954943731374,3,,0.6356393533935547,0.22255715493774414
one_pass,adam,evaluation,262144,2,mlp-2,11,31,1923,0.013894954943731374,3,,0.5847572833862305,0.1998546989135742
one_pass,adam,evaluation,1048576,2,mlp-2,11,31,1923,0.013894954943731374,3,,0.5381405591430664,0.18144036142730713
one_pass,adam,evaluation,4194304,2,mlp-2,11,31,1923,0.013894954943731374,3,,0.5191551692810059,0.1739172455291748
one_pass,adam,evaluation,8388608,2,mlp-2,11,31,1923,0.013894954943731374,3,,0.5151053338623047,0.1723844218444824
one_pass,adam,evaluation,10000000,2,mlp-2,11,31,1923,0.013894954943731374,3,,0.5100102643127441,0.17053068682861328
one_pass,adam,evaluation,4096,2,mlp-2,11,31,1923,0.013894954943731374,4,,0.6824945146179199,0.24472062109375
one_pass,adam,evaluation,16384,2,mlp-2,11,31,1923,0.013894954943731374,4,,0.6621622376403808,0.23505097534179686
one_pass,adam,evaluation,65536,2,mlp-2,11,31,1923,0.013894954943731374,4,,0.6257837759094238,0.21786289868164063
one_pass,adam,evaluation,262144,2,mlp-2,11,31,1923,0.013894954943731374,4,,0.5769742197265625,0.19663576461791993
one_pass,adam,evaluation,1048576,2,mlp-2,11,31,1923,0.013894954943731374,4,,0.5420369380493164,0.18269064670562743
one_pass,adam,evaluation,4194304,2,mlp-2,11,31,1923,0.013894954943731374,4,,0.5243779627380372,0.1757774697341919
one_pass,adam,evaluation,8388608,2,mlp-2,11,31,1923,0.013894954943731374,4,,0.5140613753967285,0.17184913761901854
one_pass,adam,evaluation,10000000,2,mlp-2,11,31,1923,0.013894954943731374,4,,0.5127021758728028,0.1713829551925659
one_pass,adam,evaluation,4096,1,mlp-3,3,4,161,0.005179474679231213,2,,0.7158007080993652,0.2611990265350342
one_pass,adam,evaluation,16384,1,mlp-3,3,4,161,0.005179474679231213,2,,0.7137598203125,0.2602036737060547
one_pass,adam,evaluation,65536,1,mlp-3,3,4,161,0.005179474679231213,2,,0.7044027691040039,0.25560314965820313
one_pass,adam,evaluation,262144,1,mlp-3,3,4,161,0.005179474679231213,2,,0.6620422137145996,0.2347424259033203
one_pass,adam,evaluation,1048576,1,mlp-3,3,4,161,0.005179474679231213,2,,0.5895822783203125,0.20230208765411378
one_pass,adam,evaluation,4194304,1,mlp-3,3,4,161,0.005179474679231213,2,,0.5754614515686035,0.19636790146636962
one_pass,adam,evaluation,8388608,1,mlp-3,3,4,161,0.005179474679231213,2,,0.5737569160461425,0.19558306771850587
one_pass,adam,evaluation,10000000,1,mlp-3,3,4,161,0.005179474679231213,2,,0.5733490231933593,0.1954494055480957
one_pass,adam,evaluation,4096,1,mlp-3,3,4,161,0.005179474679231213,3,,0.7111061547546387,0.2589032684631348
one_pass,adam,evaluation,16384,1,mlp-3,3,4,161,0.005179474679231213,3,,0.706192712890625,0.25648612660217285
one_pass,adam,evaluation,65536,1,mlp-3,3,4,161,0.005179474679231213,3,,0.6910762076721192,0.24896642890930176
one_pass,adam,evaluation,262144,1,mlp-3,3,4,161,0.005179474679231213,3,,0.663802708190918,0.23591502841186524
one_pass,adam,evaluation,1048576,1,mlp-3,3,4,161,0.005179474679231213,3,,0.6066564107666016,0.20921495306396484
one_pass,adam,evaluation,4194304,1,mlp-3,3,4,161,0.005179474679231213,3,,0.5939957269897461,0.20403757011413573
one_pass,adam,evaluation,8388608,1,mlp-3,3,4,161,0.005179474679231213,3,,0.5785785480957031,0.19762072720336915
one_pass,adam,evaluation,10000000,1,mlp-3,3,4,161,0.005179474679231213,3,,0.5777283032226562,0.19727157497406006
one_pass,adam,evaluation,4096,1,mlp-3,3,4,161,0.005179474679231213,4,,0.6956920689697266,0.25127186657714845
one_pass,adam,evaluation,16384,1,mlp-3,3,4,161,0.005179474679231213,4,,0.6946948825683594,0.25077378927612304
one_pass,adam,evaluation,65536,1,mlp-3,3,4,161,0.005179474679231213,4,,0.687346695739746,0.24712189880371094
one_pass,adam,evaluation,262144,1,mlp-3,3,4,161,0.005179474679231213,4,,0.641752125366211,0.2255928388671875
one_pass,adam,evaluation,1048576,1,mlp-3,3,4,161,0.005179474679231213,4,,0.6063099598999023,0.209350978515625
one_pass,adam,evaluation,4194304,1,mlp-3,3,4,161,0.005179474679231213,4,,0.5773788259887696,0.19739366416931153
one_pass,adam,evaluation,8388608,1,mlp-3,3,4,161,0.005179474679231213,4,,0.5759389060058594,0.19677374883270263
one_pass,adam,evaluation,10000000,1,mlp-3,3,4,161,0.005179474679231213,4,,0.5756327347106933,0.1967621896133423
one_pass,adam,evaluation,4096,2,mlp-3,3,4,161,0.005179474679231213,2,,0.7158001467285157,0.26119875393676756
one_pass,adam,evaluation,16384,2,mlp-3,3,4,161,0.005179474679231213,2,,0.7137475118408203,0.26019766354370116
one_pass,adam,evaluation,65536,2,mlp-3,3,4,161,0.005179474679231213,2,,0.7043103092041015,0.25555747483825686
one_pass,adam,evaluation,262144,2,mlp-3,3,4,161,0.005179474679231213,2,,0.6610137014770507,0.23422692597961425
one_pass,adam,evaluation,1048576,2,mlp-3,3,4,161,0.005179474679231213,2,,0.591041602722168,0.20286946994018554
one_pass,adam,evaluation,4194304,2,mlp-3,3,4,161,0.005179474679231213,2,,0.5752070542297363,0.19626311295318605
one_pass,adam,evaluation,8388608,2,mlp-3,3,4,161,0.005179474679231213,2,,0.5739459969177246,0.1956423643798828
one_pass,adam,evaluation,10000000,2,mlp-3,3,4,161,0.005179474679231213,2,,0.5740726555786133,0.19576083354949952
one_pass,adam,evaluation,4096,2,mlp-3,3,4,161,0.005179474679231213,3,,0.7110968485107422,0.258898698638916
one_pass,adam,evaluation,16384,2,mlp-3,3,4,161,0.005179474679231213,3,,0.7061343810729981,0.2564572623901367
one_pass,adam,evaluation,65536,2,mlp-3,3,4,161,0.005179474679231213,3,,0.6908770268554687,0.24886729652404785
one_pass,adam,evaluation,262144,2,mlp-3,3,4,161,0.005179474679231213,3,,0.6641022457275391,0.2360350563659668
one_pass,adam,evaluation,1048576,2,mlp-3,3,4,161,0.005179474679231213,3,,0.6060389259338379,0.20885938870239257
one_pass,adam,evaluation,4194304,2,mlp-3,3,4,161,0.005179474679231213,3,,0.5892561098022461,0.20180620584106446
one_pass,adam,evaluation,8388608,2,mlp-3,3,4,161,0.005179474679231213,3,,0.583511029724121,0.19948690716552733
one_pass,adam,evaluation,10000000,2,mlp-3,3,4,161,0.005179474679231213,3,,0.5828029057006836,0.1992189404373169
one_pass,adam,evaluation,4096,2,mlp-3,3,4,161,0.005179474679231213,4,,0.695689329284668,0.251270502822876
one_pass,adam,evaluation,16384,2,mlp-3,3,4,161,0.005179474679231213,4,,0.6946896219482422,0.25077119268798825
one_pass,adam,evaluation,65536,2,mlp-3,3,4,161,0.005179474679231213,4,,0.6878980257568359,0.2473887022857666
one_pass,adam,evaluation,262144,2,mlp-3,3,4,161,0.005179474679231213,4,,0.642672776550293,0.2259901664123535
one_pass,adam,evaluation,1048576,2,mlp-3,3,4,161,0.005179474679231213,4,,0.6060609479064941,0.20865814099884034
one_pass,adam,evaluation,4194304,2,mlp-3,3,4,161,0.005179474679231213,4,,0.5875953312988281,0.20033815107727052
one_pass,adam,evaluation,8388608,2,mlp-3,3,4,161,0.005179474679231213,4,,0.5879538916015625,0.2003095424194336
one_pass,adam,evaluation,10000000,2,mlp-3,3,4,161,0.005179474679231213,4,,0.5882437821044922,0.20103169187927247
one_pass,adam,evaluation,4096,1,mlp-3,7,14,841,0.013894954943731374,2,,0.7017823527221679,0.2543046315307617
one_pass,adam,evaluation,16384,1,mlp-3,7,14,841,0.013894954943731374,2,,0.6904413177490234,0.2486481876220703
one_pass,adam,evaluation,65536,1,mlp-3,7,14,841,0.013894954943731374,2,,0.6649918035583496,0.23649902267456055
one_pass,adam,evaluation,262144,1,mlp-3,7,14,841,0.013894954943731374,2,,0.6047055626220703,0.2088958994369507
one_pass,adam,evaluation,1048576,1,mlp-3,7,14,841,0.013894954943731374,2,,0.5548282929077148,0.18793747746276857
one_pass,adam,evaluation,4194304,1,mlp-3,7,14,841,0.013894954943731374,2,,0.5363506959228516,0.1807587878036499
one_pass,adam,evaluation,8388608,1,mlp-3,7,14,841,0.013894954943731374,2,,0.5300769653015137,0.17844440480041504
one_pass,adam,evaluation,10000000,1,mlp-3,7,14,841,0.013894954943731374,2,,0.5279182892150879,0.17765267915344238
one_pass,adam,evaluation,4096,1,mlp-3,7,14,841,0.013894954943731374,3,,0.6992100363769531,0.2530255746307373
one_pass,adam,evaluation,16384,1,mlp-3,7,14,841,0.013894954943731374,3,,0.6869937239990235,0.24694071621704103
one_pass,adam,evaluation,65536,1,mlp-3,7,14,841,0.013894954943731374,3,,0.6501500045166015,0.22931469425964354
one_pass,adam,evaluation,262144,1,mlp-3,7,14,841,0.013894954943731374,3,,0.6010056568603516,0.20734629067230226
one_pass,adam,evaluation,1048576,1,mlp-3,7,14,841,0.013894954943731374,3,,0.5524696343078613,0.18704390058135986
one_pass,adam,evaluation,4194304,1,mlp-3,7,14,841,0.013894954943731374,3,,0.535307642791748,0.18035952095794677
one_pass,adam,evaluation,8388608,1,mlp-3,7,14,841,0.013894954943731374,3,,0.5291462422485351,0.17804587697601318
one_pass,adam,evaluation,10000000,1,mlp-3,7,14,841,0.013894954943731374,3,,0.5287526759643555,0.17789781910705565
one_pass,adam,evaluation,4096,1,mlp-3,7,14,841,0.013894954943731374,4,,0.6890010993652343,0.24793857528686525
one_pass,adam,evaluation,16384,1,mlp-3,7,14,841,0.013894954943731374,4,,0.6800486998901367,0.24352882525634767
one_pass,adam,evaluation,65536,1,mlp-3,7,14,841,0.013894954943731374,4,,0.6365851531677246,0.2231465009765625
one_pass,adam,evaluation,262144,1,mlp-3,7,14,841,0.013894954943731374,4,,0.5903636724243164,0.20254721129608155
one_pass,adam,evaluation,1048576,1,mlp-3,7,14,841,0.013894954943731374,4,,0.5523770650024414,0.18710573721313475
one_pass,adam,evaluation,4194304,1,mlp-3,7,14,841,0.013894954943731374,4,,0.5350375733032227,0.18022686310577393
one_pass,adam,evaluation,8388608,1,mlp-3,7,14,841,0.013894954943731374,4,,0.5290961790771485,0.17790181928253174
one_pass,adam,evaluation,10000000,1,mlp-3,7,14,841,0.013894954943731374,4,,0.5286340982055664,0.1777172092514038
one_pass,adam,evaluation,4096,2,mlp-3,7,14,841,0.013894954943731374,2,,0.7018780556945801,0.25435215130615235
one_pass,adam,evaluation,16384,2,mlp-3,7,14,841,0.013894954943731374,2,,0.6908575337219238,0.2488558473815918
one_pass,adam,evaluation,65536,2,mlp-3,7,14,841,0.013894954943731374,2,,0.666692809173584,0.2373179882659912
one_pass,adam,evaluation,262144,2,mlp-3,7,14,841,0.013894954943731374,2,,0.6057694164428711,0.20930662094879152
one_pass,adam,evaluation,1048576,2,mlp-3,7,14,841,0.013894954943731374,2,,0.5545627809448243,0.18785738452911377
one_pass,adam,evaluation,4194304,2,mlp-3,7,14,841,0.013894954943731374,2,,0.5360837488708496,0.18070148170471192
one_pass,adam,evaluation,8388608,2,mlp-3,7,14,841,0.013894954943731374,2,,0.5325130379333496,0.17926953336334228
one_pass,adam,evaluation,10000000,2,mlp-3,7,14,841,0.013894954943731374,2,,0.5286237332153321,0.1777176004638672
one_pass,adam,evaluation,4096,2,mlp-3,7,14,841,0.013894954943731374,3,,0.6992712616271972,0.2530560223999023
one_pass,adam,evaluation,16384,2,mlp-3,7,14,841,0.013894954943731374,3,,0.6873889695434571,0.24714011137390138
one_pass,adam,evaluation,65536,2,mlp-3,7,14,841,0.013894954943731374,3,,0.6548026257019043,0.2313867255859375
one_pass,adam,evaluation,262144,2,mlp-3,7,14,841,0.013894954943731374,3,,0.5981974881286621,0.20606014784240723
one_pass,adam,evaluation,1048576,2,mlp-3,7,14,841,0.013894954943731374,3,,0.5544010877990723,0.18785322276306152
one_pass,adam,evaluation,4194304,2,mlp-3,7,14,841,0.013894954943731374,3,,0.5319009449157714,0.17903465138244629
one_pass,adam,evaluation,8388608,2,mlp-3,7,14,841,0.013894954943731374,3,,0.5277024416503906,0.17732897386169433
one_pass,adam,evaluation,10000000,2,mlp-3,7,14,841,0.013894954943731374,3,,0.5262892631835937,0.17680009487152099
one_pass,adam,evaluation,4096,2,mlp-3,7,14,841,0.013894954943731374,4,,0.6895475583190918,0.24821364080810546
one_pass,adam,evaluation,16384,2,mlp-3,7,14,841,0.013894954943731374,4,,0.6814942540283203,0.24424850422668457
one_pass,adam,evaluation,65536,2,mlp-3,7,14,841,0.013894954943731374,4,,0.6395205654296875,0.22449450817871094
one_pass,adam,evaluation,262144,2,mlp-3,7,14,841,0.013894954943731374,4,,0.5916885913696289,0.20305159268188477
one_pass,adam,evaluation,1048576,2,mlp-3,7,14,841,0.013894954943731374,4,,0.5523034712524414,0.18706215565490722
one_pass,adam,evaluation,4194304,2,mlp-3,7,14,841,0.013894954943731374,4,,0.5331457984924316,0.17948231482696533
one_pass,adam,evaluation,8388608,2,mlp-3,7,14,841,0.013894954943731374,4,,0.5249780036010743,0.17615691876220704
one_pass,adam,evaluation,10000000,2,mlp-3,7,14,841,0.013894954943731374,4,,0.5231887257385254,0.17544977151489258
one_pass,adam,evaluation,4096,1,mlp-3,11,24,1921,0.013894954943731374,2,,0.6903582220458985,0.24860668684387208
one_pass,adam,evaluation,16384,1,mlp-3,11,24,1921,0.013894954943731374,2,,0.6812640676574707,0.24410417553710936
one_pass,adam,evaluation,65536,1,mlp-3,11,24,1921,0.013894954943731374,2,,0.6328167949523926,0.22097297346496583
one_pass,adam,evaluation,262144,1,mlp-3,11,24,1921,0.013894954943731374,2,,0.5761712792663575,0.19659166680145262
one_pass,adam,evaluation,1048576,1,mlp-3,11,24,1921,0.013894954943731374,2,,0.5410973629455567,0.1827210951538086
one_pass,adam,evaluation,4194304,1,mlp-3,11,24,1921,0.013894954943731374,2,,0.5209181758422852,0.1745958171157837
one_pass,adam,evaluation,8388608,1,mlp-3,11,24,1921,0.013894954943731374,2,,0.5148938133239747,0.1723874434890747
one_pass,adam,evaluation,10000000,1,mlp-3,11,24,1921,0.013894954943731374,2,,0.5120603980102539,0.17124532082366944
one_pass,adam,evaluation,4096,1,mlp-3,11,24,1921,0.013894954943731374,3,,0.6934828163452148,0.2501678351135254
one_pass,adam,evaluation,16384,1,mlp-3,11,24,1921,0.013894954943731374,3,,0.6858373418884277,0.2463969678039551
one_pass,adam,evaluation,65536,1,mlp-3,11,24,1921,0.013894954943731374,3,,0.6433569496459961,0.22558746311950684
one_pass,adam,evaluation,262144,1,mlp-3,11,24,1921,0.013894954943731374,3,,0.5839269007263184,0.19983409956359863
one_pass,adam,evaluation,1048576,1,mlp-3,11,24,1921,0.013894954943731374,3,,0.5408437426147461,0.1826338328475952
one_pass,adam,evaluation,4194304,1,mlp-3,11,24,1921,0.013894954943731374,3,,0.5248553597717285,0.17631016120910645
one_pass,adam,evaluation,8388608,1,mlp-3,11,24,1921,0.013894954943731374,3,,0.5193382842407227,0.17410449533843994
one_pass,adam,evaluation,10000000,1,mlp-3,11,24,1921,0.013894954943731374,3,,0.5172174622497558,0.17332297059631346
one_pass,adam,evaluation,4096,1,mlp-3,11,24,1921,0.013894954943731374,4,,0.6896033525085449,0.2482300626525879
one_pass,adam,evaluation,16384,1,mlp-3,11,24,1921,0.013894954943731374,4,,0.6735462886352539,0.24042374243164064
one_pass,adam,evaluation,65536,1,mlp-3,11,24,1921,0.013894954943731374,4,,0.633995888671875,0.2217957028503418
one_pass,adam,evaluation,262144,1,mlp-3,11,24,1921,0.013894954943731374,4,,0.5807956112060547,0.19844093084716796
one_pass,adam,evaluation,1048576,1,mlp-3,11,24,1921,0.013894954943731374,4,,0.5379824158935547,0.18131999807739257
one_pass,adam,evaluation,4194304,1,mlp-3,11,24,1921,0.013894954943731374,4,,0.5221778365478515,0.1751950662536621
one_pass,adam,evaluation,8388608,1,mlp-3,11,24,1921,0.013894954943731374,4,,0.5150900418395996,0.17251857469177245
one_pass,adam,evaluation,10000000,1,mlp-3,11,24,1921,0.013894954943731374,4,,0.513000295715332,0.1717420291519165
one_pass,adam,evaluation,4096,2,mlp-3,11,24,1921,0.013894954943731374,2,,0.6900316865844727,0.24844303005981444
one_pass,adam,evaluation,16384,2,mlp-3,11,24,1921,0.013894954943731374,2,,0.6769518596496582,0.24197615173339843
one_pass,adam,evaluation,65536,2,mlp-3,11,24,1921,0.013894954943731374,2,,0.6237671431274414,0.2169271763458252
one_pass,adam,evaluation,262144,2,mlp-3,11,24,1921,0.013894954943731374,2,,0.5745485599365234,0.19589131630706788
one_pass,adam,evaluation,1048576,2,mlp-3,11,24,1921,0.013894954943731374,2,,0.5416132597961426,0.18273436489868164
one_pass,adam,evaluation,4194304,2,mlp-3,11,24,1921,0.013894954943731374,2,,0.5190010325622558,0.17384491354370118
one_pass,adam,evaluation,8388608,2,mlp-3,11,24,1921,0.013894954943731374,2,,0.5143486625366211,0.17207675547790527
one_pass,adam,evaluation,10000000,2,mlp-3,11,24,1921,0.013894954943731374,2,,0.5124760231933594,0.17141557504272462
one_pass,adam,evaluation,4096,2,mlp-3,11,24,1921,0.013894954943731374,3,,0.6936323588562012,0.2502426642303467
one_pass,adam,evaluation,16384,2,mlp-3,11,24,1921,0.013894954943731374,3,,0.6844080702514649,0.24568787020874022
one_pass,adam,evaluation,65536,2,mlp-3,11,24,1921,0.013894954943731374,3,,0.6391055359191895,0.2241200722503662
one_pass,adam,evaluation,262144,2,mlp-3,11,24,1921,0.013894954943731374,3,,0.5846356516113281,0.2001133952484131
one_pass,adam,evaluation,1048576,2,mlp-3,11,24,1921,0.013894954943731374,3,,0.5417811063842773,0.18286740514373778
one_pass,adam,evaluation,4194304,2,mlp-3,11,24,1921,0.013894954943731374,3,,0.5214577960510254,0.17486244165039064
one_pass,adam,evaluation,8388608,2,mlp-3,11,24,1921,0.013894954943731374,3,,0.5163738308715821,0.17286714392852784
one_pass,adam,evaluation,10000000,2,mlp-3,11,24,1921,0.013894954943731374,3,,0.5137902813110351,0.17188217936706543
one_pass,adam,evaluation,4096,2,mlp-3,11,24,1921,0.013894954943731374,4,,0.6897074676818847,0.2482824288330078
one_pass,adam,evaluation,16384,2,mlp-3,11,24,1921,0.013894954943731374,4,,0.6705419658203124,0.2390292458190918
one_pass,adam,evaluation,65536,2,mlp-3,11,24,1921,0.013894954943731374,4,,0.6326013005981446,0.22098600704956053
one_pass,adam,evaluation,262144,2,mlp-3,11,24,1921,0.013894954943731374,4,,0.5828727574768067,0.1993159344329834
one_pass,adam,evaluation,1048576,2,mlp-3,11,24,1921,0.013894954943731374,4,,0.5433253114013672,0.18354217481231688
one_pass,adam,evaluation,4194304,2,mlp-3,11,24,1921,0.013894954943731374,4,,0.5210260191040039,0.17473511235809328
one_pass,adam,evaluation,8388608,2,mlp-3,11,24,1921,0.013894954943731374,4,,0.5151382528991699,0.17253233621978759
one_pass,adam,evaluation,10000000,2,mlp-3,11,24,1921,0.013894954943731374,4,,0.5130370581970215,0.1717318606567383
one_pass,adam,evaluation,4096,1,spectral,3,0,174,0.005179474679231213,2,,0.7198847415771484,0.2621971320648193
one_pass,adam,evaluation,16384,1,spectral,3,0,174,0.005179474679231213,2,,0.7078212982788086,0.2567582604675293
one_pass,adam,evaluation,65536,1,spectral,3,0,174,0.005179474679231213,2,,0.6745712182617187,0.24090708241271971
one_pass,adam,evaluation,262144,1,spectral,3,0,174,0.005179474679231213,2,,0.6359818305969238,0.22290267547607423
one_pass,adam,evaluation,1048576,1,spectral,3,0,174,0.005179474679231213,2,,0.5962162732543945,0.2049632716140747
one_pass,adam,evaluation,4194304,1,spectral,3,0,174,0.005179474679231213,2,,0.5755361532592773,0.19625252743530275
one_pass,adam,evaluation,8388608,1,spectral,3,0,174,0.005179474679231213,2,,0.572610075378418,0.19522901487731933
one_pass,adam,evaluation,10000000,1,spectral,3,0,174,0.005179474679231213,2,,0.572387442993164,0.19515252548980713
one_pass,adam,evaluation,4096,1,spectral,3,0,174,0.005179474679231213,3,,0.6926975255126954,0.24958882913208008
one_pass,adam,evaluation,16384,1,spectral,3,0,174,0.005179474679231213,3,,0.6845541635131835,0.2457572880554199
one_pass,adam,evaluation,65536,1,spectral,3,0,174,0.005179474679231213,3,,0.6642127232055665,0.2360457200012207
one_pass,adam,evaluation,262144,1,spectral,3,0,174,0.005179474679231213,3,,0.6370225939941406,0.22346414639282228
one_pass,adam,evaluation,1048576,1,spectral,3,0,174,0.005179474679231213,3,,0.5908234558410644,0.20262771169281005
one_pass,adam,evaluation,4194304,1,spectral,3,0,174,0.005179474679231213,3,,0.574508539642334,0.1959195896759033
one_pass,adam,evaluation,8388608,1,spectral,3,0,174,0.005179474679231213,3,,0.5723269060668945,0.19514709959411622
one_pass,adam,evaluation,10000000,1,spectral,3,0,174,0.005179474679231213,3,,0.5721775055541992,0.19509487292480468
one_pass,adam,evaluation,4096,1,spectral,3,0,174,0.005179474679231213,4,,0.7129991064758301,0.2591140880432129
one_pass,adam,evaluation,16384,1,spectral,3,0,174,0.005179474679231213,4,,0.702351245727539,0.2542559900817871
one_pass,adam,evaluation,65536,1,spectral,3,0,174,0.005179474679231213,4,,0.6755255522460938,0.24139754597473145
one_pass,adam,evaluation,262144,1,spectral,3,0,174,0.005179474679231213,4,,0.6297267004089355,0.22003020992279052
one_pass,adam,evaluation,1048576,1,spectral,3,0,174,0.005179474679231213,4,,0.5930021116027832,0.20355776780700682
one_pass,adam,evaluation,4194304,1,spectral,3,0,174,0.005179474679231213,4,,0.5751340122375488,0.19615349251556397
one_pass,adam,evaluation,8388608,1,spectral,3,0,174,0.005179474679231213,4,,0.5724533681640624,0.19519035285949707
one_pass,adam,evaluation,10000000,1,spectral,3,0,174,0.005179474679231213,4,,0.5722620520935059,0.1951127631072998
one_pass,adam,evaluation,4096,2,spectral,3,0,174,0.005179474679231213,2,,0.7196382857666016,0.2621845615234375
one_pass,adam,evaluation,16384,2,spectral,3,0,174,0.005179474679231213,2,,0.7068985176391601,0.2564181550292969
one_pass,adam,evaluation,65536,2,spectral,3,0,174,0.005179474679231213,2,,0.6755169521484375,0.24136381362915038
one_pass,adam,evaluation,262144,2,spectral,3,0,174,0.005179474679231213,2,,0.6350551174621583,0.22245656449890136
one_pass,adam,evaluation,1048576,2,spectral,3,0,174,0.005179474679231213,2,,0.5935680012207031,0.20395559190368653
one_pass,adam,evaluation,4194304,2,spectral,3,0,174,0.005179474679231213,2,,0.5752464768981933,0.19623710669708253
one_pass,adam,evaluation,8388608,2,spectral,3,0,174,0.005179474679231213,2,,0.5722092506103515,0.19511122021484376
one_pass,adam,evaluation,10000000,2,spectral,3,0,174,0.005179474679231213,2,,0.5718543046264648,0.1950877426223755
one_pass,adam,evaluation,4096,2,spectral,3,0,174,0.005179474679231213,3,,0.6925951693725586,0.24953322778320314
one_pass,adam,evaluation,16384,2,spectral,3,0,174,0.005179474679231213,3,,0.6837233090515137,0.24536847636413575
one_pass,adam,evaluation,65536,2,spectral,3,0,174,0.005179474679231213,3,,0.6636492402038574,0.23581294270324707
one_pass,adam,evaluation,262144,2,spectral,3,0,174,0.005179474679231213,3,,0.6359340399475097,0.22295349221801758
one_pass,adam,evaluation,1048576,2,spectral,3,0,174,0.005179474679231213,3,,0.5915769330749512,0.20300306706237792
one_pass,adam,evaluation,4194304,2,spectral,3,0,174,0.005179474679231213,3,,0.5741694190063477,0.19576054069519042
one_pass,adam,evaluation,8388608,2,spectral,3,0,174,0.005179474679231213,3,,0.572189517364502,0.19507747413635254
one_pass,adam,evaluation,10000000,2,spectral,3,0,174,0.005179474679231213,3,,0.5718634403076172,0.19503558675384522
one_pass,adam,evaluation,4096,2,spectral,3,0,174,0.005179474679231213,4,,0.7131357085266113,0.25920871281433105
one_pass,adam,evaluation,16384,2,spectral,3,0,174,0.005179474679231213,4,,0.7023325888977051,0.2542609190979004
one_pass,adam,evaluation,65536,2,spectral,3,0,174,0.005179474679231213,4,,0.6765563581542968,0.24189039001464843
one_pass,adam,evaluation,262144,2,spectral,3,0,174,0.005179474679231213,4,,0.6319630631713867,0.22107957321166993
one_pass,adam,evaluation,1048576,2,spectral,3,0,174,0.005179474679231213,4,,0.5928925581665039,0.2035277000656128
one_pass,adam,evaluation,4194304,2,spectral,3,0,174,0.005179474679231213,4,,0.5748678344116211,0.19601886280822753
one_pass,adam,evaluation,8388608,2,spectral,3,0,174,0.005179474679231213,4,,0.572299464050293,0.19510912177276613
one_pass,adam,evaluation,10000000,2,spectral,3,0,174,0.005179474679231213,4,,0.5719525461425782,0.19506490467834472
one_pass,adam,evaluation,4096,1,spectral,7,0,812,0.013894954943731374,2,,0.6964953257446289,0.25153482479858397
one_pass,adam,evaluation,16384,1,spectral,7,0,812,0.013894954943731374,2,,0.6776816644287109,0.2424234403991699
one_pass,adam,evaluation,65536,1,spectral,7,0,812,0.013894954943731374,2,,0.6464502767028809,0.22792125563049317
one_pass,adam,evaluation,262144,1,spectral,7,0,812,0.013894954943731374,2,,0.5981706614990234,0.20597548764801024
one_pass,adam,evaluation,1048576,1,spectral,7,0,812,0.013894954943731374,2,,0.5616536848449707,0.19054921630859376
one_pass,adam,evaluation,4194304,1,spectral,7,0,812,0.013894954943731374,2,,0.5477419998474121,0.1850606494369507
one_pass,adam,evaluation,8388608,1,spectral,7,0,812,0.013894954943731374,2,,0.5437446024780274,0.18360959942626953
one_pass,adam,evaluation,10000000,1,spectral,7,0,812,0.013894954943731374,2,,0.5431349679260253,0.1833530358505249
one_pass,adam,evaluation,4096,1,spectral,7,0,812,0.013894954943731374,3,,0.6891791530456542,0.24799349131774903
one_pass,adam,evaluation,16384,1,spectral,7,0,812,0.013894954943731374,3,,0.67060289453125,0.23902517282104493
one_pass,adam,evaluation,65536,1,spectral,7,0,812,0.013894954943731374,3,,0.6420515826721191,0.22572794854736328
one_pass,adam,evaluation,262144,1,spectral,7,0,812,0.013894954943731374,3,,0.5979469037170411,0.2058306999206543
one_pass,adam,evaluation,1048576,1,spectral,7,0,812,0.013894954943731374,3,,0.5633397441101075,0.19126346518707277
one_pass,adam,evaluation,4194304,1,spectral,7,0,812,0.013894954943731374,3,,0.5467978477172851,0.1847380773010254
one_pass,adam,evaluation,8388608,1,spectral,7,0,812,0.013894954943731374,3,,0.544474192199707,0.18389121423339844
one_pass,adam,evaluation,10000000,1,spectral,7,0,812,0.013894954943731374,3,,0.5438045184020996,0.18360032731628417
one_pass,adam,evaluation,4096,1,spectral,7,0,812,0.013894954943731374,4,,0.6926831916503906,0.2497132460784912
one_pass,adam,evaluation,16384,1,spectral,7,0,812,0.013894954943731374,4,,0.6722274644165039,0.23984630429077147
one_pass,adam,evaluation,65536,1,spectral,7,0,812,0.013894954943731374,4,,0.640304371887207,0.22495148307800292
one_pass,adam,evaluation,262144,1,spectral,7,0,812,0.013894954943731374,4,,0.6017210016479492,0.2075462124710083
one_pass,adam,evaluation,1048576,1,spectral,7,0,812,0.013894954943731374,4,,0.560362243347168,0.19003873770141602
one_pass,adam,evaluation,4194304,1,spectral,7,0,812,0.013894954943731374,4,,0.5482095308837891,0.1853089873199463
one_pass,adam,evaluation,8388608,1,spectral,7,0,812,0.013894954943731374,4,,0.5465430241088867,0.18466602628326417
one_pass,adam,evaluation,10000000,1,spectral,7,0,812,0.013894954943731374,4,,0.5465943427734375,0.18468262423706056
one_pass,adam,evaluation,4096,2,spectral,7,0,812,0.013894954943731374,2,,0.696224487487793,0.2514170365753174
one_pass,adam,evaluation,16384,2,spectral,7,0,812,0.013894954943731374,2,,0.6753390546875,0.24132037019348143
one_pass,adam,evaluation,65536,2,spectral,7,0,812,0.013894954943731374,2,,0.6449752347106934,0.22711929989624025
one_pass,adam,evaluation,262144,2,spectral,7,0,812,0.013894954943731374,2,,0.5977102516784668,0.20569482814788817
one_pass,adam,evaluation,1048576,2,spectral,7,0,812,0.013894954943731374,2,,0.5630288753051758,0.19105057578277587
one_pass,adam,evaluation,4194304,2,spectral,7,0,812,0.013894954943731374,2,,0.5472492649230957,0.18505734788513184
one_pass,adam,evaluation,8388608,2,spectral,7,0,812,0.013894954943731374,2,,0.5445970469360352,0.18396929970550538
one_pass,adam,evaluation,10000000,2,spectral,7,0,812,0.013894954943731374,2,,0.5439763447570801,0.18372160384368896
one_pass,adam,evaluation,4096,2,spectral,7,0,812,0.013894954943731374,3,,0.6892382692871094,0.2480385767211914
one_pass,adam,evaluation,16384,2,spectral,7,0,812,0.013894954943731374,3,,0.6715798843688965,0.2394985707397461
one_pass,adam,evaluation,65536,2,spectral,7,0,812,0.013894954943731374,3,,0.6421371786193848,0.22570148490905761
one_pass,adam,evaluation,262144,2,spectral,7,0,812,0.013894954943731374,3,,0.5951118889770508,0.20447703076171875
one_pass,adam,evaluation,1048576,2,spectral,7,0,812,0.013894954943731374,3,,0.5637776893920898,0.1914455530166626
one_pass,adam,evaluation,4194304,2,spectral,7,0,812,0.013894954943731374,3,,0.5454190160522461,0.18427471817779542
one_pass,adam,evaluation,8388608,2,spectral,7,0,812,0.013894954943731374,3,,0.5433760564575195,0.1835317102432251
one_pass,adam,evaluation,10000000,2,spectral,7,0,812,0.013894954943731374,3,,0.5420115325317383,0.18306057726287842
one_pass,adam,evaluation,4096,2,spectral,7,0,812,0.013894954943731374,4,,0.6940424493713379,0.2503456197967529
one_pass,adam,evaluation,16384,2,spectral,7,0,812,0.013894954943731374,4,,0.6735122377929688,0.2404558433227539
one_pass,adam,evaluation,65536,2,spectral,7,0,812,0.013894954943731374,4,,0.6438419576721192,0.22647185594177247
one_pass,adam,evaluation,262144,2,spectral,7,0,812,0.013894954943731374,4,,0.6067695379028321,0.20984496671295166
one_pass,adam,evaluation,1048576,2,spectral,7,0,812,0.013894954943731374,4,,0.5617082457885743,0.1905637279510498
one_pass,adam,evaluation,4194304,2,spectral,7,0,812,0.013894954943731374,4,,0.545673874572754,0.18436374378967285
one_pass,adam,evaluation,8388608,2,spectral,7,0,812,0.013894954943731374,4,,0.5434583647766114,0.18356527627563476
one_pass,adam,evaluation,10000000,2,spectral,7,0,812,0.013894954943731374,4,,0.5421180713500977,0.18306992166137695
one_pass,adam,evaluation,4096,1,spectral,11,0,1914,0.013894954943731374,2,,0.693068947052002,0.24982383753967286
one_pass,adam,evaluation,16384,1,spectral,11,0,1914,0.013894954943731374,2,,0.6718594428710938,0.23959776110839845
one_pass,adam,evaluation,65536,1,spectral,11,0,1914,0.013894954943731374,2,,0.6431766601867676,0.22625355868530272
one_pass,adam,evaluation,262144,1,spectral,11,0,1914,0.013894954943731374,2,,0.5993545677490234,0.2064742874069214
one_pass,adam,evaluation,1048576,1,spectral,11,0,1914,0.013894954943731374,2,,0.5576207336730957,0.18898153413391114
one_pass,adam,evaluation,4194304,1,spectral,11,0,1914,0.013894954943731374,2,,0.5436495371398926,0.1834944425354004
one_pass,adam,evaluation,8388608,1,spectral,11,0,1914,0.013894954943731374,2,,0.5345123035583496,0.17994995813751222
one_pass,adam,evaluation,10000000,1,spectral,11,0,1914,0.013894954943731374,2,,0.533162838104248,0.17937441374969482
one_pass,adam,evaluation,4096,1,spectral,11,0,1914,0.013894954943731374,3,,0.6880299945678711,0.2474643041534424
one_pass,adam,evaluation,16384,1,spectral,11,0,1914,0.013894954943731374,3,,0.6705251572875977,0.2390050559692383
one_pass,adam,evaluation,65536,1,spectral,11,0,1914,0.013894954943731374,3,,0.6405772001953125,0.2251467389984131
one_pass,adam,evaluation,262144,1,spectral,11,0,1914,0.013894954943731374,3,,0.5973400548095703,0.20548945164489746
one_pass,adam,evaluation,1048576,1,spectral,11,0,1914,0.013894954943731374,3,,0.5524499105834961,0.18678551139068603
one_pass,adam,evaluation,4194304,1,spectral,11,0,1914,0.013894954943731374,3,,0.53652713772583,0.18066655158233644
one_pass,adam,evaluation,8388608,1,spectral,11,0,1914,0.013894954943731374,3,,0.5326629867858886,0.17918151319885253
one_pass,adam,evaluation,10000000,1,spectral,11,0,1914,0.013894954943731374,3,,0.5320760798950195,0.1790654573059082
one_pass,adam,evaluation,4096,1,spectral,11,0,1914,0.013894954943731374,4,,0.6883015003356934,0.2475882101135254
one_pass,adam,evaluation,16384,1,spectral,11,0,1914,0.013894954943731374,4,,0.6713425426635742,0.23944762852478027
one_pass,adam,evaluation,65536,1,spectral,11,0,1914,0.013894954943731374,4,,0.6420012656860351,0.22576095724487305
one_pass,adam,evaluation,262144,1,spectral,11,0,1914,0.013894954943731374,4,,0.6013678750915528,0.20743017028045654
one_pass,adam,evaluation,1048576,1,spectral,11,0,1914,0.013894954943731374,4,,0.5562243685302735,0.18834108937072755
one_pass,adam,evaluation,4194304,1,spectral,11,0,1914,0.013894954943731374,4,,0.5413123631286622,0.18262595051574707
one_pass,adam,evaluation,8388608,1,spectral,11,0,1914,0.013894954943731374,4,,0.5365151138916016,0.18073544358825683
one_pass,adam,evaluation,10000000,1,spectral,11,0,1914,0.013894954943731374,4,,0.5358928761901856,0.1804697681350708
one_pass,adam,evaluation,4096,2,spectral,11,0,1914,0.013894954943731374,2,,0.6920694750976563,0.24939615933227538
one_pass,adam,evaluation,16384,2,spectral,11,0,1914,0.013894954943731374,2,,0.6718599961242676,0.23955673114013673
one_pass,adam,evaluation,65536,2,spectral,11,0,1914,0.013894954943731374,2,,0.6418417465820313,0.22563359045410156
one_pass,adam,evaluation,262144,2,spectral,11,0,1914,0.013894954943731374,2,,0.596116899017334,0.20503246933746339
one_pass,adam,evaluation,1048576,2,spectral,11,0,1914,0.013894954943731374,2,,0.5562723411865235,0.18834079515075683
one_pass,adam,evaluation,4194304,2,spectral,11,0,1914,0.013894954943731374,2,,0.5364121716918945,0.1806402402038574
one_pass,adam,evaluation,8388608,2,spectral,11,0,1914,0.013894954943731374,2,,0.5309783830871582,0.17844076434326173
one_pass,adam,evaluation,10000000,2,spectral,11,0,1914,0.013894954943731374,2,,0.5301752376098633,0.17814815509033202
one_pass,adam,evaluation,4096,2,spectral,11,0,1914,0.013894954943731374,3,,0.6874857784423828,0.24721796838378907
one_pass,adam,evaluation,16384,2,spectral,11,0,1914,0.013894954943731374,3,,0.671141478515625,0.23930914723205565
one_pass,adam,evaluation,65536,2,spectral,11,0,1914,0.013894954943731374,3,,0.6418405505981445,0.22567700177001954
one_pass,adam,evaluation,262144,2,spectral,11,0,1914,0.013894954943731374,3,,0.597679859954834,0.20576758583068847
one_pass,adam,evaluation,1048576,2,spectral,11,0,1914,0.013894954943731374,3,,0.5537913279724122,0.18747180992126464
one_pass,adam,evaluation,4194304,2,spectral,11,0,1914,0.013894954943731374,3,,0.5381809551391602,0.18133499669647216
one_pass,adam,evaluation,8388608,2,spectral,11,0,1914,0.013894954943731374,3,,0.5338382436523438,0.17958607471466065
one_pass,adam,evaluation,10000000,2,spectral,11,0,1914,0.013894954943731374,3,,0.5325981629943848,0.17911925115966798
one_pass,adam,evaluation,4096,2,spectral,11,0,1914,0.013894954943731374,4,,0.6879382381896972,0.24740146948242187
one_pass,adam,evaluation,16384,2,spectral,11,0,1914,0.013894954943731374,4,,0.6701219317016601,0.2388401421813965
one_pass,adam,evaluation,65536,2,spectral,11,0,1914,0.013894954943731374,4,,0.6427859401855469,0.22620463500976562
one_pass,adam,evaluation,262144,2,spectral,11,0,1914,0.013894954943731374,4,,0.5971924406738282,0.20550661708831788
one_pass,adam,evaluation,1048576,2,spectral,11,0,1914,0.013894954943731374,4,,0.5511256335144042,0.18633464733886718
one_pass,adam,evaluation,4194304,2,spectral,11,0,1914,0.013894954943731374,4,,0.5372652750549316,0.1808271410522461
one_pass,adam,evaluation,8388608,2,spectral,11,0,1914,0.013894954943731374,4,,0.5344476174926758,0.17977274562835693
one_pass,adam,evaluation,10000000,2,spectral,11,0,1914,0.013894954943731374,4,,0.5329405703125,0.17921443461608888
