protocol,optimizer,split_seed,train_pool_size,phase,train_size,data_seed,model,dim,rank,parameters_per_identity,num_parameters,lr,init_seed,val_rmse,val_warm_fraction,test_rmse,test_warm_fraction
repeated_shuffle,adam+sparseadam,0,15946715,tuning,262144,0,linear,0,0,1,165238,0.0001,0,1.3001976679028335,0.8564315490224732,,
repeated_shuffle,adam+sparseadam,0,15946715,tuning,1048576,0,linear,0,0,1,165238,0.0001,0,1.2803989627442627,0.9791673885565266,,
repeated_shuffle,adam+sparseadam,0,15946715,tuning,4194304,0,linear,0,0,1,165238,0.0001,0,1.2086750226814855,0.9992065488843725,,
repeated_shuffle,adam+sparseadam,0,15946715,tuning,16777216,0,linear,0,0,1,165238,0.0001,0,1.0345322633390621,1.0,,
repeated_shuffle,adam+sparseadam,0,15946715,tuning,67108864,0,linear,0,0,1,165238,0.0001,0,0.9388008069397871,1.0,,
repeated_shuffle,adam+sparseadam,0,15946715,tuning,262144,0,linear,0,0,1,165238,0.0001,1,1.3001976679028335,0.8564315490224732,,
repeated_shuffle,adam+sparseadam,0,15946715,tuning,1048576,0,linear,0,0,1,165238,0.0001,1,1.2803989627442627,0.9791673885565266,,
repeated_shuffle,adam+sparseadam,0,15946715,tuning,4194304,0,linear,0,0,1,165238,0.0001,1,1.2086750226814855,0.9992065488843725,,
repeated_shuffle,adam+sparseadam,0,15946715,tuning,16777216,0,linear,0,0,1,165238,0.0001,1,1.0345322633390621,1.0,,
repeated_shuffle,adam+sparseadam,0,15946715,tuning,67108864,0,linear,0,0,1,165238,0.0001,1,0.9388008069397871,1.0,,
repeated_shuffle,adam+sparseadam,0,15946715,tuning,262144,0,linear,0,0,1,165238,0.0001,2,1.3001976679028335,0.8564315490224732,,
repeated_shuffle,adam+sparseadam,0,15946715,tuning,1048576,0,linear,0,0,1,165238,0.0001,2,1.2803989627442627,0.9791673885565266,,
repeated_shuffle,adam+sparseadam,0,15946715,tuning,4194304,0,linear,0,0,1,165238,0.0001,2,1.2086750226814855,0.9992065488843725,,
repeated_shuffle,adam+sparseadam,0,15946715,tuning,16777216,0,linear,0,0,1,165238,0.0001,2,1.0345322633390621,1.0,,
repeated_shuffle,adam+sparseadam,0,15946715,tuning,67108864,0,linear,0,0,1,165238,0.0001,2,0.9388008069397871,1.0,,
repeated_shuffle,adam+sparseadam,0,15946715,tuning,262144,0,linear,0,0,1,165238,0.0001,3,1.3001976679028335,0.8564315490224732,,
repeated_shuffle,adam+sparseadam,0,15946715,tuning,1048576,0,linear,0,0,1,165238,0.0001,3,1.2803989627442627,0.9791673885565266,,
repeated_shuffle,adam+sparseadam,0,15946715,tuning,4194304,0,linear,0,0,1,165238,0.0001,3,1.2086750226814855,0.9992065488843725,,
repeated_shuffle,adam+sparseadam,0,15946715,tuning,16777216,0,linear,0,0,1,165238,0.0001,3,1.0345322633390621,1.0,,
repeated_shuffle,adam+sparseadam,0,15946715,tuning,67108864,0,linear,0,0,1,165238,0.0001,3,0.9388008069397871,1.0,,
repeated_shuffle,adam+sparseadam,0,15946715,tuning,262144,0,linear,0,0,1,165238,0.0001,4,1.3001976679028335,0.8564315490224732,,
repeated_shuffle,adam+sparseadam,0,15946715,tuning,1048576,0,linear,0,0,1,165238,0.0001,4,1.2803989627442627,0.9791673885565266,,
repeated_shuffle,adam+sparseadam,0,15946715,tuning,4194304,0,linear,0,0,1,165238,0.0001,4,1.2086750226814855,0.9992065488843725,,
repeated_shuffle,adam+sparseadam,0,15946715,tuning,16777216,0,linear,0,0,1,165238,0.0001,4,1.0345322633390621,1.0,,
repeated_shuffle,adam+sparseadam,0,15946715,tuning,67108864,0,linear,0,0,1,165238,0.0001,4,0.9388008069397871,1.0,,
repeated_shuffle,adam+sparseadam,0,15946715,tuning,262144,0,linear,0,0,1,165238,0.0001,5,1.3001976679028335,0.8564315490224732,,
repeated_shuffle,adam+sparseadam,0,15946715,tuning,1048576,0,linear,0,0,1,165238,0.0001,5,1.2803989627442627,0.9791673885565266,,
repeated_shuffle,adam+sparseadam,0,15946715,tuning,4194304,0,linear,0,0,1,165238,0.0001,5,1.2086750226814855,0.9992065488843725,,
repeated_shuffle,adam+sparseadam,0,15946715,tuning,16777216,0,linear,0,0,1,165238,0.0001,5,1.0345322633390621,1.0,,
repeated_shuffle,adam+sparseadam,0,15946715,tuning,67108864,0,linear,0,0,1,165238,0.0001,5,0.9388008069397871,1.0,,
repeated_shuffle,adam+sparseadam,0,15946715,tuning,262144,0,linear,0,0,1,165238,0.0001,6,1.3001976679028335,0.8564315490224732,,
repeated_shuffle,adam+sparseadam,0,15946715,tuning,1048576,0,linear,0,0,1,165238,0.0001,6,1.2803989627442627,0.9791673885565266,,
repeated_shuffle,adam+sparseadam,0,15946715,tuning,4194304,0,linear,0,0,1,165238,0.0001,6,1.2086750226814855,0.9992065488843725,,
repeated_shuffle,adam+sparseadam,0,15946715,tuning,16777216,0,linear,0,0,1,165238,0.0001,6,1.0345322633390621,1.0,,
repeated_shuffle,adam+sparseadam,0,15946715,tuning,67108864,0,linear,0,0,1,165238,0.0001,6,0.9388008069397871,1.0,,
repeated_shuffle,adam+sparseadam,0,15946715,tuning,262144,0,linear,0,0,1,165238,0.0001,7,1.3001976679028335,0.8564315490224732,,
repeated_shuffle,adam+sparseadam,0,15946715,tuning,1048576,0,linear,0,0,1,165238,0.0001,7,1.2803989627442627,0.9791673885565266,,
repeated_shuffle,adam+sparseadam,0,15946715,tuning,4194304,0,linear,0,0,1,165238,0.0001,7,1.2086750226814855,0.9992065488843725,,
repeated_shuffle,adam+sparseadam,0,15946715,tuning,16777216,0,linear,0,0,1,165238,0.0001,7,1.0345322633390621,1.0,,
repeated_shuffle,adam+sparseadam,0,15946715,tuning,67108864,0,linear,0,0,1,165238,0.0001,7,0.9388008069397871,1.0,,
repeated_shuffle,adam+sparseadam,0,15946715,tuning,262144,0,linear,0,0,1,165238,0.00026826957952797245,0,1.2894817102571083,0.8564315490224732,,
repeated_shuffle,adam+sparseadam,0,15946715,tuning,1048576,0,linear,0,0,1,165238,0.00026826957952797245,0,1.2393762519144491,0.9791673885565266,,
repeated_shuffle,adam+sparseadam,0,15946715,tuning,4194304,0,linear,0,0,1,165238,0.00026826957952797245,0,1.0930265203441236,0.9992065488843725,,
repeated_shuffle,adam+sparseadam,0,15946715,tuning,16777216,0,linear,0,0,1,165238,0.00026826957952797245,0,0.9500451205686232,1.0,,
repeated_shuffle,adam+sparseadam,0,15946715,tuning,67108864,0,linear,0,0,1,165238,0.00026826957952797245,0,0.9010139793941523,1.0,,
repeated_shuffle,adam+sparseadam,0,15946715,tuning,262144,0,linear,0,0,1,165238,0.00026826957952797245,1,1.2894817102571083,0.8564315490224732,,
repeated_shuffle,adam+sparseadam,0,15946715,tuning,1048576,0,linear,0,0,1,165238,0.00026826957952797245,1,1.2393762519144491,0.9791673885565266,,
repeated_shuffle,adam+sparseadam,0,15946715,tuning,4194304,0,linear,0,0,1,165238,0.00026826957952797245,1,1.0930265203441236,0.9992065488843725,,
repeated_shuffle,adam+sparseadam,0,15946715,tuning,16777216,0,linear,0,0,1,165238,0.00026826957952797245,1,0.9500451205686232,1.0,,
repeated_shuffle,adam+sparseadam,0,15946715,tuning,67108864,0,linear,0,0,1,165238,0.00026826957952797245,1,0.9010139793941523,1.0,,
repeated_shuffle,adam+sparseadam,0,15946715,tuning,262144,0,linear,0,0,1,165238,0.00026826957952797245,2,1.2894817102571083,0.8564315490224732,,
repeated_shuffle,adam+sparseadam,0,15946715,tuning,1048576,0,linear,0,0,1,165238,0.00026826957952797245,2,1.2393762519144491,0.9791673885565266,,
repeated_shuffle,adam+sparseadam,0,15946715,tuning,4194304,0,linear,0,0,1,165238,0.00026826957952797245,2,1.0930265203441236,0.9992065488843725,,
repeated_shuffle,adam+sparseadam,0,15946715,tuning,16777216,0,linear,0,0,1,165238,0.00026826957952797245,2,0.9500451205686232,1.0,,
repeated_shuffle,adam+sparseadam,0,15946715,tuning,67108864,0,linear,0,0,1,165238,0.00026826957952797245,2,0.9010139793941523,1.0,,
repeated_shuffle,adam+sparseadam,0,15946715,tuning,262144,0,linear,0,0,1,165238,0.00026826957952797245,3,1.2894817102571083,0.8564315490224732,,
repeated_shuffle,adam+sparseadam,0,15946715,tuning,1048576,0,linear,0,0,1,165238,0.00026826957952797245,3,1.2393762519144491,0.9791673885565266,,
repeated_shuffle,adam+sparseadam,0,15946715,tuning,4194304,0,linear,0,0,1,165238,0.00026826957952797245,3,1.0930265203441236,0.9992065488843725,,
repeated_shuffle,adam+sparseadam,0,15946715,tuning,16777216,0,linear,0,0,1,165238,0.00026826957952797245,3,0.9500451205686232,1.0,,
repeated_shuffle,adam+sparseadam,0,15946715,tuning,67108864,0,linear,0,0,1,165238,0.00026826957952797245,3,0.9010139793941523,1.0,,
repeated_shuffle,adam+sparseadam,0,15946715,tuning,262144,0,linear,0,0,1,165238,0.00026826957952797245,4,1.2894817102571083,0.8564315490224732,,
repeated_shuffle,adam+sparseadam,0,15946715,tuning,1048576,0,linear,0,0,1,165238,0.00026826957952797245,4,1.2393762519144491,0.9791673885565266,,
repeated_shuffle,adam+sparseadam,0,15946715,tuning,4194304,0,linear,0,0,1,165238,0.00026826957952797245,4,1.0930265203441236,0.9992065488843725,,
repeated_shuffle,adam+sparseadam,0,15946715,tuning,16777216,0,linear,0,0,1,165238,0.00026826957952797245,4,0.9500451205686232,1.0,,
repeated_shuffle,adam+sparseadam,0,15946715,tuning,67108864,0,linear,0,0,1,165238,0.00026826957952797245,4,0.9010139793941523,1.0,,
repeated_shuffle,adam+sparseadam,0,15946715,tuning,262144,0,linear,0,0,1,165238,0.00026826957952797245,5,1.2894817102571083,0.8564315490224732,,
repeated_shuffle,adam+sparseadam,0,15946715,tuning,1048576,0,linear,0,0,1,165238,0.00026826957952797245,5,1.2393762519144491,0.9791673885565266,,
repeated_shuffle,adam+sparseadam,0,15946715,tuning,4194304,0,linear,0,0,1,165238,0.00026826957952797245,5,1.0930265203441236,0.9992065488843725,,
repeated_shuffle,adam+sparseadam,0,15946715,tuning,16777216,0,linear,0,0,1,165238,0.00026826957952797245,5,0.9500451205686232,1.0,,
repeated_shuffle,adam+sparseadam,0,15946715,tuning,67108864,0,linear,0,0,1,165238,0.00026826957952797245,5,0.9010139793941523,1.0,,
repeated_shuffle,adam+sparseadam,0,15946715,tuning,262144,0,linear,0,0,1,165238,0.00026826957952797245,6,1.2894817102571083,0.8564315490224732,,
repeated_shuffle,adam+sparseadam,0,15946715,tuning,1048576,0,linear,0,0,1,165238,0.00026826957952797245,6,1.2393762519144491,0.9791673885565266,,
repeated_shuffle,adam+sparseadam,0,15946715,tuning,4194304,0,linear,0,0,1,165238,0.00026826957952797245,6,1.0930265203441236,0.9992065488843725,,
repeated_shuffle,adam+sparseadam,0,15946715,tuning,16777216,0,linear,0,0,1,165238,0.00026826957952797245,6,0.9500451205686232,1.0,,
repeated_shuffle,adam+sparseadam,0,15946715,tuning,67108864,0,linear,0,0,1,165238,0.00026826957952797245,6,0.9010139793941523,1.0,,
repeated_shuffle,adam+sparseadam,0,15946715,tuning,262144,0,linear,0,0,1,165238,0.00026826957952797245,7,1.2894817102571083,0.8564315490224732,,
repeated_shuffle,adam+sparseadam,0,15946715,tuning,1048576,0,linear,0,0,1,165238,0.00026826957952797245,7,1.2393762519144491,0.9791673885565266,,
repeated_shuffle,adam+sparseadam,0,15946715,tuning,4194304,0,linear,0,0,1,165238,0.00026826957952797245,7,1.0930265203441236,0.9992065488843725,,
repeated_shuffle,adam+sparseadam,0,15946715,tuning,16777216,0,linear,0,0,1,165238,0.00026826957952797245,7,0.9500451205686232,1.0,,
repeated_shuffle,adam+sparseadam,0,15946715,tuning,67108864,0,linear,0,0,1,165238,0.00026826957952797245,7,0.9010139793941523,1.0,,
repeated_shuffle,adam+sparseadam,0,15946715,tuning,262144,0,linear,0,0,1,165238,0.0007196856730011522,0,1.2617485308939178,0.8564315490224732,,
repeated_shuffle,adam+sparseadam,0,15946715,tuning,1048576,0,linear,0,0,1,165238,0.0007196856730011522,0,1.1483996313977378,0.9791673885565266,,
repeated_shuffle,adam+sparseadam,0,15946715,tuning,4194304,0,linear,0,0,1,165238,0.0007196856730011522,0,0.9744380861408082,0.9992065488843725,,
repeated_shuffle,adam+sparseadam,0,15946715,tuning,16777216,0,linear,0,0,1,165238,0.0007196856730011522,0,0.9043277725256222,1.0,,
repeated_shuffle,adam+sparseadam,0,15946715,tuning,67108864,0,linear,0,0,1,165238,0.0007196856730011522,0,0.871483374006408,1.0,,
repeated_shuffle,adam+sparseadam,0,15946715,tuning,262144,0,linear,0,0,1,165238,0.0007196856730011522,1,1.2617485308939178,0.8564315490224732,,
repeated_shuffle,adam+sparseadam,0,15946715,tuning,1048576,0,linear,0,0,1,165238,0.0007196856730011522,1,1.1483996313977378,0.9791673885565266,,
repeated_shuffle,adam+sparseadam,0,15946715,tuning,4194304,0,linear,0,0,1,165238,0.0007196856730011522,1,0.9744380861408082,0.9992065488843725,,
repeated_shuffle,adam+sparseadam,0,15946715,tuning,16777216,0,linear,0,0,1,165238,0.0007196856730011522,1,0.9043277725256222,1.0,,
repeated_shuffle,adam+sparseadam,0,15946715,tuning,67108864,0,linear,0,0,1,165238,0.0007196856730011522,1,0.871483374006408,1.0,,
repeated_shuffle,adam+sparseadam,0,15946715,tuning,262144,0,linear,0,0,1,165238,0.0007196856730011522,2,1.2617485308939178,0.8564315490224732,,
repeated_shuffle,adam+sparseadam,0,15946715,tuning,1048576,0,linear,0,0,1,165238,0.0007196856730011522,2,1.1483996313977378,0.9791673885565266,,
repeated_shuffle,adam+sparseadam,0,15946715,tuning,4194304,0,linear,0,0,1,165238,0.0007196856730011522,2,0.9744380861408082,0.9992065488843725,,
repeated_shuffle,adam+sparseadam,0,15946715,tuning,16777216,0,linear,0,0,1,165238,0.0007196856730011522,2,0.9043277725256222,1.0,,
repeated_shuffle,adam+sparseadam,0,15946715,tuning,67108864,0,linear,0,0,1,165238,0.0007196856730011522,2,0.871483374006408,1.0,,
repeated_shuffle,adam+sparseadam,0,15946715,tuning,262144,0,linear,0,0,1,165238,0.0007196856730011522,3,1.2617485308939178,0.8564315490224732,,
repeated_shuffle,adam+sparseadam,0,15946715,tuning,1048576,0,linear,0,0,1,165238,0.0007196856730011522,3,1.1483996313977378,0.9791673885565266,,
repeated_shuffle,adam+sparseadam,0,15946715,tuning,4194304,0,linear,0,0,1,165238,0.0007196856730011522,3,0.9744380861408082,0.9992065488843725,,
repeated_shuffle,adam+sparseadam,0,15946715,tuning,16777216,0,linear,0,0,1,165238,0.0007196856730011522,3,0.9043277725256222,1.0,,
repeated_shuffle,adam+sparseadam,0,15946715,tuning,67108864,0,linear,0,0,1,165238,0.0007196856730011522,3,0.871483374006408,1.0,,
repeated_shuffle,adam+sparseadam,0,15946715,tuning,262144,0,linear,0,0,1,165238,0.0007196856730011522,4,1.2617485308939178,0.8564315490224732,,
repeated_shuffle,adam+sparseadam,0,15946715,tuning,1048576,0,linear,0,0,1,165238,0.0007196856730011522,4,1.1483996313977378,0.9791673885565266,,
repeated_shuffle,adam+sparseadam,0,15946715,tuning,4194304,0,linear,0,0,1,165238,0.0007196856730011522,4,0.9744380861408082,0.9992065488843725,,
repeated_shuffle,adam+sparseadam,0,15946715,tuning,16777216,0,linear,0,0,1,165238,0.0007196856730011522,4,0.9043277725256222,1.0,,
repeated_shuffle,adam+sparseadam,0,15946715,tuning,67108864,0,linear,0,0,1,165238,0.0007196856730011522,4,0.871483374006408,1.0,,
repeated_shuffle,adam+sparseadam,0,15946715,tuning,262144,0,linear,0,0,1,165238,0.0007196856730011522,5,1.2617485308939178,0.8564315490224732,,
repeated_shuffle,adam+sparseadam,0,15946715,tuning,1048576,0,linear,0,0,1,165238,0.0007196856730011522,5,1.1483996313977378,0.9791673885565266,,
repeated_shuffle,adam+sparseadam,0,15946715,tuning,4194304,0,linear,0,0,1,165238,0.0007196856730011522,5,0.9744380861408082,0.9992065488843725,,
repeated_shuffle,adam+sparseadam,0,15946715,tuning,16777216,0,linear,0,0,1,165238,0.0007196856730011522,5,0.9043277725256222,1.0,,
repeated_shuffle,adam+sparseadam,0,15946715,tuning,67108864,0,linear,0,0,1,165238,0.0007196856730011522,5,0.871483374006408,1.0,,
repeated_shuffle,adam+sparseadam,0,15946715,tuning,262144,0,linear,0,0,1,165238,0.0007196856730011522,6,1.2617485308939178,0.8564315490224732,,
repeated_shuffle,adam+sparseadam,0,15946715,tuning,1048576,0,linear,0,0,1,165238,0.0007196856730011522,6,1.1483996313977378,0.9791673885565266,,
repeated_shuffle,adam+sparseadam,0,15946715,tuning,4194304,0,linear,0,0,1,165238,0.0007196856730011522,6,0.9744380861408082,0.9992065488843725,,
repeated_shuffle,adam+sparseadam,0,15946715,tuning,16777216,0,linear,0,0,1,165238,0.0007196856730011522,6,0.9043277725256222,1.0,,
repeated_shuffle,adam+sparseadam,0,15946715,tuning,67108864,0,linear,0,0,1,165238,0.0007196856730011522,6,0.871483374006408,1.0,,
repeated_shuffle,adam+sparseadam,0,15946715,tuning,262144,0,linear,0,0,1,165238,0.0007196856730011522,7,1.2617485308939178,0.8564315490224732,,
repeated_shuffle,adam+sparseadam,0,15946715,tuning,1048576,0,linear,0,0,1,165238,0.0007196856730011522,7,1.1483996313977378,0.9791673885565266,,
repeated_shuffle,adam+sparseadam,0,15946715,tuning,4194304,0,linear,0,0,1,165238,0.0007196856730011522,7,0.9744380861408082,0.9992065488843725,,
repeated_shuffle,adam+sparseadam,0,15946715,tuning,16777216,0,linear,0,0,1,165238,0.0007196856730011522,7,0.9043277725256222,1.0,,
repeated_shuffle,adam+sparseadam,0,15946715,tuning,67108864,0,linear,0,0,1,165238,0.0007196856730011522,7,0.871483374006408,1.0,,
repeated_shuffle,adam+sparseadam,0,15946715,tuning,262144,0,linear,0,0,1,165238,0.0019306977288832496,0,1.1947793196702656,0.8564315490224732,,
repeated_shuffle,adam+sparseadam,0,15946715,tuning,1048576,0,linear,0,0,1,165238,0.0019306977288832496,0,1.0162856940076856,0.9791673885565266,,
repeated_shuffle,adam+sparseadam,0,15946715,tuning,4194304,0,linear,0,0,1,165238,0.0019306977288832496,0,0.9173991396543437,0.9992065488843725,,
repeated_shuffle,adam+sparseadam,0,15946715,tuning,16777216,0,linear,0,0,1,165238,0.0019306977288832496,0,0.8726137040791834,1.0,,
repeated_shuffle,adam+sparseadam,0,15946715,tuning,67108864,0,linear,0,0,1,165238,0.0019306977288832496,0,0.8587157048510314,1.0,,
repeated_shuffle,adam+sparseadam,0,15946715,tuning,262144,0,linear,0,0,1,165238,0.0019306977288832496,1,1.1947793196702656,0.8564315490224732,,
repeated_shuffle,adam+sparseadam,0,15946715,tuning,1048576,0,linear,0,0,1,165238,0.0019306977288832496,1,1.0162856940076856,0.9791673885565266,,
repeated_shuffle,adam+sparseadam,0,15946715,tuning,4194304,0,linear,0,0,1,165238,0.0019306977288832496,1,0.9173991396543437,0.9992065488843725,,
repeated_shuffle,adam+sparseadam,0,15946715,tuning,16777216,0,linear,0,0,1,165238,0.0019306977288832496,1,0.8726137040791834,1.0,,
repeated_shuffle,adam+sparseadam,0,15946715,tuning,67108864,0,linear,0,0,1,165238,0.0019306977288832496,1,0.8587157048510314,1.0,,
repeated_shuffle,adam+sparseadam,0,15946715,tuning,262144,0,linear,0,0,1,165238,0.0019306977288832496,2,1.1947793196702656,0.8564315490224732,,
repeated_shuffle,adam+sparseadam,0,15946715,tuning,1048576,0,linear,0,0,1,165238,0.0019306977288832496,2,1.0162856940076856,0.9791673885565266,,
repeated_shuffle,adam+sparseadam,0,15946715,tuning,4194304,0,linear,0,0,1,165238,0.0019306977288832496,2,0.9173991396543437,0.9992065488843725,,
repeated_shuffle,adam+sparseadam,0,15946715,tuning,16777216,0,linear,0,0,1,165238,0.0019306977288832496,2,0.8726137040791834,1.0,,
repeated_shuffle,adam+sparseadam,0,15946715,tuning,67108864,0,linear,0,0,1,165238,0.0019306977288832496,2,0.8587157048510314,1.0,,
repeated_shuffle,adam+sparseadam,0,15946715,tuning,262144,0,linear,0,0,1,165238,0.0019306977288832496,3,1.1947793196702656,0.8564315490224732,,
repeated_shuffle,adam+sparseadam,0,15946715,tuning,1048576,0,linear,0,0,1,165238,0.0019306977288832496,3,1.0162856940076856,0.9791673885565266,,
repeated_shuffle,adam+sparseadam,0,15946715,tuning,4194304,0,linear,0,0,1,165238,0.0019306977288832496,3,0.9173991396543437,0.9992065488843725,,
repeated_shuffle,adam+sparseadam,0,15946715,tuning,16777216,0,linear,0,0,1,165238,0.0019306977288832496,3,0.8726137040791834,1.0,,
repeated_shuffle,adam+sparseadam,0,15946715,tuning,67108864,0,linear,0,0,1,165238,0.0019306977288832496,3,0.8587157048510314,1.0,,
repeated_shuffle,adam+sparseadam,0,15946715,tuning,262144,0,linear,0,0,1,165238,0.0019306977288832496,4,1.1947793196702656,0.8564315490224732,,
repeated_shuffle,adam+sparseadam,0,15946715,tuning,1048576,0,linear,0,0,1,165238,0.0019306977288832496,4,1.0162856940076856,0.9791673885565266,,
repeated_shuffle,adam+sparseadam,0,15946715,tuning,4194304,0,linear,0,0,1,165238,0.0019306977288832496,4,0.9173991396543437,0.9992065488843725,,
repeated_shuffle,adam+sparseadam,0,15946715,tuning,16777216,0,linear,0,0,1,165238,0.0019306977288832496,4,0.8726137040791834,1.0,,
repeated_shuffle,adam+sparseadam,0,15946715,tuning,67108864,0,linear,0,0,1,165238,0.0019306977288832496,4,0.8587157048510314,1.0,,
repeated_shuffle,adam+sparseadam,0,15946715,tuning,262144,0,linear,0,0,1,165238,0.0019306977288832496,5,1.1947793196702656,0.8564315490224732,,
repeated_shuffle,adam+sparseadam,0,15946715,tuning,1048576,0,linear,0,0,1,165238,0.0019306977288832496,5,1.0162856940076856,0.9791673885565266,,
repeated_shuffle,adam+sparseadam,0,15946715,tuning,4194304,0,linear,0,0,1,165238,0.0019306977288832496,5,0.9173991396543437,0.9992065488843725,,
repeated_shuffle,adam+sparseadam,0,15946715,tuning,16777216,0,linear,0,0,1,165238,0.0019306977288832496,5,0.8726137040791834,1.0,,
repeated_shuffle,adam+sparseadam,0,15946715,tuning,67108864,0,linear,0,0,1,165238,0.0019306977288832496,5,0.8587157048510314,1.0,,
repeated_shuffle,adam+sparseadam,0,15946715,tuning,262144,0,linear,0,0,1,165238,0.0019306977288832496,6,1.1947793196702656,0.8564315490224732,,
repeated_shuffle,adam+sparseadam,0,15946715,tuning,1048576,0,linear,0,0,1,165238,0.0019306977288832496,6,1.0162856940076856,0.9791673885565266,,
repeated_shuffle,adam+sparseadam,0,15946715,tuning,4194304,0,linear,0,0,1,165238,0.0019306977288832496,6,0.9173991396543437,0.9992065488843725,,
repeated_shuffle,adam+sparseadam,0,15946715,tuning,16777216,0,linear,0,0,1,165238,0.0019306977288832496,6,0.8726137040791834,1.0,,
repeated_shuffle,adam+sparseadam,0,15946715,tuning,67108864,0,linear,0,0,1,165238,0.0019306977288832496,6,0.8587157048510314,1.0,,
repeated_shuffle,adam+sparseadam,0,15946715,tuning,262144,0,linear,0,0,1,165238,0.0019306977288832496,7,1.1947793196702656,0.8564315490224732,,
repeated_shuffle,adam+sparseadam,0,15946715,tuning,1048576,0,linear,0,0,1,165238,0.0019306977288832496,7,1.0162856940076856,0.9791673885565266,,
repeated_shuffle,adam+sparseadam,0,15946715,tuning,4194304,0,linear,0,0,1,165238,0.0019306977288832496,7,0.9173991396543437,0.9992065488843725,,
repeated_shuffle,adam+sparseadam,0,15946715,tuning,16777216,0,linear,0,0,1,165238,0.0019306977288832496,7,0.8726137040791834,1.0,,
repeated_shuffle,adam+sparseadam,0,15946715,tuning,67108864,0,linear,0,0,1,165238,0.0019306977288832496,7,0.8587157048510314,1.0,,
repeated_shuffle,adam+sparseadam,0,15946715,tuning,262144,0,linear,0,0,1,165238,0.005179474679231213,0,1.0682443887759387,0.8564315490224732,,
repeated_shuffle,adam+sparseadam,0,15946715,tuning,1048576,0,linear,0,0,1,165238,0.005179474679231213,0,0.9431706483223226,0.9791673885565266,,
repeated_shuffle,adam+sparseadam,0,15946715,tuning,4194304,0,linear,0,0,1,165238,0.005179474679231213,0,0.883978866043027,0.9992065488843725,,
repeated_shuffle,adam+sparseadam,0,15946715,tuning,16777216,0,linear,0,0,1,165238,0.005179474679231213,0,0.8606276292238003,1.0,,
repeated_shuffle,adam+sparseadam,0,15946715,tuning,67108864,0,linear,0,0,1,165238,0.005179474679231213,0,0.857985031197672,1.0,,
repeated_shuffle,adam+sparseadam,0,15946715,tuning,262144,0,linear,0,0,1,165238,0.005179474679231213,1,1.0682443887759387,0.8564315490224732,,
repeated_shuffle,adam+sparseadam,0,15946715,tuning,1048576,0,linear,0,0,1,165238,0.005179474679231213,1,0.9431706483223226,0.9791673885565266,,
repeated_shuffle,adam+sparseadam,0,15946715,tuning,4194304,0,linear,0,0,1,165238,0.005179474679231213,1,0.883978866043027,0.9992065488843725,,
repeated_shuffle,adam+sparseadam,0,15946715,tuning,16777216,0,linear,0,0,1,165238,0.005179474679231213,1,0.8606276292238003,1.0,,
repeated_shuffle,adam+sparseadam,0,15946715,tuning,67108864,0,linear,0,0,1,165238,0.005179474679231213,1,0.857985031197672,1.0,,
repeated_shuffle,adam+sparseadam,0,15946715,tuning,262144,0,linear,0,0,1,165238,0.005179474679231213,2,1.0682443887759387,0.8564315490224732,,
repeated_shuffle,adam+sparseadam,0,15946715,tuning,1048576,0,linear,0,0,1,165238,0.005179474679231213,2,0.9431706483223226,0.9791673885565266,,
repeated_shuffle,adam+sparseadam,0,15946715,tuning,4194304,0,linear,0,0,1,165238,0.005179474679231213,2,0.883978866043027,0.9992065488843725,,
repeated_shuffle,adam+sparseadam,0,15946715,tuning,16777216,0,linear,0,0,1,165238,0.005179474679231213,2,0.8606276292238003,1.0,,
repeated_shuffle,adam+sparseadam,0,15946715,tuning,67108864,0,linear,0,0,1,165238,0.005179474679231213,2,0.857985031197672,1.0,,
repeated_shuffle,adam+sparseadam,0,15946715,tuning,262144,0,linear,0,0,1,165238,0.005179474679231213,3,1.0682443887759387,0.8564315490224732,,
repeated_shuffle,adam+sparseadam,0,15946715,tuning,1048576,0,linear,0,0,1,165238,0.005179474679231213,3,0.9431706483223226,0.9791673885565266,,
repeated_shuffle,adam+sparseadam,0,15946715,tuning,4194304,0,linear,0,0,1,165238,0.005179474679231213,3,0.883978866043027,0.9992065488843725,,
repeated_shuffle,adam+sparseadam,0,15946715,tuning,16777216,0,linear,0,0,1,165238,0.005179474679231213,3,0.8606276292238003,1.0,,
repeated_shuffle,adam+sparseadam,0,15946715,tuning,67108864,0,linear,0,0,1,165238,0.005179474679231213,3,0.857985031197672,1.0,,
repeated_shuffle,adam+sparseadam,0,15946715,tuning,262144,0,linear,0,0,1,165238,0.005179474679231213,4,1.0682443887759387,0.8564315490224732,,
repeated_shuffle,adam+sparseadam,0,15946715,tuning,1048576,0,linear,0,0,1,165238,0.005179474679231213,4,0.9431706483223226,0.9791673885565266,,
repeated_shuffle,adam+sparseadam,0,15946715,tuning,4194304,0,linear,0,0,1,165238,0.005179474679231213,4,0.883978866043027,0.9992065488843725,,
repeated_shuffle,adam+sparseadam,0,15946715,tuning,16777216,0,linear,0,0,1,165238,0.005179474679231213,4,0.8606276292238003,1.0,,
repeated_shuffle,adam+sparseadam,0,15946715,tuning,67108864,0,linear,0,0,1,165238,0.005179474679231213,4,0.857985031197672,1.0,,
repeated_shuffle,adam+sparseadam,0,15946715,tuning,262144,0,linear,0,0,1,165238,0.005179474679231213,5,1.0682443887759387,0.8564315490224732,,
repeated_shuffle,adam+sparseadam,0,15946715,tuning,1048576,0,linear,0,0,1,165238,0.005179474679231213,5,0.9431706483223226,0.9791673885565266,,
repeated_shuffle,adam+sparseadam,0,15946715,tuning,4194304,0,linear,0,0,1,165238,0.005179474679231213,5,0.883978866043027,0.9992065488843725,,
repeated_shuffle,adam+sparseadam,0,15946715,tuning,16777216,0,linear,0,0,1,165238,0.005179474679231213,5,0.8606276292238003,1.0,,
repeated_shuffle,adam+sparseadam,0,15946715,tuning,67108864,0,linear,0,0,1,165238,0.005179474679231213,5,0.857985031197672,1.0,,
repeated_shuffle,adam+sparseadam,0,15946715,tuning,262144,0,linear,0,0,1,165238,0.005179474679231213,6,1.0682443887759387,0.8564315490224732,,
repeated_shuffle,adam+sparseadam,0,15946715,tuning,1048576,0,linear,0,0,1,165238,0.005179474679231213,6,0.9431706483223226,0.9791673885565266,,
repeated_shuffle,adam+sparseadam,0,15946715,tuning,4194304,0,linear,0,0,1,165238,0.005179474679231213,6,0.883978866043027,0.9992065488843725,,
repeated_shuffle,adam+sparseadam,0,15946715,tuning,16777216,0,linear,0,0,1,165238,0.005179474679231213,6,0.8606276292238003,1.0,,
repeated_shuffle,adam+sparseadam,0,15946715,tuning,67108864,0,linear,0,0,1,165238,0.005179474679231213,6,0.857985031197672,1.0,,
repeated_shuffle,adam+sparseadam,0,15946715,tuning,262144,0,linear,0,0,1,165238,0.005179474679231213,7,1.0682443887759387,0.8564315490224732,,
repeated_shuffle,adam+sparseadam,0,15946715,tuning,1048576,0,linear,0,0,1,165238,0.005179474679231213,7,0.9431706483223226,0.9791673885565266,,
repeated_shuffle,adam+sparseadam,0,15946715,tuning,4194304,0,linear,0,0,1,165238,0.005179474679231213,7,0.883978866043027,0.9992065488843725,,
repeated_shuffle,adam+sparseadam,0,15946715,tuning,16777216,0,linear,0,0,1,165238,0.005179474679231213,7,0.8606276292238003,1.0,,
repeated_shuffle,adam+sparseadam,0,15946715,tuning,67108864,0,linear,0,0,1,165238,0.005179474679231213,7,0.857985031197672,1.0,,
repeated_shuffle,adam+sparseadam,0,15946715,tuning,262144,0,linear,0,0,1,165238,0.013894954943731374,0,0.9733791436530976,0.8564315490224732,,
repeated_shuffle,adam+sparseadam,0,15946715,tuning,1048576,0,linear,0,0,1,165238,0.013894954943731374,0,0.9087006235595875,0.9791673885565266,,
repeated_shuffle,adam+sparseadam,0,15946715,tuning,4194304,0,linear,0,0,1,165238,0.013894954943731374,0,0.8744403113096677,0.9992065488843725,,
repeated_shuffle,adam+sparseadam,0,15946715,tuning,16777216,0,linear,0,0,1,165238,0.013894954943731374,0,0.8650788973518692,1.0,,
repeated_shuffle,adam+sparseadam,0,15946715,tuning,67108864,0,linear,0,0,1,165238,0.013894954943731374,0,0.8617426128635849,1.0,,
repeated_shuffle,adam+sparseadam,0,15946715,tuning,262144,0,linear,0,0,1,165238,0.013894954943731374,1,0.9733791436530976,0.8564315490224732,,
repeated_shuffle,adam+sparseadam,0,15946715,tuning,1048576,0,linear,0,0,1,165238,0.013894954943731374,1,0.9087006235595875,0.9791673885565266,,
repeated_shuffle,adam+sparseadam,0,15946715,tuning,4194304,0,linear,0,0,1,165238,0.013894954943731374,1,0.8744403113096677,0.9992065488843725,,
repeated_shuffle,adam+sparseadam,0,15946715,tuning,16777216,0,linear,0,0,1,165238,0.013894954943731374,1,0.8650788973518692,1.0,,
repeated_shuffle,adam+sparseadam,0,15946715,tuning,67108864,0,linear,0,0,1,165238,0.013894954943731374,1,0.8617426128635849,1.0,,
repeated_shuffle,adam+sparseadam,0,15946715,tuning,262144,0,linear,0,0,1,165238,0.013894954943731374,2,0.9733791436530976,0.8564315490224732,,
repeated_shuffle,adam+sparseadam,0,15946715,tuning,1048576,0,linear,0,0,1,165238,0.013894954943731374,2,0.9087006235595875,0.9791673885565266,,
repeated_shuffle,adam+sparseadam,0,15946715,tuning,4194304,0,linear,0,0,1,165238,0.013894954943731374,2,0.8744403113096677,0.9992065488843725,,
repeated_shuffle,adam+sparseadam,0,15946715,tuning,16777216,0,linear,0,0,1,165238,0.013894954943731374,2,0.8650788973518692,1.0,,
repeated_shuffle,adam+sparseadam,0,15946715,tuning,67108864,0,linear,0,0,1,165238,0.013894954943731374,2,0.8617426128635849,1.0,,
repeated_shuffle,adam+sparseadam,0,15946715,tuning,262144,0,linear,0,0,1,165238,0.013894954943731374,3,0.9733791436530976,0.8564315490224732,,
repeated_shuffle,adam+sparseadam,0,15946715,tuning,1048576,0,linear,0,0,1,165238,0.013894954943731374,3,0.9087006235595875,0.9791673885565266,,
repeated_shuffle,adam+sparseadam,0,15946715,tuning,4194304,0,linear,0,0,1,165238,0.013894954943731374,3,0.8744403113096677,0.9992065488843725,,
repeated_shuffle,adam+sparseadam,0,15946715,tuning,16777216,0,linear,0,0,1,165238,0.013894954943731374,3,0.8650788973518692,1.0,,
repeated_shuffle,adam+sparseadam,0,15946715,tuning,67108864,0,linear,0,0,1,165238,0.013894954943731374,3,0.8617426128635849,1.0,,
repeated_shuffle,adam+sparseadam,0,15946715,tuning,262144,0,linear,0,0,1,165238,0.013894954943731374,4,0.9733791436530976,0.8564315490224732,,
repeated_shuffle,adam+sparseadam,0,15946715,tuning,1048576,0,linear,0,0,1,165238,0.013894954943731374,4,0.9087006235595875,0.9791673885565266,,
repeated_shuffle,adam+sparseadam,0,15946715,tuning,4194304,0,linear,0,0,1,165238,0.013894954943731374,4,0.8744403113096677,0.9992065488843725,,
repeated_shuffle,adam+sparseadam,0,15946715,tuning,16777216,0,linear,0,0,1,165238,0.013894954943731374,4,0.8650788973518692,1.0,,
repeated_shuffle,adam+sparseadam,0,15946715,tuning,67108864,0,linear,0,0,1,165238,0.013894954943731374,4,0.8617426128635849,1.0,,
repeated_shuffle,adam+sparseadam,0,15946715,tuning,262144,0,linear,0,0,1,165238,0.013894954943731374,5,0.9733791436530976,0.8564315490224732,,
repeated_shuffle,adam+sparseadam,0,15946715,tuning,1048576,0,linear,0,0,1,165238,0.013894954943731374,5,0.9087006235595875,0.9791673885565266,,
repeated_shuffle,adam+sparseadam,0,15946715,tuning,4194304,0,linear,0,0,1,165238,0.013894954943731374,5,0.8744403113096677,0.9992065488843725,,
repeated_shuffle,adam+sparseadam,0,15946715,tuning,16777216,0,linear,0,0,1,165238,0.013894954943731374,5,0.8650788973518692,1.0,,
repeated_shuffle,adam+sparseadam,0,15946715,tuning,67108864,0,linear,0,0,1,165238,0.013894954943731374,5,0.8617426128635849,1.0,,
repeated_shuffle,adam+sparseadam,0,15946715,tuning,262144,0,linear,0,0,1,165238,0.013894954943731374,6,0.9733791436530976,0.8564315490224732,,
repeated_shuffle,adam+sparseadam,0,15946715,tuning,1048576,0,linear,0,0,1,165238,0.013894954943731374,6,0.9087006235595875,0.9791673885565266,,
repeated_shuffle,adam+sparseadam,0,15946715,tuning,4194304,0,linear,0,0,1,165238,0.013894954943731374,6,0.8744403113096677,0.9992065488843725,,
repeated_shuffle,adam+sparseadam,0,15946715,tuning,16777216,0,linear,0,0,1,165238,0.013894954943731374,6,0.8650788973518692,1.0,,
repeated_shuffle,adam+sparseadam,0,15946715,tuning,67108864,0,linear,0,0,1,165238,0.013894954943731374,6,0.8617426128635849,1.0,,
repeated_shuffle,adam+sparseadam,0,15946715,tuning,262144,0,linear,0,0,1,165238,0.013894954943731374,7,0.9733791436530976,0.8564315490224732,,
repeated_shuffle,adam+sparseadam,0,15946715,tuning,1048576,0,linear,0,0,1,165238,0.013894954943731374,7,0.9087006235595875,0.9791673885565266,,
repeated_shuffle,adam+sparseadam,0,15946715,tuning,4194304,0,linear,0,0,1,165238,0.013894954943731374,7,0.8744403113096677,0.9992065488843725,,
repeated_shuffle,adam+sparseadam,0,15946715,tuning,16777216,0,linear,0,0,1,165238,0.013894954943731374,7,0.8650788973518692,1.0,,
repeated_shuffle,adam+sparseadam,0,15946715,tuning,67108864,0,linear,0,0,1,165238,0.013894954943731374,7,0.8617426128635849,1.0,,
repeated_shuffle,adam+sparseadam,0,15946715,tuning,262144,0,linear,0,0,1,165238,0.03727593720314938,0,0.9405405130191942,0.8564315490224732,,
repeated_shuffle,adam+sparseadam,0,15946715,tuning,1048576,0,linear,0,0,1,165238,0.03727593720314938,0,0.9023121445457445,0.9791673885565266,,
repeated_shuffle,adam+sparseadam,0,15946715,tuning,4194304,0,linear,0,0,1,165238,0.03727593720314938,0,0.8942511643127959,0.9992065488843725,,
repeated_shuffle,adam+sparseadam,0,15946715,tuning,16777216,0,linear,0,0,1,165238,0.03727593720314938,0,0.8843150433414346,1.0,,
repeated_shuffle,adam+sparseadam,0,15946715,tuning,67108864,0,linear,0,0,1,165238,0.03727593720314938,0,0.8730821465817161,1.0,,
repeated_shuffle,adam+sparseadam,0,15946715,tuning,262144,0,linear,0,0,1,165238,0.03727593720314938,1,0.9405405130191942,0.8564315490224732,,
repeated_shuffle,adam+sparseadam,0,15946715,tuning,1048576,0,linear,0,0,1,165238,0.03727593720314938,1,0.9023121445457445,0.9791673885565266,,
repeated_shuffle,adam+sparseadam,0,15946715,tuning,4194304,0,linear,0,0,1,165238,0.03727593720314938,1,0.8942511643127959,0.9992065488843725,,
repeated_shuffle,adam+sparseadam,0,15946715,tuning,16777216,0,linear,0,0,1,165238,0.03727593720314938,1,0.8843150433414346,1.0,,
repeated_shuffle,adam+sparseadam,0,15946715,tuning,67108864,0,linear,0,0,1,165238,0.03727593720314938,1,0.8730821465817161,1.0,,
repeated_shuffle,adam+sparseadam,0,15946715,tuning,262144,0,linear,0,0,1,165238,0.03727593720314938,2,0.9405405130191942,0.8564315490224732,,
repeated_shuffle,adam+sparseadam,0,15946715,tuning,1048576,0,linear,0,0,1,165238,0.03727593720314938,2,0.9023121445457445,0.9791673885565266,,
repeated_shuffle,adam+sparseadam,0,15946715,tuning,4194304,0,linear,0,0,1,165238,0.03727593720314938,2,0.8942511643127959,0.9992065488843725,,
repeated_shuffle,adam+sparseadam,0,15946715,tuning,16777216,0,linear,0,0,1,165238,0.03727593720314938,2,0.8843150433414346,1.0,,
repeated_shuffle,adam+sparseadam,0,15946715,tuning,67108864,0,linear,0,0,1,165238,0.03727593720314938,2,0.8730821465817161,1.0,,
repeated_shuffle,adam+sparseadam,0,15946715,tuning,262144,0,linear,0,0,1,165238,0.03727593720314938,3,0.9405405130191942,0.8564315490224732,,
repeated_shuffle,adam+sparseadam,0,15946715,tuning,1048576,0,linear,0,0,1,165238,0.03727593720314938,3,0.9023121445457445,0.9791673885565266,,
repeated_shuffle,adam+sparseadam,0,15946715,tuning,4194304,0,linear,0,0,1,165238,0.03727593720314938,3,0.8942511643127959,0.9992065488843725,,
repeated_shuffle,adam+sparseadam,0,15946715,tuning,16777216,0,linear,0,0,1,165238,0.03727593720314938,3,0.8843150433414346,1.0,,
repeated_shuffle,adam+sparseadam,0,15946715,tuning,67108864,0,linear,0,0,1,165238,0.03727593720314938,3,0.8730821465817161,1.0,,
repeated_shuffle,adam+sparseadam,0,15946715,tuning,262144,0,linear,0,0,1,165238,0.03727593720314938,4,0.9405405130191942,0.8564315490224732,,
repeated_shuffle,adam+sparseadam,0,15946715,tuning,1048576,0,linear,0,0,1,165238,0.03727593720314938,4,0.9023121445457445,0.9791673885565266,,
repeated_shuffle,adam+sparseadam,0,15946715,tuning,4194304,0,linear,0,0,1,165238,0.03727593720314938,4,0.8942511643127959,0.9992065488843725,,
repeated_shuffle,adam+sparseadam,0,15946715,tuning,16777216,0,linear,0,0,1,165238,0.03727593720314938,4,0.8843150433414346,1.0,,
repeated_shuffle,adam+sparseadam,0,15946715,tuning,67108864,0,linear,0,0,1,165238,0.03727593720314938,4,0.8730821465817161,1.0,,
repeated_shuffle,adam+sparseadam,0,15946715,tuning,262144,0,linear,0,0,1,165238,0.03727593720314938,5,0.9405405130191942,0.8564315490224732,,
repeated_shuffle,adam+sparseadam,0,15946715,tuning,1048576,0,linear,0,0,1,165238,0.03727593720314938,5,0.9023121445457445,0.9791673885565266,,
repeated_shuffle,adam+sparseadam,0,15946715,tuning,4194304,0,linear,0,0,1,165238,0.03727593720314938,5,0.8942511643127959,0.9992065488843725,,
repeated_shuffle,adam+sparseadam,0,15946715,tuning,16777216,0,linear,0,0,1,165238,0.03727593720314938,5,0.8843150433414346,1.0,,
repeated_shuffle,adam+sparseadam,0,15946715,tuning,67108864,0,linear,0,0,1,165238,0.03727593720314938,5,0.8730821465817161,1.0,,
repeated_shuffle,adam+sparseadam,0,15946715,tuning,262144,0,linear,0,0,1,165238,0.03727593720314938,6,0.9405405130191942,0.8564315490224732,,
repeated_shuffle,adam+sparseadam,0,15946715,tuning,1048576,0,linear,0,0,1,165238,0.03727593720314938,6,0.9023121445457445,0.9791673885565266,,
repeated_shuffle,adam+sparseadam,0,15946715,tuning,4194304,0,linear,0,0,1,165238,0.03727593720314938,6,0.8942511643127959,0.9992065488843725,,
repeated_shuffle,adam+sparseadam,0,15946715,tuning,16777216,0,linear,0,0,1,165238,0.03727593720314938,6,0.8843150433414346,1.0,,
repeated_shuffle,adam+sparseadam,0,15946715,tuning,67108864,0,linear,0,0,1,165238,0.03727593720314938,6,0.8730821465817161,1.0,,
repeated_shuffle,adam+sparseadam,0,15946715,tuning,262144,0,linear,0,0,1,165238,0.03727593720314938,7,0.9405405130191942,0.8564315490224732,,
repeated_shuffle,adam+sparseadam,0,15946715,tuning,1048576,0,linear,0,0,1,165238,0.03727593720314938,7,0.9023121445457445,0.9791673885565266,,
repeated_shuffle,adam+sparseadam,0,15946715,tuning,4194304,0,linear,0,0,1,165238,0.03727593720314938,7,0.8942511643127959,0.9992065488843725,,
repeated_shuffle,adam+sparseadam,0,15946715,tuning,16777216,0,linear,0,0,1,165238,0.03727593720314938,7,0.8843150433414346,1.0,,
repeated_shuffle,adam+sparseadam,0,15946715,tuning,67108864,0,linear,0,0,1,165238,0.03727593720314938,7,0.8730821465817161,1.0,,
repeated_shuffle,adam+sparseadam,0,15946715,tuning,262144,0,linear,0,0,1,165238,0.1,0,0.9405336958188153,0.8564315490224732,,
repeated_shuffle,adam+sparseadam,0,15946715,tuning,1048576,0,linear,0,0,1,165238,0.1,0,0.9423894562383716,0.9791673885565266,,
repeated_shuffle,adam+sparseadam,0,15946715,tuning,4194304,0,linear,0,0,1,165238,0.1,0,0.9580988274969952,0.9992065488843725,,
repeated_shuffle,adam+sparseadam,0,15946715,tuning,16777216,0,linear,0,0,1,165238,0.1,0,0.9327229918520995,1.0,,
repeated_shuffle,adam+sparseadam,0,15946715,tuning,67108864,0,linear,0,0,1,165238,0.1,0,0.9053598090355622,1.0,,
repeated_shuffle,adam+sparseadam,0,15946715,tuning,262144,0,linear,0,0,1,165238,0.1,1,0.9405336958188153,0.8564315490224732,,
repeated_shuffle,adam+sparseadam,0,15946715,tuning,1048576,0,linear,0,0,1,165238,0.1,1,0.9423894562383716,0.9791673885565266,,
repeated_shuffle,adam+sparseadam,0,15946715,tuning,4194304,0,linear,0,0,1,165238,0.1,1,0.9580988274969952,0.9992065488843725,,
repeated_shuffle,adam+sparseadam,0,15946715,tuning,16777216,0,linear,0,0,1,165238,0.1,1,0.9327229918520995,1.0,,
repeated_shuffle,adam+sparseadam,0,15946715,tuning,67108864,0,linear,0,0,1,165238,0.1,1,0.9053598090355622,1.0,,
repeated_shuffle,adam+sparseadam,0,15946715,tuning,262144,0,linear,0,0,1,165238,0.1,2,0.9405336958188153,0.8564315490224732,,
repeated_shuffle,adam+sparseadam,0,15946715,tuning,1048576,0,linear,0,0,1,165238,0.1,2,0.9423894562383716,0.9791673885565266,,
repeated_shuffle,adam+sparseadam,0,15946715,tuning,4194304,0,linear,0,0,1,165238,0.1,2,0.9580988274969952,0.9992065488843725,,
repeated_shuffle,adam+sparseadam,0,15946715,tuning,16777216,0,linear,0,0,1,165238,0.1,2,0.9327229918520995,1.0,,
repeated_shuffle,adam+sparseadam,0,15946715,tuning,67108864,0,linear,0,0,1,165238,0.1,2,0.9053598090355622,1.0,,
repeated_shuffle,adam+sparseadam,0,15946715,tuning,262144,0,linear,0,0,1,165238,0.1,3,0.9405336958188153,0.8564315490224732,,
repeated_shuffle,adam+sparseadam,0,15946715,tuning,1048576,0,linear,0,0,1,165238,0.1,3,0.9423894562383716,0.9791673885565266,,
repeated_shuffle,adam+sparseadam,0,15946715,tuning,4194304,0,linear,0,0,1,165238,0.1,3,0.9580988274969952,0.9992065488843725,,
repeated_shuffle,adam+sparseadam,0,15946715,tuning,16777216,0,linear,0,0,1,165238,0.1,3,0.9327229918520995,1.0,,
repeated_shuffle,adam+sparseadam,0,15946715,tuning,67108864,0,linear,0,0,1,165238,0.1,3,0.9053598090355622,1.0,,
repeated_shuffle,adam+sparseadam,0,15946715,tuning,262144,0,linear,0,0,1,165238,0.1,4,0.9405336958188153,0.8564315490224732,,
repeated_shuffle,adam+sparseadam,0,15946715,tuning,1048576,0,linear,0,0,1,165238,0.1,4,0.9423894562383716,0.9791673885565266,,
repeated_shuffle,adam+sparseadam,0,15946715,tuning,4194304,0,linear,0,0,1,165238,0.1,4,0.9580988274969952,0.9992065488843725,,
repeated_shuffle,adam+sparseadam,0,15946715,tuning,16777216,0,linear,0,0,1,165238,0.1,4,0.9327229918520995,1.0,,
repeated_shuffle,adam+sparseadam,0,15946715,tuning,67108864,0,linear,0,0,1,165238,0.1,4,0.9053598090355622,1.0,,
repeated_shuffle,adam+sparseadam,0,15946715,tuning,262144,0,linear,0,0,1,165238,0.1,5,0.9405336958188153,0.8564315490224732,,
repeated_shuffle,adam+sparseadam,0,15946715,tuning,1048576,0,linear,0,0,1,165238,0.1,5,0.9423894562383716,0.9791673885565266,,
repeated_shuffle,adam+sparseadam,0,15946715,tuning,4194304,0,linear,0,0,1,165238,0.1,5,0.9580988274969952,0.9992065488843725,,
repeated_shuffle,adam+sparseadam,0,15946715,tuning,16777216,0,linear,0,0,1,165238,0.1,5,0.9327229918520995,1.0,,
repeated_shuffle,adam+sparseadam,0,15946715,tuning,67108864,0,linear,0,0,1,165238,0.1,5,0.9053598090355622,1.0,,
repeated_shuffle,adam+sparseadam,0,15946715,tuning,262144,0,linear,0,0,1,165238,0.1,6,0.9405336958188153,0.8564315490224732,,
repeated_shuffle,adam+sparseadam,0,15946715,tuning,1048576,0,linear,0,0,1,165238,0.1,6,0.9423894562383716,0.9791673885565266,,
repeated_shuffle,adam+sparseadam,0,15946715,tuning,4194304,0,linear,0,0,1,165238,0.1,6,0.9580988274969952,0.9992065488843725,,
repeated_shuffle,adam+sparseadam,0,15946715,tuning,16777216,0,linear,0,0,1,165238,0.1,6,0.9327229918520995,1.0,,
repeated_shuffle,adam+sparseadam,0,15946715,tuning,67108864,0,linear,0,0,1,165238,0.1,6,0.9053598090355622,1.0,,
repeated_shuffle,adam+sparseadam,0,15946715,tuning,262144,0,linear,0,0,1,165238,0.1,7,0.9405336958188153,0.8564315490224732,,
repeated_shuffle,adam+sparseadam,0,15946715,tuning,1048576,0,linear,0,0,1,165238,0.1,7,0.9423894562383716,0.9791673885565266,,
repeated_shuffle,adam+sparseadam,0,15946715,tuning,4194304,0,linear,0,0,1,165238,0.1,7,0.9580988274969952,0.9992065488843725,,
repeated_shuffle,adam+sparseadam,0,15946715,tuning,16777216,0,linear,0,0,1,165238,0.1,7,0.9327229918520995,1.0,,
repeated_shuffle,adam+sparseadam,0,15946715,tuning,67108864,0,linear,0,0,1,165238,0.1,7,0.9053598090355622,1.0,,
repeated_shuffle,adam+sparseadam,0,15946715,tuning,262144,0,fm,3,5,6,991423,0.0001,0,1.3001979429645447,0.8564315490224732,,
repeated_shuffle,adam+sparseadam,0,15946715,tuning,1048576,0,fm,3,5,6,991423,0.0001,0,1.2803992175700987,0.9791673885565266,,
repeated_shuffle,adam+sparseadam,0,15946715,tuning,4194304,0,fm,3,5,6,991423,0.0001,0,1.2086649948710393,0.9992065488843725,,
repeated_shuffle,adam+sparseadam,0,15946715,tuning,16777216,0,fm,3,5,6,991423,0.0001,0,1.0267175821320875,1.0,,
repeated_shuffle,adam+sparseadam,0,15946715,tuning,67108864,0,fm,3,5,6,991423,0.0001,0,0.9171871193856178,1.0,,
repeated_shuffle,adam+sparseadam,0,15946715,tuning,262144,0,fm,3,5,6,991423,0.0001,1,1.3001974105215874,0.8564315490224732,,
repeated_shuffle,adam+sparseadam,0,15946715,tuning,1048576,0,fm,3,5,6,991423,0.0001,1,1.2803986416085782,0.9791673885565266,,
repeated_shuffle,adam+sparseadam,0,15946715,tuning,4194304,0,fm,3,5,6,991423,0.0001,1,1.2086666381016284,0.9992065488843725,,
repeated_shuffle,adam+sparseadam,0,15946715,tuning,16777216,0,fm,3,5,6,991423,0.0001,1,1.0263779858685893,1.0,,
repeated_shuffle,adam+sparseadam,0,15946715,tuning,67108864,0,fm,3,5,6,991423,0.0001,1,0.9188759161580436,1.0,,
repeated_shuffle,adam+sparseadam,0,15946715,tuning,262144,0,fm,3,5,6,991423,0.0001,2,1.3001974747136724,0.8564315490224732,,
repeated_shuffle,adam+sparseadam,0,15946715,tuning,1048576,0,fm,3,5,6,991423,0.0001,2,1.280398703298235,0.9791673885565266,,
repeated_shuffle,adam+sparseadam,0,15946715,tuning,4194304,0,fm,3,5,6,991423,0.0001,2,1.2086634886800338,0.9992065488843725,,
repeated_shuffle,adam+sparseadam,0,15946715,tuning,16777216,0,fm,3,5,6,991423,0.0001,2,1.0255755760393603,1.0,,
repeated_shuffle,adam+sparseadam,0,15946715,tuning,67108864,0,fm,3,5,6,991423,0.0001,2,0.9186690612806081,1.0,,
repeated_shuffle,adam+sparseadam,0,15946715,tuning,262144,0,fm,3,5,6,991423,0.0001,3,1.3001977790307893,0.8564315490224732,,
repeated_shuffle,adam+sparseadam,0,15946715,tuning,1048576,0,fm,3,5,6,991423,0.0001,3,1.280399084735106,0.9791673885565266,,
repeated_shuffle,adam+sparseadam,0,15946715,tuning,4194304,0,fm,3,5,6,991423,0.0001,3,1.2086732061326926,0.9992065488843725,,
repeated_shuffle,adam+sparseadam,0,15946715,tuning,16777216,0,fm,3,5,6,991423,0.0001,3,1.028830885137154,1.0,,
repeated_shuffle,adam+sparseadam,0,15946715,tuning,67108864,0,fm,3,5,6,991423,0.0001,3,0.919528539387547,1.0,,
repeated_shuffle,adam+sparseadam,0,15946715,tuning,262144,0,fm,3,5,6,991423,0.0001,4,1.3001975747618517,0.8564315490224732,,
repeated_shuffle,adam+sparseadam,0,15946715,tuning,1048576,0,fm,3,5,6,991423,0.0001,4,1.2803988964344784,0.9791673885565266,,
repeated_shuffle,adam+sparseadam,0,15946715,tuning,4194304,0,fm,3,5,6,991423,0.0001,4,1.2086728640380562,0.9992065488843725,,
repeated_shuffle,adam+sparseadam,0,15946715,tuning,16777216,0,fm,3,5,6,991423,0.0001,4,1.0279654353542547,1.0,,
repeated_shuffle,adam+sparseadam,0,15946715,tuning,67108864,0,fm,3,5,6,991423,0.0001,4,0.9193401762623695,1.0,,
repeated_shuffle,adam+sparseadam,0,15946715,tuning,262144,0,fm,3,5,6,991423,0.0001,5,1.3001975448699836,0.8564315490224732,,
repeated_shuffle,adam+sparseadam,0,15946715,tuning,1048576,0,fm,3,5,6,991423,0.0001,5,1.280398706673571,0.9791673885565266,,
repeated_shuffle,adam+sparseadam,0,15946715,tuning,4194304,0,fm,3,5,6,991423,0.0001,5,1.208654445560458,0.9992065488843725,,
repeated_shuffle,adam+sparseadam,0,15946715,tuning,16777216,0,fm,3,5,6,991423,0.0001,5,1.0251820133335128,1.0,,
repeated_shuffle,adam+sparseadam,0,15946715,tuning,67108864,0,fm,3,5,6,991423,0.0001,5,0.9177434875619512,1.0,,
repeated_shuffle,adam+sparseadam,0,15946715,tuning,262144,0,fm,3,5,6,991423,0.0001,6,1.3001976719811401,0.8564315490224732,,
repeated_shuffle,adam+sparseadam,0,15946715,tuning,1048576,0,fm,3,5,6,991423,0.0001,6,1.280398884608834,0.9791673885565266,,
repeated_shuffle,adam+sparseadam,0,15946715,tuning,4194304,0,fm,3,5,6,991423,0.0001,6,1.208658954170038,0.9992065488843725,,
repeated_shuffle,adam+sparseadam,0,15946715,tuning,16777216,0,fm,3,5,6,991423,0.0001,6,1.025354788224484,1.0,,
repeated_shuffle,adam+sparseadam,0,15946715,tuning,67108864,0,fm,3,5,6,991423,0.0001,6,0.9189743821042069,1.0,,
repeated_shuffle,adam+sparseadam,0,15946715,tuning,262144,0,fm,3,5,6,991423,0.0001,7,1.3001976225464058,0.8564315490224732,,
repeated_shuffle,adam+sparseadam,0,15946715,tuning,1048576,0,fm,3,5,6,991423,0.0001,7,1.2803989456281994,0.9791673885565266,,
repeated_shuffle,adam+sparseadam,0,15946715,tuning,4194304,0,fm,3,5,6,991423,0.0001,7,1.208668489072759,0.9992065488843725,,
repeated_shuffle,adam+sparseadam,0,15946715,tuning,16777216,0,fm,3,5,6,991423,0.0001,7,1.0273214493215912,1.0,,
repeated_shuffle,adam+sparseadam,0,15946715,tuning,67108864,0,fm,3,5,6,991423,0.0001,7,0.915664014859963,1.0,,
repeated_shuffle,adam+sparseadam,0,15946715,tuning,262144,0,fm,3,5,6,991423,0.00026826957952797245,0,1.2894819953536563,0.8564315490224732,,
repeated_shuffle,adam+sparseadam,0,15946715,tuning,1048576,0,fm,3,5,6,991423,0.00026826957952797245,0,1.2393759205944939,0.9791673885565266,,
repeated_shuffle,adam+sparseadam,0,15946715,tuning,4194304,0,fm,3,5,6,991423,0.00026826957952797245,0,1.091630157870265,0.9992065488843725,,
repeated_shuffle,adam+sparseadam,0,15946715,tuning,16777216,0,fm,3,5,6,991423,0.00026826957952797245,0,0.927778526536925,1.0,,
repeated_shuffle,adam+sparseadam,0,15946715,tuning,67108864,0,fm,3,5,6,991423,0.00026826957952797245,0,0.8582345841146258,1.0,,
repeated_shuffle,adam+sparseadam,0,15946715,tuning,262144,0,fm,3,5,6,991423,0.00026826957952797245,1,1.2894814175778868,0.8564315490224732,,
repeated_shuffle,adam+sparseadam,0,15946715,tuning,1048576,0,fm,3,5,6,991423,0.00026826957952797245,1,1.2393754786530558,0.9791673885565266,,
repeated_shuffle,adam+sparseadam,0,15946715,tuning,4194304,0,fm,3,5,6,991423,0.00026826957952797245,1,1.0918187825356696,0.9992065488843725,,
repeated_shuffle,adam+sparseadam,0,15946715,tuning,16777216,0,fm,3,5,6,991423,0.00026826957952797245,1,0.9295610908522114,1.0,,
repeated_shuffle,adam+sparseadam,0,15946715,tuning,67108864,0,fm,3,5,6,991423,0.00026826957952797245,1,0.8787174854309551,1.0,,
repeated_shuffle,adam+sparseadam,0,15946715,tuning,262144,0,fm,3,5,6,991423,0.00026826957952797245,2,1.2894814017708776,0.8564315490224732,,
repeated_shuffle,adam+sparseadam,0,15946715,tuning,1048576,0,fm,3,5,6,991423,0.00026826957952797245,2,1.2393751619241395,0.9791673885565266,,
repeated_shuffle,adam+sparseadam,0,15946715,tuning,4194304,0,fm,3,5,6,991423,0.00026826957952797245,2,1.0914521783086184,0.9992065488843725,,
repeated_shuffle,adam+sparseadam,0,15946715,tuning,16777216,0,fm,3,5,6,991423,0.00026826957952797245,2,0.9290359993635084,1.0,,
repeated_shuffle,adam+sparseadam,0,15946715,tuning,67108864,0,fm,3,5,6,991423,0.00026826957952797245,2,0.8670299328520417,1.0,,
repeated_shuffle,adam+sparseadam,0,15946715,tuning,262144,0,fm,3,5,6,991423,0.00026826957952797245,3,1.2894817758145825,0.8564315490224732,,
repeated_shuffle,adam+sparseadam,0,15946715,tuning,1048576,0,fm,3,5,6,991423,0.00026826957952797245,3,1.2393762115288833,0.9791673885565266,,
repeated_shuffle,adam+sparseadam,0,15946715,tuning,4194304,0,fm,3,5,6,991423,0.00026826957952797245,3,1.092551929411462,0.9992065488843725,,
repeated_shuffle,adam+sparseadam,0,15946715,tuning,16777216,0,fm,3,5,6,991423,0.00026826957952797245,3,0.9300438459010695,1.0,,
repeated_shuffle,adam+sparseadam,0,15946715,tuning,67108864,0,fm,3,5,6,991423,0.00026826957952797245,3,0.8686253714851473,1.0,,
repeated_shuffle,adam+sparseadam,0,15946715,tuning,262144,0,fm,3,5,6,991423,0.00026826957952797245,4,1.2894816252082844,0.8564315490224732,,
repeated_shuffle,adam+sparseadam,0,15946715,tuning,1048576,0,fm,3,5,6,991423,0.00026826957952797245,4,1.239376076968027,0.9791673885565266,,
repeated_shuffle,adam+sparseadam,0,15946715,tuning,4194304,0,fm,3,5,6,991423,0.00026826957952797245,4,1.092336740542818,0.9992065488843725,,
repeated_shuffle,adam+sparseadam,0,15946715,tuning,16777216,0,fm,3,5,6,991423,0.00026826957952797245,4,0.9297787829356308,1.0,,
repeated_shuffle,adam+sparseadam,0,15946715,tuning,67108864,0,fm,3,5,6,991423,0.00026826957952797245,4,0.8709171812786652,1.0,,
repeated_shuffle,adam+sparseadam,0,15946715,tuning,262144,0,fm,3,5,6,991423,0.00026826957952797245,5,1.2894816128241482,0.8564315490224732,,
repeated_shuffle,adam+sparseadam,0,15946715,tuning,1048576,0,fm,3,5,6,991423,0.00026826957952797245,5,1.239374783936624,0.9791673885565266,,
repeated_shuffle,adam+sparseadam,0,15946715,tuning,4194304,0,fm,3,5,6,991423,0.00026826957952797245,5,1.0908181524381908,0.9992065488843725,,
repeated_shuffle,adam+sparseadam,0,15946715,tuning,16777216,0,fm,3,5,6,991423,0.00026826957952797245,5,0.9284951468293381,1.0,,
repeated_shuffle,adam+sparseadam,0,15946715,tuning,67108864,0,fm,3,5,6,991423,0.00026826957952797245,5,0.867769943072487,1.0,,
repeated_shuffle,adam+sparseadam,0,15946715,tuning,262144,0,fm,3,5,6,991423,0.00026826957952797245,6,1.2894815741029233,0.8564315490224732,,
repeated_shuffle,adam+sparseadam,0,15946715,tuning,1048576,0,fm,3,5,6,991423,0.00026826957952797245,6,1.2393751466156968,0.9791673885565266,,
repeated_shuffle,adam+sparseadam,0,15946715,tuning,4194304,0,fm,3,5,6,991423,0.00026826957952797245,6,1.0911147528991902,0.9992065488843725,,
repeated_shuffle,adam+sparseadam,0,15946715,tuning,16777216,0,fm,3,5,6,991423,0.00026826957952797245,6,0.9277084673853752,1.0,,
repeated_shuffle,adam+sparseadam,0,15946715,tuning,67108864,0,fm,3,5,6,991423,0.00026826957952797245,6,0.8609049222374563,1.0,,
repeated_shuffle,adam+sparseadam,0,15946715,tuning,262144,0,fm,3,5,6,991423,0.00026826957952797245,7,1.289481706786698,0.8564315490224732,,
repeated_shuffle,adam+sparseadam,0,15946715,tuning,1048576,0,fm,3,5,6,991423,0.00026826957952797245,7,1.239376032749165,0.9791673885565266,,
repeated_shuffle,adam+sparseadam,0,15946715,tuning,4194304,0,fm,3,5,6,991423,0.00026826957952797245,7,1.0919028299030016,0.9992065488843725,,
repeated_shuffle,adam+sparseadam,0,15946715,tuning,16777216,0,fm,3,5,6,991423,0.00026826957952797245,7,0.928298815856619,1.0,,
repeated_shuffle,adam+sparseadam,0,15946715,tuning,67108864,0,fm,3,5,6,991423,0.00026826957952797245,7,0.8622629252331205,1.0,,
repeated_shuffle,adam+sparseadam,0,15946715,tuning,262144,0,fm,3,5,6,991423,0.0007196856730011522,0,1.2617488208236234,0.8564315490224732,,
repeated_shuffle,adam+sparseadam,0,15946715,tuning,1048576,0,fm,3,5,6,991423,0.0007196856730011522,0,1.1483782315613484,0.9791673885565266,,
repeated_shuffle,adam+sparseadam,0,15946715,tuning,4194304,0,fm,3,5,6,991423,0.0007196856730011522,0,0.9608322885695909,0.9992065488843725,,
repeated_shuffle,adam+sparseadam,0,15946715,tuning,16777216,0,fm,3,5,6,991423,0.0007196856730011522,0,0.8701387577484403,1.0,,
repeated_shuffle,adam+sparseadam,0,15946715,tuning,67108864,0,fm,3,5,6,991423,0.0007196856730011522,0,0.8261216604411835,1.0,,
repeated_shuffle,adam+sparseadam,0,15946715,tuning,262144,0,fm,3,5,6,991423,0.0007196856730011522,1,1.2617481760062637,0.8564315490224732,,
repeated_shuffle,adam+sparseadam,0,15946715,tuning,1048576,0,fm,3,5,6,991423,0.0007196856730011522,1,1.148387059307082,0.9791673885565266,,
repeated_shuffle,adam+sparseadam,0,15946715,tuning,4194304,0,fm,3,5,6,991423,0.0007196856730011522,1,0.9618785963767411,0.9992065488843725,,
repeated_shuffle,adam+sparseadam,0,15946715,tuning,16777216,0,fm,3,5,6,991423,0.0007196856730011522,1,0.8714472384168773,1.0,,
repeated_shuffle,adam+sparseadam,0,15946715,tuning,67108864,0,fm,3,5,6,991423,0.0007196856730011522,1,0.8290880951247812,1.0,,
repeated_shuffle,adam+sparseadam,0,15946715,tuning,262144,0,fm,3,5,6,991423,0.0007196856730011522,2,1.261747887339615,0.8564315490224732,,
repeated_shuffle,adam+sparseadam,0,15946715,tuning,1048576,0,fm,3,5,6,991423,0.0007196856730011522,2,1.1483736240887594,0.9791673885565266,,
repeated_shuffle,adam+sparseadam,0,15946715,tuning,4194304,0,fm,3,5,6,991423,0.0007196856730011522,2,0.9603292573306704,0.9992065488843725,,
repeated_shuffle,adam+sparseadam,0,15946715,tuning,16777216,0,fm,3,5,6,991423,0.0007196856730011522,2,0.8721485084855828,1.0,,
repeated_shuffle,adam+sparseadam,0,15946715,tuning,67108864,0,fm,3,5,6,991423,0.0007196856730011522,2,0.8298078289996164,1.0,,
repeated_shuffle,adam+sparseadam,0,15946715,tuning,262144,0,fm,3,5,6,991423,0.0007196856730011522,3,1.2617484840338862,0.8564315490224732,,
repeated_shuffle,adam+sparseadam,0,15946715,tuning,1048576,0,fm,3,5,6,991423,0.0007196856730011522,3,1.148394824394975,0.9791673885565266,,
repeated_shuffle,adam+sparseadam,0,15946715,tuning,4194304,0,fm,3,5,6,991423,0.0007196856730011522,3,0.9625636907017889,0.9992065488843725,,
repeated_shuffle,adam+sparseadam,0,15946715,tuning,16777216,0,fm,3,5,6,991423,0.0007196856730011522,3,0.8719510730960032,1.0,,
repeated_shuffle,adam+sparseadam,0,15946715,tuning,67108864,0,fm,3,5,6,991423,0.0007196856730011522,3,0.8255207658387079,1.0,,
repeated_shuffle,adam+sparseadam,0,15946715,tuning,262144,0,fm,3,5,6,991423,0.0007196856730011522,4,1.2617484657902964,0.8564315490224732,,
repeated_shuffle,adam+sparseadam,0,15946715,tuning,1048576,0,fm,3,5,6,991423,0.0007196856730011522,4,1.1483918653147727,0.9791673885565266,,
repeated_shuffle,adam+sparseadam,0,15946715,tuning,4194304,0,fm,3,5,6,991423,0.0007196856730011522,4,0.9615788882887146,0.9992065488843725,,
repeated_shuffle,adam+sparseadam,0,15946715,tuning,16777216,0,fm,3,5,6,991423,0.0007196856730011522,4,0.8785564568882759,1.0,,
repeated_shuffle,adam+sparseadam,0,15946715,tuning,67108864,0,fm,3,5,6,991423,0.0007196856730011522,4,0.8296957053307449,1.0,,
repeated_shuffle,adam+sparseadam,0,15946715,tuning,262144,0,fm,3,5,6,991423,0.0007196856730011522,5,1.2617484463806714,0.8564315490224732,,
repeated_shuffle,adam+sparseadam,0,15946715,tuning,1048576,0,fm,3,5,6,991423,0.0007196856730011522,5,1.1483576636874728,0.9791673885565266,,
repeated_shuffle,adam+sparseadam,0,15946715,tuning,4194304,0,fm,3,5,6,991423,0.0007196856730011522,5,0.9601655130091272,0.9992065488843725,,
repeated_shuffle,adam+sparseadam,0,15946715,tuning,16777216,0,fm,3,5,6,991423,0.0007196856730011522,5,0.8729678057793316,1.0,,
repeated_shuffle,adam+sparseadam,0,15946715,tuning,67108864,0,fm,3,5,6,991423,0.0007196856730011522,5,0.830277986678388,1.0,,
repeated_shuffle,adam+sparseadam,0,15946715,tuning,262144,0,fm,3,5,6,991423,0.0007196856730011522,6,1.2617480058379746,0.8564315490224732,,
repeated_shuffle,adam+sparseadam,0,15946715,tuning,1048576,0,fm,3,5,6,991423,0.0007196856730011522,6,1.1483657897014432,0.9791673885565266,,
repeated_shuffle,adam+sparseadam,0,15946715,tuning,4194304,0,fm,3,5,6,991423,0.0007196856730011522,6,0.9595628026008199,0.9992065488843725,,
repeated_shuffle,adam+sparseadam,0,15946715,tuning,16777216,0,fm,3,5,6,991423,0.0007196856730011522,6,0.8699728091046783,1.0,,
repeated_shuffle,adam+sparseadam,0,15946715,tuning,67108864,0,fm,3,5,6,991423,0.0007196856730011522,6,0.8302751147233,1.0,,
repeated_shuffle,adam+sparseadam,0,15946715,tuning,262144,0,fm,3,5,6,991423,0.0007196856730011522,7,1.2617486241281277,0.8564315490224732,,
repeated_shuffle,adam+sparseadam,0,15946715,tuning,1048576,0,fm,3,5,6,991423,0.0007196856730011522,7,1.148386517625565,0.9791673885565266,,
repeated_shuffle,adam+sparseadam,0,15946715,tuning,4194304,0,fm,3,5,6,991423,0.0007196856730011522,7,0.960930465965837,0.9992065488843725,,
repeated_shuffle,adam+sparseadam,0,15946715,tuning,16777216,0,fm,3,5,6,991423,0.0007196856730011522,7,0.8675187263466049,1.0,,
repeated_shuffle,adam+sparseadam,0,15946715,tuning,67108864,0,fm,3,5,6,991423,0.0007196856730011522,7,0.8285081422593497,1.0,,
repeated_shuffle,adam+sparseadam,0,15946715,tuning,262144,0,fm,3,5,6,991423,0.0019306977288832496,0,1.194779290527297,0.8564315490224732,,
repeated_shuffle,adam+sparseadam,0,15946715,tuning,1048576,0,fm,3,5,6,991423,0.0019306977288832496,0,1.0157570146938113,0.9791673885565266,,
repeated_shuffle,adam+sparseadam,0,15946715,tuning,4194304,0,fm,3,5,6,991423,0.0019306977288832496,0,0.9007260364343032,0.9992065488843725,,
repeated_shuffle,adam+sparseadam,0,15946715,tuning,16777216,0,fm,3,5,6,991423,0.0019306977288832496,0,0.8305240534082899,1.0,,
repeated_shuffle,adam+sparseadam,0,15946715,tuning,67108864,0,fm,3,5,6,991423,0.0019306977288832496,0,0.8036567500893957,1.0,,
repeated_shuffle,adam+sparseadam,0,15946715,tuning,262144,0,fm,3,5,6,991423,0.0019306977288832496,1,1.1947787701610015,0.8564315490224732,,
repeated_shuffle,adam+sparseadam,0,15946715,tuning,1048576,0,fm,3,5,6,991423,0.0019306977288832496,1,1.0159660878332024,0.9791673885565266,,
repeated_shuffle,adam+sparseadam,0,15946715,tuning,4194304,0,fm,3,5,6,991423,0.0019306977288832496,1,0.8949790890706005,0.9992065488843725,,
repeated_shuffle,adam+sparseadam,0,15946715,tuning,16777216,0,fm,3,5,6,991423,0.0019306977288832496,1,0.8327027678314736,1.0,,
repeated_shuffle,adam+sparseadam,0,15946715,tuning,67108864,0,fm,3,5,6,991423,0.0019306977288832496,1,0.8061775362003416,1.0,,
repeated_shuffle,adam+sparseadam,0,15946715,tuning,262144,0,fm,3,5,6,991423,0.0019306977288832496,2,1.1947773979259797,0.8564315490224732,,
repeated_shuffle,adam+sparseadam,0,15946715,tuning,1048576,0,fm,3,5,6,991423,0.0019306977288832496,2,1.0156077023214114,0.9791673885565266,,
repeated_shuffle,adam+sparseadam,0,15946715,tuning,4194304,0,fm,3,5,6,991423,0.0019306977288832496,2,0.9001210630933322,0.9992065488843725,,
repeated_shuffle,adam+sparseadam,0,15946715,tuning,16777216,0,fm,3,5,6,991423,0.0019306977288832496,2,0.8342762729464961,1.0,,
repeated_shuffle,adam+sparseadam,0,15946715,tuning,67108864,0,fm,3,5,6,991423,0.0019306977288832496,2,0.8044054370273249,1.0,,
repeated_shuffle,adam+sparseadam,0,15946715,tuning,262144,0,fm,3,5,6,991423,0.0019306977288832496,3,1.1947787600276585,0.8564315490224732,,
repeated_shuffle,adam+sparseadam,0,15946715,tuning,1048576,0,fm,3,5,6,991423,0.0019306977288832496,3,1.0160600450554738,0.9791673885565266,,
repeated_shuffle,adam+sparseadam,0,15946715,tuning,4194304,0,fm,3,5,6,991423,0.0019306977288832496,3,0.894365047015553,0.9992065488843725,,
repeated_shuffle,adam+sparseadam,0,15946715,tuning,16777216,0,fm,3,5,6,991423,0.0019306977288832496,3,0.830955043018511,1.0,,
repeated_shuffle,adam+sparseadam,0,15946715,tuning,67108864,0,fm,3,5,6,991423,0.0019306977288832496,3,0.8046503507824703,1.0,,
repeated_shuffle,adam+sparseadam,0,15946715,tuning,262144,0,fm,3,5,6,991423,0.0019306977288832496,4,1.1947792192347677,0.8564315490224732,,
repeated_shuffle,adam+sparseadam,0,15946715,tuning,1048576,0,fm,3,5,6,991423,0.0019306977288832496,4,1.016017861222635,0.9791673885565266,,
repeated_shuffle,adam+sparseadam,0,15946715,tuning,4194304,0,fm,3,5,6,991423,0.0019306977288832496,4,0.9002212194799042,0.9992065488843725,,
repeated_shuffle,adam+sparseadam,0,15946715,tuning,16777216,0,fm,3,5,6,991423,0.0019306977288832496,4,0.8333672670136658,1.0,,
repeated_shuffle,adam+sparseadam,0,15946715,tuning,67108864,0,fm,3,5,6,991423,0.0019306977288832496,4,0.8033264280484269,1.0,,
repeated_shuffle,adam+sparseadam,0,15946715,tuning,262144,0,fm,3,5,6,991423,0.0019306977288832496,5,1.1947787092070172,0.8564315490224732,,
repeated_shuffle,adam+sparseadam,0,15946715,tuning,1048576,0,fm,3,5,6,991423,0.0019306977288832496,5,1.0155161633568732,0.9791673885565266,,
repeated_shuffle,adam+sparseadam,0,15946715,tuning,4194304,0,fm,3,5,6,991423,0.0019306977288832496,5,0.8981330647386524,0.9992065488843725,,
repeated_shuffle,adam+sparseadam,0,15946715,tuning,16777216,0,fm,3,5,6,991423,0.0019306977288832496,5,0.8320612859250867,1.0,,
repeated_shuffle,adam+sparseadam,0,15946715,tuning,67108864,0,fm,3,5,6,991423,0.0019306977288832496,5,0.8042215942774465,1.0,,
repeated_shuffle,adam+sparseadam,0,15946715,tuning,262144,0,fm,3,5,6,991423,0.0019306977288832496,6,1.1947768821509395,0.8564315490224732,,
repeated_shuffle,adam+sparseadam,0,15946715,tuning,1048576,0,fm,3,5,6,991423,0.0019306977288832496,6,1.0153267368481722,0.9791673885565266,,
repeated_shuffle,adam+sparseadam,0,15946715,tuning,4194304,0,fm,3,5,6,991423,0.0019306977288832496,6,0.8935154210050015,0.9992065488843725,,
repeated_shuffle,adam+sparseadam,0,15946715,tuning,16777216,0,fm,3,5,6,991423,0.0019306977288832496,6,0.8345159448080927,1.0,,
repeated_shuffle,adam+sparseadam,0,15946715,tuning,67108864,0,fm,3,5,6,991423,0.0019306977288832496,6,0.8048930180089027,1.0,,
repeated_shuffle,adam+sparseadam,0,15946715,tuning,262144,0,fm,3,5,6,991423,0.0019306977288832496,7,1.1947793354987966,0.8564315490224732,,
repeated_shuffle,adam+sparseadam,0,15946715,tuning,1048576,0,fm,3,5,6,991423,0.0019306977288832496,7,1.0158576495462155,0.9791673885565266,,
repeated_shuffle,adam+sparseadam,0,15946715,tuning,4194304,0,fm,3,5,6,991423,0.0019306977288832496,7,0.89278642696944,0.9992065488843725,,
repeated_shuffle,adam+sparseadam,0,15946715,tuning,16777216,0,fm,3,5,6,991423,0.0019306977288832496,7,0.8313415990735635,1.0,,
repeated_shuffle,adam+sparseadam,0,15946715,tuning,67108864,0,fm,3,5,6,991423,0.0019306977288832496,7,0.8049871648010546,1.0,,
repeated_shuffle,adam+sparseadam,0,15946715,tuning,262144,0,fm,3,5,6,991423,0.005179474679231213,0,1.0682423561205512,0.8564315490224732,,
repeated_shuffle,adam+sparseadam,0,15946715,tuning,1048576,0,fm,3,5,6,991423,0.005179474679231213,0,0.9419795003137811,0.9791673885565266,,
repeated_shuffle,adam+sparseadam,0,15946715,tuning,4194304,0,fm,3,5,6,991423,0.005179474679231213,0,0.8592154096090864,0.9992065488843725,,
repeated_shuffle,adam+sparseadam,0,15946715,tuning,16777216,0,fm,3,5,6,991423,0.005179474679231213,0,0.8118902275104987,1.0,,
repeated_shuffle,adam+sparseadam,0,15946715,tuning,67108864,0,fm,3,5,6,991423,0.005179474679231213,0,0.8016372641844813,1.0,,
repeated_shuffle,adam+sparseadam,0,15946715,tuning,262144,0,fm,3,5,6,991423,0.005179474679231213,1,1.0682413915389704,0.8564315490224732,,
repeated_shuffle,adam+sparseadam,0,15946715,tuning,1048576,0,fm,3,5,6,991423,0.005179474679231213,1,0.9420124648077683,0.9791673885565266,,
repeated_shuffle,adam+sparseadam,0,15946715,tuning,4194304,0,fm,3,5,6,991423,0.005179474679231213,1,0.8600945285613297,0.9992065488843725,,
repeated_shuffle,adam+sparseadam,0,15946715,tuning,16777216,0,fm,3,5,6,991423,0.005179474679231213,1,0.8131204977888157,1.0,,
repeated_shuffle,adam+sparseadam,0,15946715,tuning,67108864,0,fm,3,5,6,991423,0.005179474679231213,1,0.8024094647114562,1.0,,
repeated_shuffle,adam+sparseadam,0,15946715,tuning,262144,0,fm,3,5,6,991423,0.005179474679231213,2,1.0682367046944665,0.8564315490224732,,
repeated_shuffle,adam+sparseadam,0,15946715,tuning,1048576,0,fm,3,5,6,991423,0.005179474679231213,2,0.9413711583871558,0.9791673885565266,,
repeated_shuffle,adam+sparseadam,0,15946715,tuning,4194304,0,fm,3,5,6,991423,0.005179474679231213,2,0.8599670720954237,0.9992065488843725,,
repeated_shuffle,adam+sparseadam,0,15946715,tuning,16777216,0,fm,3,5,6,991423,0.005179474679231213,2,0.8149668840111857,1.0,,
repeated_shuffle,adam+sparseadam,0,15946715,tuning,67108864,0,fm,3,5,6,991423,0.005179474679231213,2,0.8024332116280296,1.0,,
repeated_shuffle,adam+sparseadam,0,15946715,tuning,262144,0,fm,3,5,6,991423,0.005179474679231213,3,1.0682418277419927,0.8564315490224732,,
repeated_shuffle,adam+sparseadam,0,15946715,tuning,1048576,0,fm,3,5,6,991423,0.005179474679231213,3,0.9422891234202035,0.9791673885565266,,
repeated_shuffle,adam+sparseadam,0,15946715,tuning,4194304,0,fm,3,5,6,991423,0.005179474679231213,3,0.8586015450619164,0.9992065488843725,,
repeated_shuffle,adam+sparseadam,0,15946715,tuning,16777216,0,fm,3,5,6,991423,0.005179474679231213,3,0.8127723533765695,1.0,,
repeated_shuffle,adam+sparseadam,0,15946715,tuning,67108864,0,fm,3,5,6,991423,0.005179474679231213,3,0.8023516053331085,1.0,,
repeated_shuffle,adam+sparseadam,0,15946715,tuning,262144,0,fm,3,5,6,991423,0.005179474679231213,4,1.0682439271091149,0.8564315490224732,,
repeated_shuffle,adam+sparseadam,0,15946715,tuning,1048576,0,fm,3,5,6,991423,0.005179474679231213,4,0.9425285124209325,0.9791673885565266,,
repeated_shuffle,adam+sparseadam,0,15946715,tuning,4194304,0,fm,3,5,6,991423,0.005179474679231213,4,0.8604675609951751,0.9992065488843725,,
repeated_shuffle,adam+sparseadam,0,15946715,tuning,16777216,0,fm,3,5,6,991423,0.005179474679231213,4,0.8123159493934656,1.0,,
repeated_shuffle,adam+sparseadam,0,15946715,tuning,67108864,0,fm,3,5,6,991423,0.005179474679231213,4,0.8007178561785488,1.0,,
repeated_shuffle,adam+sparseadam,0,15946715,tuning,262144,0,fm,3,5,6,991423,0.005179474679231213,5,1.0682401512322541,0.8564315490224732,,
repeated_shuffle,adam+sparseadam,0,15946715,tuning,1048576,0,fm,3,5,6,991423,0.005179474679231213,5,0.9416431222133425,0.9791673885565266,,
repeated_shuffle,adam+sparseadam,0,15946715,tuning,4194304,0,fm,3,5,6,991423,0.005179474679231213,5,0.8582205049236139,0.9992065488843725,,
repeated_shuffle,adam+sparseadam,0,15946715,tuning,16777216,0,fm,3,5,6,991423,0.005179474679231213,5,0.8137489486484967,1.0,,
repeated_shuffle,adam+sparseadam,0,15946715,tuning,67108864,0,fm,3,5,6,991423,0.005179474679231213,5,0.8018181522307231,1.0,,
repeated_shuffle,adam+sparseadam,0,15946715,tuning,262144,0,fm,3,5,6,991423,0.005179474679231213,6,1.0682291529480734,0.8564315490224732,,
repeated_shuffle,adam+sparseadam,0,15946715,tuning,1048576,0,fm,3,5,6,991423,0.005179474679231213,6,0.940177582755949,0.9791673885565266,,
repeated_shuffle,adam+sparseadam,0,15946715,tuning,4194304,0,fm,3,5,6,991423,0.005179474679231213,6,0.8587601638347869,0.9992065488843725,,
repeated_shuffle,adam+sparseadam,0,15946715,tuning,16777216,0,fm,3,5,6,991423,0.005179474679231213,6,0.8141149471955381,1.0,,
repeated_shuffle,adam+sparseadam,0,15946715,tuning,67108864,0,fm,3,5,6,991423,0.005179474679231213,6,0.8013162280549104,1.0,,
repeated_shuffle,adam+sparseadam,0,15946715,tuning,262144,0,fm,3,5,6,991423,0.005179474679231213,7,1.0682414684788553,0.8564315490224732,,
repeated_shuffle,adam+sparseadam,0,15946715,tuning,1048576,0,fm,3,5,6,991423,0.005179474679231213,7,0.9419938748752312,0.9791673885565266,,
repeated_shuffle,adam+sparseadam,0,15946715,tuning,4194304,0,fm,3,5,6,991423,0.005179474679231213,7,0.8593387962825968,0.9992065488843725,,
repeated_shuffle,adam+sparseadam,0,15946715,tuning,16777216,0,fm,3,5,6,991423,0.005179474679231213,7,0.8130200992114991,1.0,,
repeated_shuffle,adam+sparseadam,0,15946715,tuning,67108864,0,fm,3,5,6,991423,0.005179474679231213,7,0.8019903451293743,1.0,,
repeated_shuffle,adam+sparseadam,0,15946715,tuning,262144,0,fm,3,5,6,991423,0.013894954943731374,0,0.973406337156674,0.8564315490224732,,
repeated_shuffle,adam+sparseadam,0,15946715,tuning,1048576,0,fm,3,5,6,991423,0.013894954943731374,0,0.9088369850230937,0.9791673885565266,,
repeated_shuffle,adam+sparseadam,0,15946715,tuning,4194304,0,fm,3,5,6,991423,0.013894954943731374,0,0.8598139791905182,0.9992065488843725,,
repeated_shuffle,adam+sparseadam,0,15946715,tuning,16777216,0,fm,3,5,6,991423,0.013894954943731374,0,0.8231579355359699,1.0,,
repeated_shuffle,adam+sparseadam,0,15946715,tuning,67108864,0,fm,3,5,6,991423,0.013894954943731374,0,0.8134240445687652,1.0,,
repeated_shuffle,adam+sparseadam,0,15946715,tuning,262144,0,fm,3,5,6,991423,0.013894954943731374,1,0.9733962643177176,0.8564315490224732,,
repeated_shuffle,adam+sparseadam,0,15946715,tuning,1048576,0,fm,3,5,6,991423,0.013894954943731374,1,0.9088710179891527,0.9791673885565266,,
repeated_shuffle,adam+sparseadam,0,15946715,tuning,4194304,0,fm,3,5,6,991423,0.013894954943731374,1,0.8599311924243743,0.9992065488843725,,
repeated_shuffle,adam+sparseadam,0,15946715,tuning,16777216,0,fm,3,5,6,991423,0.013894954943731374,1,0.8235288577186342,1.0,,
repeated_shuffle,adam+sparseadam,0,15946715,tuning,67108864,0,fm,3,5,6,991423,0.013894954943731374,1,0.8123845339323763,1.0,,
repeated_shuffle,adam+sparseadam,0,15946715,tuning,262144,0,fm,3,5,6,991423,0.013894954943731374,2,0.9733888405664828,0.8564315490224732,,
repeated_shuffle,adam+sparseadam,0,15946715,tuning,1048576,0,fm,3,5,6,991423,0.013894954943731374,2,0.908115476350311,0.9791673885565266,,
repeated_shuffle,adam+sparseadam,0,15946715,tuning,4194304,0,fm,3,5,6,991423,0.013894954943731374,2,0.8598833301152387,0.9992065488843725,,
repeated_shuffle,adam+sparseadam,0,15946715,tuning,16777216,0,fm,3,5,6,991423,0.013894954943731374,2,0.823342039608801,1.0,,
repeated_shuffle,adam+sparseadam,0,15946715,tuning,67108864,0,fm,3,5,6,991423,0.013894954943731374,2,0.811781571459734,1.0,,
repeated_shuffle,adam+sparseadam,0,15946715,tuning,262144,0,fm,3,5,6,991423,0.013894954943731374,3,0.9734057343447982,0.8564315490224732,,
repeated_shuffle,adam+sparseadam,0,15946715,tuning,1048576,0,fm,3,5,6,991423,0.013894954943731374,3,0.9088787321344188,0.9791673885565266,,
repeated_shuffle,adam+sparseadam,0,15946715,tuning,4194304,0,fm,3,5,6,991423,0.013894954943731374,3,0.8592261134760302,0.9992065488843725,,
repeated_shuffle,adam+sparseadam,0,15946715,tuning,16777216,0,fm,3,5,6,991423,0.013894954943731374,3,0.8242594286491072,1.0,,
repeated_shuffle,adam+sparseadam,0,15946715,tuning,67108864,0,fm,3,5,6,991423,0.013894954943731374,3,0.8123587476090678,1.0,,
repeated_shuffle,adam+sparseadam,0,15946715,tuning,262144,0,fm,3,5,6,991423,0.013894954943731374,4,0.973416240690845,0.8564315490224732,,
repeated_shuffle,adam+sparseadam,0,15946715,tuning,1048576,0,fm,3,5,6,991423,0.013894954943731374,4,0.9099483735862788,0.9791673885565266,,
repeated_shuffle,adam+sparseadam,0,15946715,tuning,4194304,0,fm,3,5,6,991423,0.013894954943731374,4,0.8624655719946882,0.9992065488843725,,
repeated_shuffle,adam+sparseadam,0,15946715,tuning,16777216,0,fm,3,5,6,991423,0.013894954943731374,4,0.8236389119708889,1.0,,
repeated_shuffle,adam+sparseadam,0,15946715,tuning,67108864,0,fm,3,5,6,991423,0.013894954943731374,4,0.81232039888079,1.0,,
repeated_shuffle,adam+sparseadam,0,15946715,tuning,262144,0,fm,3,5,6,991423,0.013894954943731374,5,0.9733988718386882,0.8564315490224732,,
repeated_shuffle,adam+sparseadam,0,15946715,tuning,1048576,0,fm,3,5,6,991423,0.013894954943731374,5,0.908123639974843,0.9791673885565266,,
repeated_shuffle,adam+sparseadam,0,15946715,tuning,4194304,0,fm,3,5,6,991423,0.013894954943731374,5,0.8591110581663998,0.9992065488843725,,
repeated_shuffle,adam+sparseadam,0,15946715,tuning,16777216,0,fm,3,5,6,991423,0.013894954943731374,5,0.8242225399269967,1.0,,
repeated_shuffle,adam+sparseadam,0,15946715,tuning,67108864,0,fm,3,5,6,991423,0.013894954943731374,5,0.8128481186573788,1.0,,
repeated_shuffle,adam+sparseadam,0,15946715,tuning,262144,0,fm,3,5,6,991423,0.013894954943731374,6,0.9733663211658594,0.8564315490224732,,
repeated_shuffle,adam+sparseadam,0,15946715,tuning,1048576,0,fm,3,5,6,991423,0.013894954943731374,6,0.9065941649398925,0.9791673885565266,,
repeated_shuffle,adam+sparseadam,0,15946715,tuning,4194304,0,fm,3,5,6,991423,0.013894954943731374,6,0.8584603396966208,0.9992065488843725,,
repeated_shuffle,adam+sparseadam,0,15946715,tuning,16777216,0,fm,3,5,6,991423,0.013894954943731374,6,0.8235468891063092,1.0,,
repeated_shuffle,adam+sparseadam,0,15946715,tuning,67108864,0,fm,3,5,6,991423,0.013894954943731374,6,0.8122059875643396,1.0,,
repeated_shuffle,adam+sparseadam,0,15946715,tuning,262144,0,fm,3,5,6,991423,0.013894954943731374,7,0.9733955618695788,0.8564315490224732,,
repeated_shuffle,adam+sparseadam,0,15946715,tuning,1048576,0,fm,3,5,6,991423,0.013894954943731374,7,0.9092393348291474,0.9791673885565266,,
repeated_shuffle,adam+sparseadam,0,15946715,tuning,4194304,0,fm,3,5,6,991423,0.013894954943731374,7,0.8606099287008373,0.9992065488843725,,
repeated_shuffle,adam+sparseadam,0,15946715,tuning,16777216,0,fm,3,5,6,991423,0.013894954943731374,7,0.8245276302238578,1.0,,
repeated_shuffle,adam+sparseadam,0,15946715,tuning,67108864,0,fm,3,5,6,991423,0.013894954943731374,7,0.813101850061411,1.0,,
repeated_shuffle,adam+sparseadam,0,15946715,tuning,262144,0,fm,3,5,6,991423,0.03727593720314938,0,0.9419833897025294,0.8564315490224732,,
repeated_shuffle,adam+sparseadam,0,15946715,tuning,1048576,0,fm,3,5,6,991423,0.03727593720314938,0,0.9183404959160352,0.9791673885565266,,
repeated_shuffle,adam+sparseadam,0,15946715,tuning,4194304,0,fm,3,5,6,991423,0.03727593720314938,0,0.912869910669031,0.9992065488843725,,
repeated_shuffle,adam+sparseadam,0,15946715,tuning,16777216,0,fm,3,5,6,991423,0.03727593720314938,0,0.88154920332416,1.0,,
repeated_shuffle,adam+sparseadam,0,15946715,tuning,67108864,0,fm,3,5,6,991423,0.03727593720314938,0,0.8462634418389545,1.0,,
repeated_shuffle,adam+sparseadam,0,15946715,tuning,262144,0,fm,3,5,6,991423,0.03727593720314938,1,0.9420672070559829,0.8564315490224732,,
repeated_shuffle,adam+sparseadam,0,15946715,tuning,1048576,0,fm,3,5,6,991423,0.03727593720314938,1,0.9187746007578913,0.9791673885565266,,
repeated_shuffle,adam+sparseadam,0,15946715,tuning,4194304,0,fm,3,5,6,991423,0.03727593720314938,1,0.9130006312289414,0.9992065488843725,,
repeated_shuffle,adam+sparseadam,0,15946715,tuning,16777216,0,fm,3,5,6,991423,0.03727593720314938,1,0.8817794123131754,1.0,,
repeated_shuffle,adam+sparseadam,0,15946715,tuning,67108864,0,fm,3,5,6,991423,0.03727593720314938,1,0.8458119057635742,1.0,,
repeated_shuffle,adam+sparseadam,0,15946715,tuning,262144,0,fm,3,5,6,991423,0.03727593720314938,2,0.9419688298006138,0.8564315490224732,,
repeated_shuffle,adam+sparseadam,0,15946715,tuning,1048576,0,fm,3,5,6,991423,0.03727593720314938,2,0.918348343607265,0.9791673885565266,,
repeated_shuffle,adam+sparseadam,0,15946715,tuning,4194304,0,fm,3,5,6,991423,0.03727593720314938,2,0.9118460586516728,0.9992065488843725,,
repeated_shuffle,adam+sparseadam,0,15946715,tuning,16777216,0,fm,3,5,6,991423,0.03727593720314938,2,0.8818898542216265,1.0,,
repeated_shuffle,adam+sparseadam,0,15946715,tuning,67108864,0,fm,3,5,6,991423,0.03727593720314938,2,0.8453782183246303,1.0,,
repeated_shuffle,adam+sparseadam,0,15946715,tuning,262144,0,fm,3,5,6,991423,0.03727593720314938,3,0.9419544459899047,0.8564315490224732,,
repeated_shuffle,adam+sparseadam,0,15946715,tuning,1048576,0,fm,3,5,6,991423,0.03727593720314938,3,0.9180012366183276,0.9791673885565266,,
repeated_shuffle,adam+sparseadam,0,15946715,tuning,4194304,0,fm,3,5,6,991423,0.03727593720314938,3,0.9127485137692956,0.9992065488843725,,
repeated_shuffle,adam+sparseadam,0,15946715,tuning,16777216,0,fm,3,5,6,991423,0.03727593720314938,3,0.8831587656442431,1.0,,
repeated_shuffle,adam+sparseadam,0,15946715,tuning,67108864,0,fm,3,5,6,991423,0.03727593720314938,3,0.8464015261149479,1.0,,
repeated_shuffle,adam+sparseadam,0,15946715,tuning,262144,0,fm,3,5,6,991423,0.03727593720314938,4,0.9420830960481564,0.8564315490224732,,
repeated_shuffle,adam+sparseadam,0,15946715,tuning,1048576,0,fm,3,5,6,991423,0.03727593720314938,4,0.919244809225626,0.9791673885565266,,
repeated_shuffle,adam+sparseadam,0,15946715,tuning,4194304,0,fm,3,5,6,991423,0.03727593720314938,4,0.9147106600620071,0.9992065488843725,,
repeated_shuffle,adam+sparseadam,0,15946715,tuning,16777216,0,fm,3,5,6,991423,0.03727593720314938,4,0.8821405440690628,1.0,,
repeated_shuffle,adam+sparseadam,0,15946715,tuning,67108864,0,fm,3,5,6,991423,0.03727593720314938,4,0.8463003698211319,1.0,,
repeated_shuffle,adam+sparseadam,0,15946715,tuning,262144,0,fm,3,5,6,991423,0.03727593720314938,5,0.9420464553261014,0.8564315490224732,,
repeated_shuffle,adam+sparseadam,0,15946715,tuning,1048576,0,fm,3,5,6,991423,0.03727593720314938,5,0.9183822009260926,0.9791673885565266,,
repeated_shuffle,adam+sparseadam,0,15946715,tuning,4194304,0,fm,3,5,6,991423,0.03727593720314938,5,0.9125685223089289,0.9992065488843725,,
repeated_shuffle,adam+sparseadam,0,15946715,tuning,16777216,0,fm,3,5,6,991423,0.03727593720314938,5,0.8822584825697407,1.0,,
repeated_shuffle,adam+sparseadam,0,15946715,tuning,67108864,0,fm,3,5,6,991423,0.03727593720314938,5,0.8464434273891832,1.0,,
repeated_shuffle,adam+sparseadam,0,15946715,tuning,262144,0,fm,3,5,6,991423,0.03727593720314938,6,0.9420126539817841,0.8564315490224732,,
repeated_shuffle,adam+sparseadam,0,15946715,tuning,1048576,0,fm,3,5,6,991423,0.03727593720314938,6,0.9179774170406987,0.9791673885565266,,
repeated_shuffle,adam+sparseadam,0,15946715,tuning,4194304,0,fm,3,5,6,991423,0.03727593720314938,6,0.9121281647134954,0.9992065488843725,,
repeated_shuffle,adam+sparseadam,0,15946715,tuning,16777216,0,fm,3,5,6,991423,0.03727593720314938,6,0.8814414940184737,1.0,,
repeated_shuffle,adam+sparseadam,0,15946715,tuning,67108864,0,fm,3,5,6,991423,0.03727593720314938,6,0.8460366713502081,1.0,,
repeated_shuffle,adam+sparseadam,0,15946715,tuning,262144,0,fm,3,5,6,991423,0.03727593720314938,7,0.9420182343703981,0.8564315490224732,,
repeated_shuffle,adam+sparseadam,0,15946715,tuning,1048576,0,fm,3,5,6,991423,0.03727593720314938,7,0.9181800036672509,0.9791673885565266,,
repeated_shuffle,adam+sparseadam,0,15946715,tuning,4194304,0,fm,3,5,6,991423,0.03727593720314938,7,0.9126988461352064,0.9992065488843725,,
repeated_shuffle,adam+sparseadam,0,15946715,tuning,16777216,0,fm,3,5,6,991423,0.03727593720314938,7,0.8827323717276343,1.0,,
repeated_shuffle,adam+sparseadam,0,15946715,tuning,67108864,0,fm,3,5,6,991423,0.03727593720314938,7,0.8458117861405136,1.0,,
repeated_shuffle,adam+sparseadam,0,15946715,tuning,262144,0,fm,3,5,6,991423,0.1,0,0.9670807045989737,0.8564315490224732,,
repeated_shuffle,adam+sparseadam,0,15946715,tuning,1048576,0,fm,3,5,6,991423,0.1,0,1.0467019137685152,0.9791673885565266,,
repeated_shuffle,adam+sparseadam,0,15946715,tuning,4194304,0,fm,3,5,6,991423,0.1,0,1.1250753816459234,0.9992065488843725,,
repeated_shuffle,adam+sparseadam,0,15946715,tuning,16777216,0,fm,3,5,6,991423,0.1,0,1.0437678302259488,1.0,,
repeated_shuffle,adam+sparseadam,0,15946715,tuning,67108864,0,fm,3,5,6,991423,0.1,0,0.9415231596888672,1.0,,
repeated_shuffle,adam+sparseadam,0,15946715,tuning,262144,0,fm,3,5,6,991423,0.1,1,0.9675611411747219,0.8564315490224732,,
repeated_shuffle,adam+sparseadam,0,15946715,tuning,1048576,0,fm,3,5,6,991423,0.1,1,1.0467058818248842,0.9791673885565266,,
repeated_shuffle,adam+sparseadam,0,15946715,tuning,4194304,0,fm,3,5,6,991423,0.1,1,1.1250427643637186,0.9992065488843725,,
repeated_shuffle,adam+sparseadam,0,15946715,tuning,16777216,0,fm,3,5,6,991423,0.1,1,1.0412706557237206,1.0,,
repeated_shuffle,adam+sparseadam,0,15946715,tuning,67108864,0,fm,3,5,6,991423,0.1,1,0.9414162692249314,1.0,,
repeated_shuffle,adam+sparseadam,0,15946715,tuning,262144,0,fm,3,5,6,991423,0.1,2,0.9667030934504826,0.8564315490224732,,
repeated_shuffle,adam+sparseadam,0,15946715,tuning,1048576,0,fm,3,5,6,991423,0.1,2,1.0469529246066152,0.9791673885565266,,
repeated_shuffle,adam+sparseadam,0,15946715,tuning,4194304,0,fm,3,5,6,991423,0.1,2,1.1270698096412957,0.9992065488843725,,
repeated_shuffle,adam+sparseadam,0,15946715,tuning,16777216,0,fm,3,5,6,991423,0.1,2,1.04448283860088,1.0,,
repeated_shuffle,adam+sparseadam,0,15946715,tuning,67108864,0,fm,3,5,6,991423,0.1,2,0.9408625110278381,1.0,,
repeated_shuffle,adam+sparseadam,0,15946715,tuning,262144,0,fm,3,5,6,991423,0.1,3,0.9671975764096242,0.8564315490224732,,
repeated_shuffle,adam+sparseadam,0,15946715,tuning,1048576,0,fm,3,5,6,991423,0.1,3,1.0484688789765078,0.9791673885565266,,
repeated_shuffle,adam+sparseadam,0,15946715,tuning,4194304,0,fm,3,5,6,991423,0.1,3,1.1258371077253035,0.9992065488843725,,
repeated_shuffle,adam+sparseadam,0,15946715,tuning,16777216,0,fm,3,5,6,991423,0.1,3,1.0440798912274953,1.0,,
repeated_shuffle,adam+sparseadam,0,15946715,tuning,67108864,0,fm,3,5,6,991423,0.1,3,0.9425049615538579,1.0,,
repeated_shuffle,adam+sparseadam,0,15946715,tuning,262144,0,fm,3,5,6,991423,0.1,4,0.9673091425042202,0.8564315490224732,,
repeated_shuffle,adam+sparseadam,0,15946715,tuning,1048576,0,fm,3,5,6,991423,0.1,4,1.0473827478601005,0.9791673885565266,,
repeated_shuffle,adam+sparseadam,0,15946715,tuning,4194304,0,fm,3,5,6,991423,0.1,4,1.1265515980625076,0.9992065488843725,,
repeated_shuffle,adam+sparseadam,0,15946715,tuning,16777216,0,fm,3,5,6,991423,0.1,4,1.042436435959043,1.0,,
repeated_shuffle,adam+sparseadam,0,15946715,tuning,67108864,0,fm,3,5,6,991423,0.1,4,0.9416904031549358,1.0,,
repeated_shuffle,adam+sparseadam,0,15946715,tuning,262144,0,fm,3,5,6,991423,0.1,5,0.9665321086671774,0.8564315490224732,,
repeated_shuffle,adam+sparseadam,0,15946715,tuning,1048576,0,fm,3,5,6,991423,0.1,5,1.0479910225426277,0.9791673885565266,,
repeated_shuffle,adam+sparseadam,0,15946715,tuning,4194304,0,fm,3,5,6,991423,0.1,5,1.125178894296508,0.9992065488843725,,
repeated_shuffle,adam+sparseadam,0,15946715,tuning,16777216,0,fm,3,5,6,991423,0.1,5,1.0411717692311977,1.0,,
repeated_shuffle,adam+sparseadam,0,15946715,tuning,67108864,0,fm,3,5,6,991423,0.1,5,0.941293904196927,1.0,,
repeated_shuffle,adam+sparseadam,0,15946715,tuning,262144,0,fm,3,5,6,991423,0.1,6,0.9680933432153779,0.8564315490224732,,
repeated_shuffle,adam+sparseadam,0,15946715,tuning,1048576,0,fm,3,5,6,991423,0.1,6,1.0442008719041902,0.9791673885565266,,
repeated_shuffle,adam+sparseadam,0,15946715,tuning,4194304,0,fm,3,5,6,991423,0.1,6,1.1240516039941806,0.9992065488843725,,
repeated_shuffle,adam+sparseadam,0,15946715,tuning,16777216,0,fm,3,5,6,991423,0.1,6,1.043545709337076,1.0,,
repeated_shuffle,adam+sparseadam,0,15946715,tuning,67108864,0,fm,3,5,6,991423,0.1,6,0.9413790483196124,1.0,,
repeated_shuffle,adam+sparseadam,0,15946715,tuning,262144,0,fm,3,5,6,991423,0.1,7,0.9668827671959671,0.8564315490224732,,
repeated_shuffle,adam+sparseadam,0,15946715,tuning,1048576,0,fm,3,5,6,991423,0.1,7,1.0464163359714707,0.9791673885565266,,
repeated_shuffle,adam+sparseadam,0,15946715,tuning,4194304,0,fm,3,5,6,991423,0.1,7,1.1263384600361614,0.9992065488843725,,
repeated_shuffle,adam+sparseadam,0,15946715,tuning,16777216,0,fm,3,5,6,991423,0.1,7,1.042844742362143,1.0,,
repeated_shuffle,adam+sparseadam,0,15946715,tuning,67108864,0,fm,3,5,6,991423,0.1,7,0.9434850299091311,1.0,,
repeated_shuffle,adam+sparseadam,0,15946715,tuning,262144,0,spectral,3,0,6,991428,0.0001,0,1.211912609275278,0.8564315490224732,,
repeated_shuffle,adam+sparseadam,0,15946715,tuning,1048576,0,spectral,3,0,6,991428,0.0001,0,1.1981030850367484,0.9791673885565266,,
repeated_shuffle,adam+sparseadam,0,15946715,tuning,4194304,0,spectral,3,0,6,991428,0.0001,0,1.154428971184021,0.9992065488843725,,
repeated_shuffle,adam+sparseadam,0,15946715,tuning,16777216,0,spectral,3,0,6,991428,0.0001,0,1.078370431432808,1.0,,
repeated_shuffle,adam+sparseadam,0,15946715,tuning,67108864,0,spectral,3,0,6,991428,0.0001,0,1.0033507229189187,1.0,,
repeated_shuffle,adam+sparseadam,0,15946715,tuning,262144,0,spectral,3,0,6,991428,0.0001,1,1.2142085986061204,0.8564315490224732,,
repeated_shuffle,adam+sparseadam,0,15946715,tuning,1048576,0,spectral,3,0,6,991428,0.0001,1,1.2002395245192554,0.9791673885565266,,
repeated_shuffle,adam+sparseadam,0,15946715,tuning,4194304,0,spectral,3,0,6,991428,0.0001,1,1.1566063376112425,0.9992065488843725,,
repeated_shuffle,adam+sparseadam,0,15946715,tuning,16777216,0,spectral,3,0,6,991428,0.0001,1,1.077256684372819,1.0,,
repeated_shuffle,adam+sparseadam,0,15946715,tuning,67108864,0,spectral,3,0,6,991428,0.0001,1,1.0014786441164585,1.0,,
repeated_shuffle,adam+sparseadam,0,15946715,tuning,262144,0,spectral,3,0,6,991428,0.0001,2,1.296958216312941,0.8564315490224732,,
repeated_shuffle,adam+sparseadam,0,15946715,tuning,1048576,0,spectral,3,0,6,991428,0.0001,2,1.2772314509343654,0.9791673885565266,,
repeated_shuffle,adam+sparseadam,0,15946715,tuning,4194304,0,spectral,3,0,6,991428,0.0001,2,1.211804108842791,0.9992065488843725,,
repeated_shuffle,adam+sparseadam,0,15946715,tuning,16777216,0,spectral,3,0,6,991428,0.0001,2,1.085620848848659,1.0,,
repeated_shuffle,adam+sparseadam,0,15946715,tuning,67108864,0,spectral,3,0,6,991428,0.0001,2,1.0031125744048284,1.0,,
repeated_shuffle,adam+sparseadam,0,15946715,tuning,262144,0,spectral,3,0,6,991428,0.0001,3,1.2793264779121691,0.8564315490224732,,
repeated_shuffle,adam+sparseadam,0,15946715,tuning,1048576,0,spectral,3,0,6,991428,0.0001,3,1.2562817733625442,0.9791673885565266,,
repeated_shuffle,adam+sparseadam,0,15946715,tuning,4194304,0,spectral,3,0,6,991428,0.0001,3,1.186557318642651,0.9992065488843725,,
repeated_shuffle,adam+sparseadam,0,15946715,tuning,16777216,0,spectral,3,0,6,991428,0.0001,3,1.0845166963174582,1.0,,
repeated_shuffle,adam+sparseadam,0,15946715,tuning,67108864,0,spectral,3,0,6,991428,0.0001,3,0.9962608218701959,1.0,,
repeated_shuffle,adam+sparseadam,0,15946715,tuning,262144,0,spectral,3,0,6,991428,0.0001,4,1.5599250118340338,0.8564315490224732,,
repeated_shuffle,adam+sparseadam,0,15946715,tuning,1048576,0,spectral,3,0,6,991428,0.0001,4,1.5332524825369607,0.9791673885565266,,
repeated_shuffle,adam+sparseadam,0,15946715,tuning,4194304,0,spectral,3,0,6,991428,0.0001,4,1.4314298103084604,0.9992065488843725,,
repeated_shuffle,adam+sparseadam,0,15946715,tuning,16777216,0,spectral,3,0,6,991428,0.0001,4,1.1529837717173657,1.0,,
repeated_shuffle,adam+sparseadam,0,15946715,tuning,67108864,0,spectral,3,0,6,991428,0.0001,4,1.0057824538895674,1.0,,
repeated_shuffle,adam+sparseadam,0,15946715,tuning,262144,0,spectral,3,0,6,991428,0.0001,5,1.3953674294514238,0.8564315490224732,,
repeated_shuffle,adam+sparseadam,0,15946715,tuning,1048576,0,spectral,3,0,6,991428,0.0001,5,1.3712318855898107,0.9791673885565266,,
repeated_shuffle,adam+sparseadam,0,15946715,tuning,4194304,0,spectral,3,0,6,991428,0.0001,5,1.2877794086224792,0.9992065488843725,,
repeated_shuffle,adam+sparseadam,0,15946715,tuning,16777216,0,spectral,3,0,6,991428,0.0001,5,1.1085678924211386,1.0,,
repeated_shuffle,adam+sparseadam,0,15946715,tuning,67108864,0,spectral,3,0,6,991428,0.0001,5,1.0017121023697328,1.0,,
repeated_shuffle,adam+sparseadam,0,15946715,tuning,262144,0,spectral,3,0,6,991428,0.0001,6,1.3441477966143884,0.8564315490224732,,
repeated_shuffle,adam+sparseadam,0,15946715,tuning,1048576,0,spectral,3,0,6,991428,0.0001,6,1.3209679914869237,0.9791673885565266,,
repeated_shuffle,adam+sparseadam,0,15946715,tuning,4194304,0,spectral,3,0,6,991428,0.0001,6,1.243089944056216,0.9992065488843725,,
repeated_shuffle,adam+sparseadam,0,15946715,tuning,16777216,0,spectral,3,0,6,991428,0.0001,6,1.0976020167508065,1.0,,
repeated_shuffle,adam+sparseadam,0,15946715,tuning,67108864,0,spectral,3,0,6,991428,0.0001,6,1.0023058578043478,1.0,,
repeated_shuffle,adam+sparseadam,0,15946715,tuning,262144,0,spectral,3,0,6,991428,0.0001,7,1.2459015179365933,0.8564315490224732,,
repeated_shuffle,adam+sparseadam,0,15946715,tuning,1048576,0,spectral,3,0,6,991428,0.0001,7,1.2295410224470673,0.9791673885565266,,
repeated_shuffle,adam+sparseadam,0,15946715,tuning,4194304,0,spectral,3,0,6,991428,0.0001,7,1.1773781880552743,0.9992065488843725,,
repeated_shuffle,adam+sparseadam,0,15946715,tuning,16777216,0,spectral,3,0,6,991428,0.0001,7,1.085092187442388,1.0,,
repeated_shuffle,adam+sparseadam,0,15946715,tuning,67108864,0,spectral,3,0,6,991428,0.0001,7,0.9990949335765132,1.0,,
repeated_shuffle,adam+sparseadam,0,15946715,tuning,262144,0,spectral,3,0,6,991428,0.00026826957952797245,0,1.2043592574377082,0.8564315490224732,,
repeated_shuffle,adam+sparseadam,0,15946715,tuning,1048576,0,spectral,3,0,6,991428,0.00026826957952797245,0,1.1719876226933248,0.9791673885565266,,
repeated_shuffle,adam+sparseadam,0,15946715,tuning,4194304,0,spectral,3,0,6,991428,0.00026826957952797245,0,1.100130374606733,0.9992065488843725,,
repeated_shuffle,adam+sparseadam,0,15946715,tuning,16777216,0,spectral,3,0,6,991428,0.00026826957952797245,0,1.015974657934353,1.0,,
repeated_shuffle,adam+sparseadam,0,15946715,tuning,67108864,0,spectral,3,0,6,991428,0.00026826957952797245,0,0.9383221826539316,1.0,,
repeated_shuffle,adam+sparseadam,0,15946715,tuning,262144,0,spectral,3,0,6,991428,0.00026826957952797245,1,1.2065447658812674,0.8564315490224732,,
repeated_shuffle,adam+sparseadam,0,15946715,tuning,1048576,0,spectral,3,0,6,991428,0.00026826957952797245,1,1.1741133310409335,0.9791673885565266,,
repeated_shuffle,adam+sparseadam,0,15946715,tuning,4194304,0,spectral,3,0,6,991428,0.00026826957952797245,1,1.1015025064641106,0.9992065488843725,,
repeated_shuffle,adam+sparseadam,0,15946715,tuning,16777216,0,spectral,3,0,6,991428,0.00026826957952797245,1,1.0136812055617095,1.0,,
repeated_shuffle,adam+sparseadam,0,15946715,tuning,67108864,0,spectral,3,0,6,991428,0.00026826957952797245,1,0.9371960059353971,1.0,,
repeated_shuffle,adam+sparseadam,0,15946715,tuning,262144,0,spectral,3,0,6,991428,0.00026826957952797245,2,1.2861102088987364,0.8564315490224732,,
repeated_shuffle,adam+sparseadam,0,15946715,tuning,1048576,0,spectral,3,0,6,991428,0.00026826957952797245,2,1.2386003628234987,0.9791673885565266,,
repeated_shuffle,adam+sparseadam,0,15946715,tuning,4194304,0,spectral,3,0,6,991428,0.00026826957952797245,2,1.1228678238083725,0.9992065488843725,,
repeated_shuffle,adam+sparseadam,0,15946715,tuning,16777216,0,spectral,3,0,6,991428,0.00026826957952797245,2,1.0162000340722919,1.0,,
repeated_shuffle,adam+sparseadam,0,15946715,tuning,67108864,0,spectral,3,0,6,991428,0.00026826957952797245,2,0.939477889999639,1.0,,
repeated_shuffle,adam+sparseadam,0,15946715,tuning,262144,0,spectral,3,0,6,991428,0.00026826957952797245,3,1.2665356461184165,0.8564315490224732,,
repeated_shuffle,adam+sparseadam,0,15946715,tuning,1048576,0,spectral,3,0,6,991428,0.00026826957952797245,3,1.2138101540463562,0.9791673885565266,,
repeated_shuffle,adam+sparseadam,0,15946715,tuning,4194304,0,spectral,3,0,6,991428,0.00026826957952797245,3,1.1113139313048725,0.9992065488843725,,
repeated_shuffle,adam+sparseadam,0,15946715,tuning,16777216,0,spectral,3,0,6,991428,0.00026826957952797245,3,1.0084519890784631,1.0,,
repeated_shuffle,adam+sparseadam,0,15946715,tuning,67108864,0,spectral,3,0,6,991428,0.00026826957952797245,3,0.9240175018065586,1.0,,
repeated_shuffle,adam+sparseadam,0,15946715,tuning,262144,0,spectral,3,0,6,991428,0.00026826957952797245,4,1.5455648329262925,0.8564315490224732,,
repeated_shuffle,adam+sparseadam,0,15946715,tuning,1048576,0,spectral,3,0,6,991428,0.00026826957952797245,4,1.4760288209673953,0.9791673885565266,,
repeated_shuffle,adam+sparseadam,0,15946715,tuning,4194304,0,spectral,3,0,6,991428,0.00026826957952797245,4,1.2448776178145977,0.9992065488843725,,
repeated_shuffle,adam+sparseadam,0,15946715,tuning,16777216,0,spectral,3,0,6,991428,0.00026826957952797245,4,1.0244100705429044,1.0,,
repeated_shuffle,adam+sparseadam,0,15946715,tuning,67108864,0,spectral,3,0,6,991428,0.00026826957952797245,4,0.927665807898982,1.0,,
repeated_shuffle,adam+sparseadam,0,15946715,tuning,262144,0,spectral,3,0,6,991428,0.00026826957952797245,5,1.3821884449369446,0.8564315490224732,,
repeated_shuffle,adam+sparseadam,0,15946715,tuning,1048576,0,spectral,3,0,6,991428,0.00026826957952797245,5,1.3228446287749043,0.9791673885565266,,
repeated_shuffle,adam+sparseadam,0,15946715,tuning,4194304,0,spectral,3,0,6,991428,0.00026826957952797245,5,1.1620261583387284,0.9992065488843725,,
repeated_shuffle,adam+sparseadam,0,15946715,tuning,16777216,0,spectral,3,0,6,991428,0.00026826957952797245,5,1.016043704241872,1.0,,
repeated_shuffle,adam+sparseadam,0,15946715,tuning,67108864,0,spectral,3,0,6,991428,0.00026826957952797245,5,0.9313756173132067,1.0,,
repeated_shuffle,adam+sparseadam,0,15946715,tuning,262144,0,spectral,3,0,6,991428,0.00026826957952797245,6,1.3314175481365929,0.8564315490224732,,
repeated_shuffle,adam+sparseadam,0,15946715,tuning,1048576,0,spectral,3,0,6,991428,0.00026826957952797245,6,1.2751245855640818,0.9791673885565266,,
repeated_shuffle,adam+sparseadam,0,15946715,tuning,4194304,0,spectral,3,0,6,991428,0.00026826957952797245,6,1.1392900927149456,0.9992065488843725,,
repeated_shuffle,adam+sparseadam,0,15946715,tuning,16777216,0,spectral,3,0,6,991428,0.00026826957952797245,6,1.0162139899355858,1.0,,
repeated_shuffle,adam+sparseadam,0,15946715,tuning,67108864,0,spectral,3,0,6,991428,0.00026826957952797245,6,0.9331911582303237,1.0,,
repeated_shuffle,adam+sparseadam,0,15946715,tuning,262144,0,spectral,3,0,6,991428,0.00026826957952797245,7,1.2368819261181918,0.8564315490224732,,
repeated_shuffle,adam+sparseadam,0,15946715,tuning,1048576,0,spectral,3,0,6,991428,0.00026826957952797245,7,1.1985428530434188,0.9791673885565266,,
repeated_shuffle,adam+sparseadam,0,15946715,tuning,4194304,0,spectral,3,0,6,991428,0.00026826957952797245,7,1.1121177325685985,0.9992065488843725,,
repeated_shuffle,adam+sparseadam,0,15946715,tuning,16777216,0,spectral,3,0,6,991428,0.00026826957952797245,7,1.0111596303306336,1.0,,
repeated_shuffle,adam+sparseadam,0,15946715,tuning,67108864,0,spectral,3,0,6,991428,0.00026826957952797245,7,0.9299803259617437,1.0,,
repeated_shuffle,adam+sparseadam,0,15946715,tuning,262144,0,spectral,3,0,6,991428,0.0007196856730011522,0,1.185888707240849,0.8564315490224732,,
repeated_shuffle,adam+sparseadam,0,15946715,tuning,1048576,0,spectral,3,0,6,991428,0.0007196856730011522,0,1.1248339907094058,0.9791673885565266,,
repeated_shuffle,adam+sparseadam,0,15946715,tuning,4194304,0,spectral,3,0,6,991428,0.0007196856730011522,0,1.0383406874808665,0.9992065488843725,,
repeated_shuffle,adam+sparseadam,0,15946715,tuning,16777216,0,spectral,3,0,6,991428,0.0007196856730011522,0,0.9480315616793239,1.0,,
repeated_shuffle,adam+sparseadam,0,15946715,tuning,67108864,0,spectral,3,0,6,991428,0.0007196856730011522,0,0.8790804604992212,1.0,,
repeated_shuffle,adam+sparseadam,0,15946715,tuning,262144,0,spectral,3,0,6,991428,0.0007196856730011522,1,1.1879624693916138,0.8564315490224732,,
repeated_shuffle,adam+sparseadam,0,15946715,tuning,1048576,0,spectral,3,0,6,991428,0.0007196856730011522,1,1.1274299663033143,0.9791673885565266,,
repeated_shuffle,adam+sparseadam,0,15946715,tuning,4194304,0,spectral,3,0,6,991428,0.0007196856730011522,1,1.0357945635749732,0.9992065488843725,,
repeated_shuffle,adam+sparseadam,0,15946715,tuning,16777216,0,spectral,3,0,6,991428,0.0007196856730011522,1,0.9459691814538751,1.0,,
repeated_shuffle,adam+sparseadam,0,15946715,tuning,67108864,0,spectral,3,0,6,991428,0.0007196856730011522,1,0.8794687175818349,1.0,,
repeated_shuffle,adam+sparseadam,0,15946715,tuning,262144,0,spectral,3,0,6,991428,0.0007196856730011522,2,1.259042181154246,0.8564315490224732,,
repeated_shuffle,adam+sparseadam,0,15946715,tuning,1048576,0,spectral,3,0,6,991428,0.0007196856730011522,2,1.1630584466875713,0.9791673885565266,,
repeated_shuffle,adam+sparseadam,0,15946715,tuning,4194304,0,spectral,3,0,6,991428,0.0007196856730011522,2,1.0394897362281132,0.9992065488843725,,
repeated_shuffle,adam+sparseadam,0,15946715,tuning,16777216,0,spectral,3,0,6,991428,0.0007196856730011522,2,0.9488704711975662,1.0,,
repeated_shuffle,adam+sparseadam,0,15946715,tuning,67108864,0,spectral,3,0,6,991428,0.0007196856730011522,2,0.8802290169956508,1.0,,
repeated_shuffle,adam+sparseadam,0,15946715,tuning,262144,0,spectral,3,0,6,991428,0.0007196856730011522,3,1.2356929528864737,0.8564315490224732,,
repeated_shuffle,adam+sparseadam,0,15946715,tuning,1048576,0,spectral,3,0,6,991428,0.0007196856730011522,3,1.1439088294901152,0.9791673885565266,,
repeated_shuffle,adam+sparseadam,0,15946715,tuning,4194304,0,spectral,3,0,6,991428,0.0007196856730011522,3,1.0346364049877665,0.9992065488843725,,
repeated_shuffle,adam+sparseadam,0,15946715,tuning,16777216,0,spectral,3,0,6,991428,0.0007196856730011522,3,0.9319722746094209,1.0,,
repeated_shuffle,adam+sparseadam,0,15946715,tuning,67108864,0,spectral,3,0,6,991428,0.0007196856730011522,3,0.8718227340392612,1.0,,
repeated_shuffle,adam+sparseadam,0,15946715,tuning,262144,0,spectral,3,0,6,991428,0.0007196856730011522,4,1.5076894423041278,0.8564315490224732,,
repeated_shuffle,adam+sparseadam,0,15946715,tuning,1048576,0,spectral,3,0,6,991428,0.0007196856730011522,4,1.3371448739963696,0.9791673885565266,,
repeated_shuffle,adam+sparseadam,0,15946715,tuning,4194304,0,spectral,3,0,6,991428,0.0007196856730011522,4,1.0617892606934591,0.9992065488843725,,
repeated_shuffle,adam+sparseadam,0,15946715,tuning,16777216,0,spectral,3,0,6,991428,0.0007196856730011522,4,0.9360505571332772,1.0,,
repeated_shuffle,adam+sparseadam,0,15946715,tuning,67108864,0,spectral,3,0,6,991428,0.0007196856730011522,4,0.8729516558927805,1.0,,
repeated_shuffle,adam+sparseadam,0,15946715,tuning,262144,0,spectral,3,0,6,991428,0.0007196856730011522,5,1.3488236755442105,0.8564315490224732,,
repeated_shuffle,adam+sparseadam,0,15946715,tuning,1048576,0,spectral,3,0,6,991428,0.0007196856730011522,5,1.2209858445376571,0.9791673885565266,,
repeated_shuffle,adam+sparseadam,0,15946715,tuning,4194304,0,spectral,3,0,6,991428,0.0007196856730011522,5,1.0473361040631244,0.9992065488843725,,
repeated_shuffle,adam+sparseadam,0,15946715,tuning,16777216,0,spectral,3,0,6,991428,0.0007196856730011522,5,0.9397268390282526,1.0,,
repeated_shuffle,adam+sparseadam,0,15946715,tuning,67108864,0,spectral,3,0,6,991428,0.0007196856730011522,5,0.8753419392273848,1.0,,
repeated_shuffle,adam+sparseadam,0,15946715,tuning,262144,0,spectral,3,0,6,991428,0.0007196856730011522,6,1.2993849815385827,0.8564315490224732,,
repeated_shuffle,adam+sparseadam,0,15946715,tuning,1048576,0,spectral,3,0,6,991428,0.0007196856730011522,6,1.1858499129671662,0.9791673885565266,,
repeated_shuffle,adam+sparseadam,0,15946715,tuning,4194304,0,spectral,3,0,6,991428,0.0007196856730011522,6,1.0439124241367534,0.9992065488843725,,
repeated_shuffle,adam+sparseadam,0,15946715,tuning,16777216,0,spectral,3,0,6,991428,0.0007196856730011522,6,0.9421892036414826,1.0,,
repeated_shuffle,adam+sparseadam,0,15946715,tuning,67108864,0,spectral,3,0,6,991428,0.0007196856730011522,6,0.8770589941815813,1.0,,
repeated_shuffle,adam+sparseadam,0,15946715,tuning,262144,0,spectral,3,0,6,991428,0.0007196856730011522,7,1.2149210821313416,0.8564315490224732,,
repeated_shuffle,adam+sparseadam,0,15946715,tuning,1048576,0,spectral,3,0,6,991428,0.0007196856730011522,7,1.1418976498027156,0.9791673885565266,,
repeated_shuffle,adam+sparseadam,0,15946715,tuning,4194304,0,spectral,3,0,6,991428,0.0007196856730011522,7,1.0366393378722603,0.9992065488843725,,
repeated_shuffle,adam+sparseadam,0,15946715,tuning,16777216,0,spectral,3,0,6,991428,0.0007196856730011522,7,0.9378644359098124,1.0,,
repeated_shuffle,adam+sparseadam,0,15946715,tuning,67108864,0,spectral,3,0,6,991428,0.0007196856730011522,7,0.8757492979685229,1.0,,
repeated_shuffle,adam+sparseadam,0,15946715,tuning,262144,0,spectral,3,0,6,991428,0.0019306977288832496,0,1.1477536648267912,0.8564315490224732,,
repeated_shuffle,adam+sparseadam,0,15946715,tuning,1048576,0,spectral,3,0,6,991428,0.0019306977288832496,0,1.0679310446481376,0.9791673885565266,,
repeated_shuffle,adam+sparseadam,0,15946715,tuning,4194304,0,spectral,3,0,6,991428,0.0019306977288832496,0,0.9715934018108383,0.9992065488843725,,
repeated_shuffle,adam+sparseadam,0,15946715,tuning,16777216,0,spectral,3,0,6,991428,0.0019306977288832496,0,0.8854998536763378,1.0,,
repeated_shuffle,adam+sparseadam,0,15946715,tuning,67108864,0,spectral,3,0,6,991428,0.0019306977288832496,0,0.8519207105717905,1.0,,
repeated_shuffle,adam+sparseadam,0,15946715,tuning,262144,0,spectral,3,0,6,991428,0.0019306977288832496,1,1.1504810588019163,0.8564315490224732,,
repeated_shuffle,adam+sparseadam,0,15946715,tuning,1048576,0,spectral,3,0,6,991428,0.0019306977288832496,1,1.0663998955733118,0.9791673885565266,,
repeated_shuffle,adam+sparseadam,0,15946715,tuning,4194304,0,spectral,3,0,6,991428,0.0019306977288832496,1,0.9694978029648417,0.9992065488843725,,
repeated_shuffle,adam+sparseadam,0,15946715,tuning,16777216,0,spectral,3,0,6,991428,0.0019306977288832496,1,0.8853215442021088,1.0,,
repeated_shuffle,adam+sparseadam,0,15946715,tuning,67108864,0,spectral,3,0,6,991428,0.0019306977288832496,1,0.8539714670757467,1.0,,
repeated_shuffle,adam+sparseadam,0,15946715,tuning,262144,0,spectral,3,0,6,991428,0.0019306977288832496,2,1.199501173055678,0.8564315490224732,,
repeated_shuffle,adam+sparseadam,0,15946715,tuning,1048576,0,spectral,3,0,6,991428,0.0019306977288832496,2,1.0726536605194656,0.9791673885565266,,
repeated_shuffle,adam+sparseadam,0,15946715,tuning,4194304,0,spectral,3,0,6,991428,0.0019306977288832496,2,0.9718002550308953,0.9992065488843725,,
repeated_shuffle,adam+sparseadam,0,15946715,tuning,16777216,0,spectral,3,0,6,991428,0.0019306977288832496,2,0.886912397582569,1.0,,
repeated_shuffle,adam+sparseadam,0,15946715,tuning,67108864,0,spectral,3,0,6,991428,0.0019306977288832496,2,0.852678602749429,1.0,,
repeated_shuffle,adam+sparseadam,0,15946715,tuning,262144,0,spectral,3,0,6,991428,0.0019306977288832496,3,1.1754801351018327,0.8564315490224732,,
repeated_shuffle,adam+sparseadam,0,15946715,tuning,1048576,0,spectral,3,0,6,991428,0.0019306977288832496,3,1.072404262571421,0.9791673885565266,,
repeated_shuffle,adam+sparseadam,0,15946715,tuning,4194304,0,spectral,3,0,6,991428,0.0019306977288832496,3,0.9586019547235038,0.9992065488843725,,
repeated_shuffle,adam+sparseadam,0,15946715,tuning,16777216,0,spectral,3,0,6,991428,0.0019306977288832496,3,0.8772441675830783,1.0,,
repeated_shuffle,adam+sparseadam,0,15946715,tuning,67108864,0,spectral,3,0,6,991428,0.0019306977288832496,3,0.851761366991854,1.0,,
repeated_shuffle,adam+sparseadam,0,15946715,tuning,262144,0,spectral,3,0,6,991428,0.0019306977288832496,4,1.41123925018507,0.8564315490224732,,
repeated_shuffle,adam+sparseadam,0,15946715,tuning,1048576,0,spectral,3,0,6,991428,0.0019306977288832496,4,1.1216993662936368,0.9791673885565266,,
repeated_shuffle,adam+sparseadam,0,15946715,tuning,4194304,0,spectral,3,0,6,991428,0.0019306977288832496,4,0.9652162300184491,0.9992065488843725,,
repeated_shuffle,adam+sparseadam,0,15946715,tuning,16777216,0,spectral,3,0,6,991428,0.0019306977288832496,4,0.8775811177821691,1.0,,
repeated_shuffle,adam+sparseadam,0,15946715,tuning,67108864,0,spectral,3,0,6,991428,0.0019306977288832496,4,0.8564383497614495,1.0,,
repeated_shuffle,adam+sparseadam,0,15946715,tuning,262144,0,spectral,3,0,6,991428,0.0019306977288832496,5,1.2721632691085272,0.8564315490224732,,
repeated_shuffle,adam+sparseadam,0,15946715,tuning,1048576,0,spectral,3,0,6,991428,0.0019306977288832496,5,1.092352784995647,0.9791673885565266,,
repeated_shuffle,adam+sparseadam,0,15946715,tuning,4194304,0,spectral,3,0,6,991428,0.0019306977288832496,5,0.9659388943030401,0.9992065488843725,,
repeated_shuffle,adam+sparseadam,0,15946715,tuning,16777216,0,spectral,3,0,6,991428,0.0019306977288832496,5,0.8808566922698086,1.0,,
repeated_shuffle,adam+sparseadam,0,15946715,tuning,67108864,0,spectral,3,0,6,991428,0.0019306977288832496,5,0.8566421692893775,1.0,,
repeated_shuffle,adam+sparseadam,0,15946715,tuning,262144,0,spectral,3,0,6,991428,0.0019306977288832496,6,1.228568911164414,0.8564315490224732,,
repeated_shuffle,adam+sparseadam,0,15946715,tuning,1048576,0,spectral,3,0,6,991428,0.0019306977288832496,6,1.0834338053752302,0.9791673885565266,,
repeated_shuffle,adam+sparseadam,0,15946715,tuning,4194304,0,spectral,3,0,6,991428,0.0019306977288832496,6,0.9676553229117405,0.9992065488843725,,
repeated_shuffle,adam+sparseadam,0,15946715,tuning,16777216,0,spectral,3,0,6,991428,0.0019306977288832496,6,0.8825071958795006,1.0,,
repeated_shuffle,adam+sparseadam,0,15946715,tuning,67108864,0,spectral,3,0,6,991428,0.0019306977288832496,6,0.8528891496021477,1.0,,
repeated_shuffle,adam+sparseadam,0,15946715,tuning,262144,0,spectral,3,0,6,991428,0.0019306977288832496,7,1.1691837717574407,0.8564315490224732,,
repeated_shuffle,adam+sparseadam,0,15946715,tuning,1048576,0,spectral,3,0,6,991428,0.0019306977288832496,7,1.0731136287507776,0.9791673885565266,,
repeated_shuffle,adam+sparseadam,0,15946715,tuning,4194304,0,spectral,3,0,6,991428,0.0019306977288832496,7,0.9635849455154503,0.9992065488843725,,
repeated_shuffle,adam+sparseadam,0,15946715,tuning,16777216,0,spectral,3,0,6,991428,0.0019306977288832496,7,0.8809645404680113,1.0,,
repeated_shuffle,adam+sparseadam,0,15946715,tuning,67108864,0,spectral,3,0,6,991428,0.0019306977288832496,7,0.8540857997632748,1.0,,
repeated_shuffle,adam+sparseadam,0,15946715,tuning,262144,0,spectral,3,0,6,991428,0.005179474679231213,0,1.096026520993018,0.8564315490224732,,
repeated_shuffle,adam+sparseadam,0,15946715,tuning,1048576,0,spectral,3,0,6,991428,0.005179474679231213,0,1.0080030450951245,0.9791673885565266,,
repeated_shuffle,adam+sparseadam,0,15946715,tuning,4194304,0,spectral,3,0,6,991428,0.005179474679231213,0,0.9131450641082591,0.9992065488843725,,
repeated_shuffle,adam+sparseadam,0,15946715,tuning,16777216,0,spectral,3,0,6,991428,0.005179474679231213,0,0.8597177540036581,1.0,,
repeated_shuffle,adam+sparseadam,0,15946715,tuning,67108864,0,spectral,3,0,6,991428,0.005179474679231213,0,0.837541139171673,1.0,,
repeated_shuffle,adam+sparseadam,0,15946715,tuning,262144,0,spectral,3,0,6,991428,0.005179474679231213,1,1.0978779705719321,0.8564315490224732,,
repeated_shuffle,adam+sparseadam,0,15946715,tuning,1048576,0,spectral,3,0,6,991428,0.005179474679231213,1,1.0061894516365166,0.9791673885565266,,
repeated_shuffle,adam+sparseadam,0,15946715,tuning,4194304,0,spectral,3,0,6,991428,0.005179474679231213,1,0.9123243176869607,0.9992065488843725,,
repeated_shuffle,adam+sparseadam,0,15946715,tuning,16777216,0,spectral,3,0,6,991428,0.005179474679231213,1,0.8613151786711506,1.0,,
repeated_shuffle,adam+sparseadam,0,15946715,tuning,67108864,0,spectral,3,0,6,991428,0.005179474679231213,1,0.8399546911175675,1.0,,
repeated_shuffle,adam+sparseadam,0,15946715,tuning,262144,0,spectral,3,0,6,991428,0.005179474679231213,2,1.1088243024432192,0.8564315490224732,,
repeated_shuffle,adam+sparseadam,0,15946715,tuning,1048576,0,spectral,3,0,6,991428,0.005179474679231213,2,1.0077090185002504,0.9791673885565266,,
repeated_shuffle,adam+sparseadam,0,15946715,tuning,4194304,0,spectral,3,0,6,991428,0.005179474679231213,2,0.9135287386675739,0.9992065488843725,,
repeated_shuffle,adam+sparseadam,0,15946715,tuning,16777216,0,spectral,3,0,6,991428,0.005179474679231213,2,0.8604499819096276,1.0,,
repeated_shuffle,adam+sparseadam,0,15946715,tuning,67108864,0,spectral,3,0,6,991428,0.005179474679231213,2,0.8371009862897065,1.0,,
repeated_shuffle,adam+sparseadam,0,15946715,tuning,262144,0,spectral,3,0,6,991428,0.005179474679231213,3,1.1083016769091134,0.8564315490224732,,
repeated_shuffle,adam+sparseadam,0,15946715,tuning,1048576,0,spectral,3,0,6,991428,0.005179474679231213,3,1.0023598227411306,0.9791673885565266,,
repeated_shuffle,adam+sparseadam,0,15946715,tuning,4194304,0,spectral,3,0,6,991428,0.005179474679231213,3,0.9033223854208429,0.9992065488843725,,
repeated_shuffle,adam+sparseadam,0,15946715,tuning,16777216,0,spectral,3,0,6,991428,0.005179474679231213,3,0.8603146358356587,1.0,,
repeated_shuffle,adam+sparseadam,0,15946715,tuning,67108864,0,spectral,3,0,6,991428,0.005179474679231213,3,0.8380563660495414,1.0,,
repeated_shuffle,adam+sparseadam,0,15946715,tuning,262144,0,spectral,3,0,6,991428,0.005179474679231213,4,1.209524649283505,0.8564315490224732,,
repeated_shuffle,adam+sparseadam,0,15946715,tuning,1048576,0,spectral,3,0,6,991428,0.005179474679231213,4,1.015388395099192,0.9791673885565266,,
repeated_shuffle,adam+sparseadam,0,15946715,tuning,4194304,0,spectral,3,0,6,991428,0.005179474679231213,4,0.9037495853864479,0.9992065488843725,,
repeated_shuffle,adam+sparseadam,0,15946715,tuning,16777216,0,spectral,3,0,6,991428,0.005179474679231213,4,0.864924362389942,1.0,,
repeated_shuffle,adam+sparseadam,0,15946715,tuning,67108864,0,spectral,3,0,6,991428,0.005179474679231213,4,0.8406665485913954,1.0,,
repeated_shuffle,adam+sparseadam,0,15946715,tuning,262144,0,spectral,3,0,6,991428,0.005179474679231213,5,1.1418989636943386,0.8564315490224732,,
repeated_shuffle,adam+sparseadam,0,15946715,tuning,1048576,0,spectral,3,0,6,991428,0.005179474679231213,5,1.008182908096957,0.9791673885565266,,
repeated_shuffle,adam+sparseadam,0,15946715,tuning,4194304,0,spectral,3,0,6,991428,0.005179474679231213,5,0.9081884290342203,0.9992065488843725,,
repeated_shuffle,adam+sparseadam,0,15946715,tuning,16777216,0,spectral,3,0,6,991428,0.005179474679231213,5,0.8635844919331932,1.0,,
repeated_shuffle,adam+sparseadam,0,15946715,tuning,67108864,0,spectral,3,0,6,991428,0.005179474679231213,5,0.8401677390065081,1.0,,
repeated_shuffle,adam+sparseadam,0,15946715,tuning,262144,0,spectral,3,0,6,991428,0.005179474679231213,6,1.1243260193659743,0.8564315490224732,,
repeated_shuffle,adam+sparseadam,0,15946715,tuning,1048576,0,spectral,3,0,6,991428,0.005179474679231213,6,1.008121451796054,0.9791673885565266,,
repeated_shuffle,adam+sparseadam,0,15946715,tuning,4194304,0,spectral,3,0,6,991428,0.005179474679231213,6,0.9087683422297121,0.9992065488843725,,
repeated_shuffle,adam+sparseadam,0,15946715,tuning,16777216,0,spectral,3,0,6,991428,0.005179474679231213,6,0.8598020328858109,1.0,,
repeated_shuffle,adam+sparseadam,0,15946715,tuning,67108864,0,spectral,3,0,6,991428,0.005179474679231213,6,0.8372776550327131,1.0,,
repeated_shuffle,adam+sparseadam,0,15946715,tuning,262144,0,spectral,3,0,6,991428,0.005179474679231213,7,1.1083479465272965,0.8564315490224732,,
repeated_shuffle,adam+sparseadam,0,15946715,tuning,1048576,0,spectral,3,0,6,991428,0.005179474679231213,7,1.004589652654617,0.9791673885565266,,
repeated_shuffle,adam+sparseadam,0,15946715,tuning,4194304,0,spectral,3,0,6,991428,0.005179474679231213,7,0.907362890566674,0.9992065488843725,,
repeated_shuffle,adam+sparseadam,0,15946715,tuning,16777216,0,spectral,3,0,6,991428,0.005179474679231213,7,0.8611441482483074,1.0,,
repeated_shuffle,adam+sparseadam,0,15946715,tuning,67108864,0,spectral,3,0,6,991428,0.005179474679231213,7,0.837280315116079,1.0,,
repeated_shuffle,adam+sparseadam,0,15946715,tuning,262144,0,spectral,3,0,6,991428,0.013894954943731374,0,1.0460647308386004,0.8564315490224732,,
repeated_shuffle,adam+sparseadam,0,15946715,tuning,1048576,0,spectral,3,0,6,991428,0.013894954943731374,0,0.9597435805040139,0.9791673885565266,,
repeated_shuffle,adam+sparseadam,0,15946715,tuning,4194304,0,spectral,3,0,6,991428,0.013894954943731374,0,0.8950482820294803,0.9992065488843725,,
repeated_shuffle,adam+sparseadam,0,15946715,tuning,16777216,0,spectral,3,0,6,991428,0.013894954943731374,0,0.8602075782140938,1.0,,
repeated_shuffle,adam+sparseadam,0,15946715,tuning,67108864,0,spectral,3,0,6,991428,0.013894954943731374,0,0.838294780457368,1.0,,
repeated_shuffle,adam+sparseadam,0,15946715,tuning,262144,0,spectral,3,0,6,991428,0.013894954943731374,1,1.0442644306161617,0.8564315490224732,,
repeated_shuffle,adam+sparseadam,0,15946715,tuning,1048576,0,spectral,3,0,6,991428,0.013894954943731374,1,0.9589073085817102,0.9791673885565266,,
repeated_shuffle,adam+sparseadam,0,15946715,tuning,4194304,0,spectral,3,0,6,991428,0.013894954943731374,1,0.8957103359669518,0.9992065488843725,,
repeated_shuffle,adam+sparseadam,0,15946715,tuning,16777216,0,spectral,3,0,6,991428,0.013894954943731374,1,0.8619848601594319,1.0,,
repeated_shuffle,adam+sparseadam,0,15946715,tuning,67108864,0,spectral,3,0,6,991428,0.013894954943731374,1,0.8389051483585842,1.0,,
repeated_shuffle,adam+sparseadam,0,15946715,tuning,262144,0,spectral,3,0,6,991428,0.013894954943731374,2,1.0458270274483692,0.8564315490224732,,
repeated_shuffle,adam+sparseadam,0,15946715,tuning,1048576,0,spectral,3,0,6,991428,0.013894954943731374,2,0.959396462401183,0.9791673885565266,,
repeated_shuffle,adam+sparseadam,0,15946715,tuning,4194304,0,spectral,3,0,6,991428,0.013894954943731374,2,0.8948543991717055,0.9992065488843725,,
repeated_shuffle,adam+sparseadam,0,15946715,tuning,16777216,0,spectral,3,0,6,991428,0.013894954943731374,2,0.8610460007900116,1.0,,
repeated_shuffle,adam+sparseadam,0,15946715,tuning,67108864,0,spectral,3,0,6,991428,0.013894954943731374,2,0.83744441743729,1.0,,
repeated_shuffle,adam+sparseadam,0,15946715,tuning,262144,0,spectral,3,0,6,991428,0.013894954943731374,3,1.0484916287412502,0.8564315490224732,,
repeated_shuffle,adam+sparseadam,0,15946715,tuning,1048576,0,spectral,3,0,6,991428,0.013894954943731374,3,0.9535818848840064,0.9791673885565266,,
repeated_shuffle,adam+sparseadam,0,15946715,tuning,4194304,0,spectral,3,0,6,991428,0.013894954943731374,3,0.8933468861438045,0.9992065488843725,,
repeated_shuffle,adam+sparseadam,0,15946715,tuning,16777216,0,spectral,3,0,6,991428,0.013894954943731374,3,0.8585338622108712,1.0,,
repeated_shuffle,adam+sparseadam,0,15946715,tuning,67108864,0,spectral,3,0,6,991428,0.013894954943731374,3,0.8355088103057121,1.0,,
repeated_shuffle,adam+sparseadam,0,15946715,tuning,262144,0,spectral,3,0,6,991428,0.013894954943731374,4,1.0683422836028253,0.8564315490224732,,
repeated_shuffle,adam+sparseadam,0,15946715,tuning,1048576,0,spectral,3,0,6,991428,0.013894954943731374,4,0.958187438598772,0.9791673885565266,,
repeated_shuffle,adam+sparseadam,0,15946715,tuning,4194304,0,spectral,3,0,6,991428,0.013894954943731374,4,0.8959453125271793,0.9992065488843725,,
repeated_shuffle,adam+sparseadam,0,15946715,tuning,16777216,0,spectral,3,0,6,991428,0.013894954943731374,4,0.8650187914190445,1.0,,
repeated_shuffle,adam+sparseadam,0,15946715,tuning,67108864,0,spectral,3,0,6,991428,0.013894954943731374,4,0.8374921984448154,1.0,,
repeated_shuffle,adam+sparseadam,0,15946715,tuning,262144,0,spectral,3,0,6,991428,0.013894954943731374,5,1.0522965794735397,0.8564315490224732,,
repeated_shuffle,adam+sparseadam,0,15946715,tuning,1048576,0,spectral,3,0,6,991428,0.013894954943731374,5,0.9581654741439607,0.9791673885565266,,
repeated_shuffle,adam+sparseadam,0,15946715,tuning,4194304,0,spectral,3,0,6,991428,0.013894954943731374,5,0.8952235923015652,0.9992065488843725,,
repeated_shuffle,adam+sparseadam,0,15946715,tuning,16777216,0,spectral,3,0,6,991428,0.013894954943731374,5,0.8622917986855908,1.0,,
repeated_shuffle,adam+sparseadam,0,15946715,tuning,67108864,0,spectral,3,0,6,991428,0.013894954943731374,5,0.8381050667268329,1.0,,
repeated_shuffle,adam+sparseadam,0,15946715,tuning,262144,0,spectral,3,0,6,991428,0.013894954943731374,6,1.0497523033655178,0.8564315490224732,,
repeated_shuffle,adam+sparseadam,0,15946715,tuning,1048576,0,spectral,3,0,6,991428,0.013894954943731374,6,0.9576302625512357,0.9791673885565266,,
repeated_shuffle,adam+sparseadam,0,15946715,tuning,4194304,0,spectral,3,0,6,991428,0.013894954943731374,6,0.8930719404660028,0.9992065488843725,,
repeated_shuffle,adam+sparseadam,0,15946715,tuning,16777216,0,spectral,3,0,6,991428,0.013894954943731374,6,0.8584990902509926,1.0,,
repeated_shuffle,adam+sparseadam,0,15946715,tuning,67108864,0,spectral,3,0,6,991428,0.013894954943731374,6,0.8378615591042676,1.0,,
repeated_shuffle,adam+sparseadam,0,15946715,tuning,262144,0,spectral,3,0,6,991428,0.013894954943731374,7,1.0466997581634507,0.8564315490224732,,
repeated_shuffle,adam+sparseadam,0,15946715,tuning,1048576,0,spectral,3,0,6,991428,0.013894954943731374,7,0.9565349359278776,0.9791673885565266,,
repeated_shuffle,adam+sparseadam,0,15946715,tuning,4194304,0,spectral,3,0,6,991428,0.013894954943731374,7,0.8932801835105344,0.9992065488843725,,
repeated_shuffle,adam+sparseadam,0,15946715,tuning,16777216,0,spectral,3,0,6,991428,0.013894954943731374,7,0.8588162940362694,1.0,,
repeated_shuffle,adam+sparseadam,0,15946715,tuning,67108864,0,spectral,3,0,6,991428,0.013894954943731374,7,0.8353219859457489,1.0,,
repeated_shuffle,adam+sparseadam,0,15946715,tuning,262144,0,spectral,3,0,6,991428,0.03727593720314938,0,1.0099825988027697,0.8564315490224732,,
repeated_shuffle,adam+sparseadam,0,15946715,tuning,1048576,0,spectral,3,0,6,991428,0.03727593720314938,0,0.9510491431420808,0.9791673885565266,,
repeated_shuffle,adam+sparseadam,0,15946715,tuning,4194304,0,spectral,3,0,6,991428,0.03727593720314938,0,0.9384568574062109,0.9992065488843725,,
repeated_shuffle,adam+sparseadam,0,15946715,tuning,16777216,0,spectral,3,0,6,991428,0.03727593720314938,0,0.9033798004631874,1.0,,
repeated_shuffle,adam+sparseadam,0,15946715,tuning,67108864,0,spectral,3,0,6,991428,0.03727593720314938,0,0.8655260364790203,1.0,,
repeated_shuffle,adam+sparseadam,0,15946715,tuning,262144,0,spectral,3,0,6,991428,0.03727593720314938,1,1.0091390869353511,0.8564315490224732,,
repeated_shuffle,adam+sparseadam,0,15946715,tuning,1048576,0,spectral,3,0,6,991428,0.03727593720314938,1,0.9513438378670199,0.9791673885565266,,
repeated_shuffle,adam+sparseadam,0,15946715,tuning,4194304,0,spectral,3,0,6,991428,0.03727593720314938,1,0.9383055511228222,0.9992065488843725,,
repeated_shuffle,adam+sparseadam,0,15946715,tuning,16777216,0,spectral,3,0,6,991428,0.03727593720314938,1,0.9048755345658704,1.0,,
repeated_shuffle,adam+sparseadam,0,15946715,tuning,67108864,0,spectral,3,0,6,991428,0.03727593720314938,1,0.866059329638419,1.0,,
repeated_shuffle,adam+sparseadam,0,15946715,tuning,262144,0,spectral,3,0,6,991428,0.03727593720314938,2,1.0094462670018696,0.8564315490224732,,
repeated_shuffle,adam+sparseadam,0,15946715,tuning,1048576,0,spectral,3,0,6,991428,0.03727593720314938,2,0.950783093232435,0.9791673885565266,,
repeated_shuffle,adam+sparseadam,0,15946715,tuning,4194304,0,spectral,3,0,6,991428,0.03727593720314938,2,0.9379441823791255,0.9992065488843725,,
repeated_shuffle,adam+sparseadam,0,15946715,tuning,16777216,0,spectral,3,0,6,991428,0.03727593720314938,2,0.9044770310541398,1.0,,
repeated_shuffle,adam+sparseadam,0,15946715,tuning,67108864,0,spectral,3,0,6,991428,0.03727593720314938,2,0.865484758782374,1.0,,
repeated_shuffle,adam+sparseadam,0,15946715,tuning,262144,0,spectral,3,0,6,991428,0.03727593720314938,3,1.0108604379768733,0.8564315490224732,,
repeated_shuffle,adam+sparseadam,0,15946715,tuning,1048576,0,spectral,3,0,6,991428,0.03727593720314938,3,0.9513190116400335,0.9791673885565266,,
repeated_shuffle,adam+sparseadam,0,15946715,tuning,4194304,0,spectral,3,0,6,991428,0.03727593720314938,3,0.9331879923044302,0.9992065488843725,,
repeated_shuffle,adam+sparseadam,0,15946715,tuning,16777216,0,spectral,3,0,6,991428,0.03727593720314938,3,0.8961198512549563,1.0,,
repeated_shuffle,adam+sparseadam,0,15946715,tuning,67108864,0,spectral,3,0,6,991428,0.03727593720314938,3,0.8607558458301504,1.0,,
repeated_shuffle,adam+sparseadam,0,15946715,tuning,262144,0,spectral,3,0,6,991428,0.03727593720314938,4,1.015008141757931,0.8564315490224732,,
repeated_shuffle,adam+sparseadam,0,15946715,tuning,1048576,0,spectral,3,0,6,991428,0.03727593720314938,4,0.9539013980685327,0.9791673885565266,,
repeated_shuffle,adam+sparseadam,0,15946715,tuning,4194304,0,spectral,3,0,6,991428,0.03727593720314938,4,0.9364773283448398,0.9992065488843725,,
repeated_shuffle,adam+sparseadam,0,15946715,tuning,16777216,0,spectral,3,0,6,991428,0.03727593720314938,4,0.9024633387755263,1.0,,
repeated_shuffle,adam+sparseadam,0,15946715,tuning,67108864,0,spectral,3,0,6,991428,0.03727593720314938,4,0.8663199231443676,1.0,,
repeated_shuffle,adam+sparseadam,0,15946715,tuning,262144,0,spectral,3,0,6,991428,0.03727593720314938,5,1.0119660552993504,0.8564315490224732,,
repeated_shuffle,adam+sparseadam,0,15946715,tuning,1048576,0,spectral,3,0,6,991428,0.03727593720314938,5,0.9529055628319267,0.9791673885565266,,
repeated_shuffle,adam+sparseadam,0,15946715,tuning,4194304,0,spectral,3,0,6,991428,0.03727593720314938,5,0.9372882150335691,0.9992065488843725,,
repeated_shuffle,adam+sparseadam,0,15946715,tuning,16777216,0,spectral,3,0,6,991428,0.03727593720314938,5,0.9032445022021585,1.0,,
repeated_shuffle,adam+sparseadam,0,15946715,tuning,67108864,0,spectral,3,0,6,991428,0.03727593720314938,5,0.864875241955238,1.0,,
repeated_shuffle,adam+sparseadam,0,15946715,tuning,262144,0,spectral,3,0,6,991428,0.03727593720314938,6,1.0110789379568237,0.8564315490224732,,
repeated_shuffle,adam+sparseadam,0,15946715,tuning,1048576,0,spectral,3,0,6,991428,0.03727593720314938,6,0.9512220393620354,0.9791673885565266,,
repeated_shuffle,adam+sparseadam,0,15946715,tuning,4194304,0,spectral,3,0,6,991428,0.03727593720314938,6,0.9358383788916329,0.9992065488843725,,
repeated_shuffle,adam+sparseadam,0,15946715,tuning,16777216,0,spectral,3,0,6,991428,0.03727593720314938,6,0.8994351238862873,1.0,,
repeated_shuffle,adam+sparseadam,0,15946715,tuning,67108864,0,spectral,3,0,6,991428,0.03727593720314938,6,0.8648941957696913,1.0,,
repeated_shuffle,adam+sparseadam,0,15946715,tuning,262144,0,spectral,3,0,6,991428,0.03727593720314938,7,1.0100349828796653,0.8564315490224732,,
repeated_shuffle,adam+sparseadam,0,15946715,tuning,1048576,0,spectral,3,0,6,991428,0.03727593720314938,7,0.9513523321623816,0.9791673885565266,,
repeated_shuffle,adam+sparseadam,0,15946715,tuning,4194304,0,spectral,3,0,6,991428,0.03727593720314938,7,0.9349349301585089,0.9992065488843725,,
repeated_shuffle,adam+sparseadam,0,15946715,tuning,16777216,0,spectral,3,0,6,991428,0.03727593720314938,7,0.8986451271324244,1.0,,
repeated_shuffle,adam+sparseadam,0,15946715,tuning,67108864,0,spectral,3,0,6,991428,0.03727593720314938,7,0.8649665286674051,1.0,,
repeated_shuffle,adam+sparseadam,0,15946715,tuning,262144,0,spectral,3,0,6,991428,0.1,0,1.018049741917491,0.8564315490224732,,
repeated_shuffle,adam+sparseadam,0,15946715,tuning,1048576,0,spectral,3,0,6,991428,0.1,0,1.0455222460537468,0.9791673885565266,,
repeated_shuffle,adam+sparseadam,0,15946715,tuning,4194304,0,spectral,3,0,6,991428,0.1,0,1.0908283796237321,0.9992065488843725,,
repeated_shuffle,adam+sparseadam,0,15946715,tuning,16777216,0,spectral,3,0,6,991428,0.1,0,1.0144933130952336,1.0,,
repeated_shuffle,adam+sparseadam,0,15946715,tuning,67108864,0,spectral,3,0,6,991428,0.1,0,0.9298351991281344,1.0,,
repeated_shuffle,adam+sparseadam,0,15946715,tuning,262144,0,spectral,3,0,6,991428,0.1,1,1.0195347934345036,0.8564315490224732,,
repeated_shuffle,adam+sparseadam,0,15946715,tuning,1048576,0,spectral,3,0,6,991428,0.1,1,1.0463057661365913,0.9791673885565266,,
repeated_shuffle,adam+sparseadam,0,15946715,tuning,4194304,0,spectral,3,0,6,991428,0.1,1,1.0877350980251788,0.9992065488843725,,
repeated_shuffle,adam+sparseadam,0,15946715,tuning,16777216,0,spectral,3,0,6,991428,0.1,1,1.009864275606415,1.0,,
repeated_shuffle,adam+sparseadam,0,15946715,tuning,67108864,0,spectral,3,0,6,991428,0.1,1,0.9265687059289673,1.0,,
repeated_shuffle,adam+sparseadam,0,15946715,tuning,262144,0,spectral,3,0,6,991428,0.1,2,1.021163879907064,0.8564315490224732,,
repeated_shuffle,adam+sparseadam,0,15946715,tuning,1048576,0,spectral,3,0,6,991428,0.1,2,1.044615469900168,0.9791673885565266,,
repeated_shuffle,adam+sparseadam,0,15946715,tuning,4194304,0,spectral,3,0,6,991428,0.1,2,1.0924320156532212,0.9992065488843725,,
repeated_shuffle,adam+sparseadam,0,15946715,tuning,16777216,0,spectral,3,0,6,991428,0.1,2,1.0119567387227995,1.0,,
repeated_shuffle,adam+sparseadam,0,15946715,tuning,67108864,0,spectral,3,0,6,991428,0.1,2,0.9243443994853096,1.0,,
repeated_shuffle,adam+sparseadam,0,15946715,tuning,262144,0,spectral,3,0,6,991428,0.1,3,1.0192819287885324,0.8564315490224732,,
repeated_shuffle,adam+sparseadam,0,15946715,tuning,1048576,0,spectral,3,0,6,991428,0.1,3,1.044084907008991,0.9791673885565266,,
repeated_shuffle,adam+sparseadam,0,15946715,tuning,4194304,0,spectral,3,0,6,991428,0.1,3,1.087519919028474,0.9992065488843725,,
repeated_shuffle,adam+sparseadam,0,15946715,tuning,16777216,0,spectral,3,0,6,991428,0.1,3,1.0088317231294865,1.0,,
repeated_shuffle,adam+sparseadam,0,15946715,tuning,67108864,0,spectral,3,0,6,991428,0.1,3,0.9296241193649912,1.0,,
repeated_shuffle,adam+sparseadam,0,15946715,tuning,262144,0,spectral,3,0,6,991428,0.1,4,1.022192472882148,0.8564315490224732,,
repeated_shuffle,adam+sparseadam,0,15946715,tuning,1048576,0,spectral,3,0,6,991428,0.1,4,1.0457079123256097,0.9791673885565266,,
repeated_shuffle,adam+sparseadam,0,15946715,tuning,4194304,0,spectral,3,0,6,991428,0.1,4,1.0907880879112444,0.9992065488843725,,
repeated_shuffle,adam+sparseadam,0,15946715,tuning,16777216,0,spectral,3,0,6,991428,0.1,4,1.0075945817136662,1.0,,
repeated_shuffle,adam+sparseadam,0,15946715,tuning,67108864,0,spectral,3,0,6,991428,0.1,4,0.9249571577798699,1.0,,
repeated_shuffle,adam+sparseadam,0,15946715,tuning,262144,0,spectral,3,0,6,991428,0.1,5,1.0197326364604429,0.8564315490224732,,
repeated_shuffle,adam+sparseadam,0,15946715,tuning,1048576,0,spectral,3,0,6,991428,0.1,5,1.0450254249503488,0.9791673885565266,,
repeated_shuffle,adam+sparseadam,0,15946715,tuning,4194304,0,spectral,3,0,6,991428,0.1,5,1.090582383623256,0.9992065488843725,,
repeated_shuffle,adam+sparseadam,0,15946715,tuning,16777216,0,spectral,3,0,6,991428,0.1,5,1.0106662314091734,1.0,,
repeated_shuffle,adam+sparseadam,0,15946715,tuning,67108864,0,spectral,3,0,6,991428,0.1,5,0.9279428644073875,1.0,,
repeated_shuffle,adam+sparseadam,0,15946715,tuning,262144,0,spectral,3,0,6,991428,0.1,6,1.0208555040228082,0.8564315490224732,,
repeated_shuffle,adam+sparseadam,0,15946715,tuning,1048576,0,spectral,3,0,6,991428,0.1,6,1.0458371398083484,0.9791673885565266,,
repeated_shuffle,adam+sparseadam,0,15946715,tuning,4194304,0,spectral,3,0,6,991428,0.1,6,1.090187339834652,0.9992065488843725,,
repeated_shuffle,adam+sparseadam,0,15946715,tuning,16777216,0,spectral,3,0,6,991428,0.1,6,1.0111173339792683,1.0,,
repeated_shuffle,adam+sparseadam,0,15946715,tuning,67108864,0,spectral,3,0,6,991428,0.1,6,0.9260908730282528,1.0,,
repeated_shuffle,adam+sparseadam,0,15946715,tuning,262144,0,spectral,3,0,6,991428,0.1,7,1.0199957065430165,0.8564315490224732,,
repeated_shuffle,adam+sparseadam,0,15946715,tuning,1048576,0,spectral,3,0,6,991428,0.1,7,1.0470174093661233,0.9791673885565266,,
repeated_shuffle,adam+sparseadam,0,15946715,tuning,4194304,0,spectral,3,0,6,991428,0.1,7,1.0914998884909721,0.9992065488843725,,
repeated_shuffle,adam+sparseadam,0,15946715,tuning,16777216,0,spectral,3,0,6,991428,0.1,7,1.0148481120426323,1.0,,
repeated_shuffle,adam+sparseadam,0,15946715,tuning,67108864,0,spectral,3,0,6,991428,0.1,7,0.9327676867969309,1.0,,
repeated_shuffle,adam+sparseadam,0,15946715,tuning,262144,0,fm,7,27,28,4626637,0.0001,0,1.3001979792213894,0.8564315490224732,,
repeated_shuffle,adam+sparseadam,0,15946715,tuning,1048576,0,fm,7,27,28,4626637,0.0001,0,1.280399198969849,0.9791673885565266,,
repeated_shuffle,adam+sparseadam,0,15946715,tuning,4194304,0,fm,7,27,28,4626637,0.0001,0,1.2086399295330184,0.9992065488843725,,
repeated_shuffle,adam+sparseadam,0,15946715,tuning,16777216,0,fm,7,27,28,4626637,0.0001,0,1.0020537896635868,1.0,,
repeated_shuffle,adam+sparseadam,0,15946715,tuning,67108864,0,fm,7,27,28,4626637,0.0001,0,0.8862956389606286,1.0,,
repeated_shuffle,adam+sparseadam,0,15946715,tuning,262144,0,fm,7,27,28,4626637,0.0001,1,1.3001985992651361,0.8564315490224732,,
repeated_shuffle,adam+sparseadam,0,15946715,tuning,1048576,0,fm,7,27,28,4626637,0.0001,1,1.2803998651315136,0.9791673885565266,,
repeated_shuffle,adam+sparseadam,0,15946715,tuning,4194304,0,fm,7,27,28,4626637,0.0001,1,1.2086312051139232,0.9992065488843725,,
repeated_shuffle,adam+sparseadam,0,15946715,tuning,16777216,0,fm,7,27,28,4626637,0.0001,1,1.0005189297587505,1.0,,
repeated_shuffle,adam+sparseadam,0,15946715,tuning,67108864,0,fm,7,27,28,4626637,0.0001,1,0.8911244385830848,1.0,,
repeated_shuffle,adam+sparseadam,0,15946715,tuning,262144,0,fm,7,27,28,4626637,0.0001,2,1.300197818894464,0.8564315490224732,,
repeated_shuffle,adam+sparseadam,0,15946715,tuning,1048576,0,fm,7,27,28,4626637,0.0001,2,1.2803989888372815,0.9791673885565266,,
repeated_shuffle,adam+sparseadam,0,15946715,tuning,4194304,0,fm,7,27,28,4626637,0.0001,2,1.2086315194257924,0.9992065488843725,,
repeated_shuffle,adam+sparseadam,0,15946715,tuning,16777216,0,fm,7,27,28,4626637,0.0001,2,0.9981736649177493,1.0,,
repeated_shuffle,adam+sparseadam,0,15946715,tuning,67108864,0,fm,7,27,28,4626637,0.0001,2,0.8950899497640131,1.0,,
repeated_shuffle,adam+sparseadam,0,15946715,tuning,262144,0,fm,7,27,28,4626637,0.0001,3,1.3001972022921542,0.8564315490224732,,
repeated_shuffle,adam+sparseadam,0,15946715,tuning,1048576,0,fm,7,27,28,4626637,0.0001,3,1.2803982742713884,0.9791673885565266,,
repeated_shuffle,adam+sparseadam,0,15946715,tuning,4194304,0,fm,7,27,28,4626637,0.0001,3,1.208627977313454,0.9992065488843725,,
repeated_shuffle,adam+sparseadam,0,15946715,tuning,16777216,0,fm,7,27,28,4626637,0.0001,3,0.9989880607716785,1.0,,
repeated_shuffle,adam+sparseadam,0,15946715,tuning,67108864,0,fm,7,27,28,4626637,0.0001,3,0.893288217220082,1.0,,
repeated_shuffle,adam+sparseadam,0,15946715,tuning,262144,0,fm,7,27,28,4626637,0.0001,4,1.300198367909786,0.8564315490224732,,
repeated_shuffle,adam+sparseadam,0,15946715,tuning,1048576,0,fm,7,27,28,4626637,0.0001,4,1.2803995908916523,0.9791673885565266,,
repeated_shuffle,adam+sparseadam,0,15946715,tuning,4194304,0,fm,7,27,28,4626637,0.0001,4,1.208641990980519,0.9992065488843725,,
repeated_shuffle,adam+sparseadam,0,15946715,tuning,16777216,0,fm,7,27,28,4626637,0.0001,4,0.9989162831733753,1.0,,
repeated_shuffle,adam+sparseadam,0,15946715,tuning,67108864,0,fm,7,27,28,4626637,0.0001,4,0.8973670929170023,1.0,,
repeated_shuffle,adam+sparseadam,0,15946715,tuning,262144,0,fm,7,27,28,4626637,0.0001,5,1.3001975264350931,0.8564315490224732,,
repeated_shuffle,adam+sparseadam,0,15946715,tuning,1048576,0,fm,7,27,28,4626637,0.0001,5,1.2803984536190867,0.9791673885565266,,
repeated_shuffle,adam+sparseadam,0,15946715,tuning,4194304,0,fm,7,27,28,4626637,0.0001,5,1.2086068089733917,0.9992065488843725,,
repeated_shuffle,adam+sparseadam,0,15946715,tuning,16777216,0,fm,7,27,28,4626637,0.0001,5,0.9993570313857121,1.0,,
repeated_shuffle,adam+sparseadam,0,15946715,tuning,67108864,0,fm,7,27,28,4626637,0.0001,5,0.8901681575102284,1.0,,
repeated_shuffle,adam+sparseadam,0,15946715,tuning,262144,0,fm,7,27,28,4626637,0.0001,6,1.3001982051312109,0.8564315490224732,,
repeated_shuffle,adam+sparseadam,0,15946715,tuning,1048576,0,fm,7,27,28,4626637,0.0001,6,1.2803994746700453,0.9791673885565266,,
repeated_shuffle,adam+sparseadam,0,15946715,tuning,4194304,0,fm,7,27,28,4626637,0.0001,6,1.2086413817877464,0.9992065488843725,,
repeated_shuffle,adam+sparseadam,0,15946715,tuning,16777216,0,fm,7,27,28,4626637,0.0001,6,1.002074288310853,1.0,,
repeated_shuffle,adam+sparseadam,0,15946715,tuning,67108864,0,fm,7,27,28,4626637,0.0001,6,0.8929502483001964,1.0,,
repeated_shuffle,adam+sparseadam,0,15946715,tuning,262144,0,fm,7,27,28,4626637,0.0001,7,1.3001975529794496,0.8564315490224732,,
repeated_shuffle,adam+sparseadam,0,15946715,tuning,1048576,0,fm,7,27,28,4626637,0.0001,7,1.2803988156897435,0.9791673885565266,,
repeated_shuffle,adam+sparseadam,0,15946715,tuning,4194304,0,fm,7,27,28,4626637,0.0001,7,1.2086312740677765,0.9992065488843725,,
repeated_shuffle,adam+sparseadam,0,15946715,tuning,16777216,0,fm,7,27,28,4626637,0.0001,7,1.000363887338122,1.0,,
repeated_shuffle,adam+sparseadam,0,15946715,tuning,67108864,0,fm,7,27,28,4626637,0.0001,7,0.8947958035882674,1.0,,
repeated_shuffle,adam+sparseadam,0,15946715,tuning,262144,0,fm,7,27,28,4626637,0.00026826957952797245,0,1.2894820229980821,0.8564315490224732,,
repeated_shuffle,adam+sparseadam,0,15946715,tuning,1048576,0,fm,7,27,28,4626637,0.00026826957952797245,0,1.2393745546313961,0.9791673885565266,,
repeated_shuffle,adam+sparseadam,0,15946715,tuning,4194304,0,fm,7,27,28,4626637,0.00026826957952797245,0,1.0871281630312981,0.9992065488843725,,
repeated_shuffle,adam+sparseadam,0,15946715,tuning,16777216,0,fm,7,27,28,4626637,0.00026826957952797245,0,0.9011924213715251,1.0,,
repeated_shuffle,adam+sparseadam,0,15946715,tuning,67108864,0,fm,7,27,28,4626637,0.00026826957952797245,0,0.8393747925866085,1.0,,
repeated_shuffle,adam+sparseadam,0,15946715,tuning,262144,0,fm,7,27,28,4626637,0.00026826957952797245,1,1.2894828122307431,0.8564315490224732,,
repeated_shuffle,adam+sparseadam,0,15946715,tuning,1048576,0,fm,7,27,28,4626637,0.00026826957952797245,1,1.2393751167902005,0.9791673885565266,,
repeated_shuffle,adam+sparseadam,0,15946715,tuning,4194304,0,fm,7,27,28,4626637,0.00026826957952797245,1,1.086293950797246,0.9992065488843725,,
repeated_shuffle,adam+sparseadam,0,15946715,tuning,16777216,0,fm,7,27,28,4626637,0.00026826957952797245,1,0.9012827579851146,1.0,,
repeated_shuffle,adam+sparseadam,0,15946715,tuning,67108864,0,fm,7,27,28,4626637,0.00026826957952797245,1,0.835840332681917,1.0,,
repeated_shuffle,adam+sparseadam,0,15946715,tuning,262144,0,fm,7,27,28,4626637,0.00026826957952797245,2,1.2894817020802511,0.8564315490224732,,
repeated_shuffle,adam+sparseadam,0,15946715,tuning,1048576,0,fm,7,27,28,4626637,0.00026826957952797245,2,1.2393738443339473,0.9791673885565266,,
repeated_shuffle,adam+sparseadam,0,15946715,tuning,4194304,0,fm,7,27,28,4626637,0.00026826957952797245,2,1.0861680087588825,0.9992065488843725,,
repeated_shuffle,adam+sparseadam,0,15946715,tuning,16777216,0,fm,7,27,28,4626637,0.00026826957952797245,2,0.9006483396681911,1.0,,
repeated_shuffle,adam+sparseadam,0,15946715,tuning,67108864,0,fm,7,27,28,4626637,0.00026826957952797245,2,0.8385392512539298,1.0,,
repeated_shuffle,adam+sparseadam,0,15946715,tuning,262144,0,fm,7,27,28,4626637,0.00026826957952797245,3,1.289481155276587,0.8564315490224732,,
repeated_shuffle,adam+sparseadam,0,15946715,tuning,1048576,0,fm,7,27,28,4626637,0.00026826957952797245,3,1.239372704063451,0.9791673885565266,,
repeated_shuffle,adam+sparseadam,0,15946715,tuning,4194304,0,fm,7,27,28,4626637,0.00026826957952797245,3,1.0857307354884855,0.9992065488843725,,
repeated_shuffle,adam+sparseadam,0,15946715,tuning,16777216,0,fm,7,27,28,4626637,0.00026826957952797245,3,0.9063968356675868,1.0,,
repeated_shuffle,adam+sparseadam,0,15946715,tuning,67108864,0,fm,7,27,28,4626637,0.00026826957952797245,3,0.8401547512857626,1.0,,
repeated_shuffle,adam+sparseadam,0,15946715,tuning,262144,0,fm,7,27,28,4626637,0.00026826957952797245,4,1.2894826736046034,0.8564315490224732,,
repeated_shuffle,adam+sparseadam,0,15946715,tuning,1048576,0,fm,7,27,28,4626637,0.00026826957952797245,4,1.2393753167644515,0.9791673885565266,,
repeated_shuffle,adam+sparseadam,0,15946715,tuning,4194304,0,fm,7,27,28,4626637,0.00026826957952797245,4,1.0869742351745966,0.9992065488843725,,
repeated_shuffle,adam+sparseadam,0,15946715,tuning,16777216,0,fm,7,27,28,4626637,0.00026826957952797245,4,0.9067723767760957,1.0,,
repeated_shuffle,adam+sparseadam,0,15946715,tuning,67108864,0,fm,7,27,28,4626637,0.00026826957952797245,4,0.8397792793440267,1.0,,
repeated_shuffle,adam+sparseadam,0,15946715,tuning,262144,0,fm,7,27,28,4626637,0.00026826957952797245,5,1.2894816056931675,0.8564315490224732,,
repeated_shuffle,adam+sparseadam,0,15946715,tuning,1048576,0,fm,7,27,28,4626637,0.00026826957952797245,5,1.2393722605133521,0.9791673885565266,,
repeated_shuffle,adam+sparseadam,0,15946715,tuning,4194304,0,fm,7,27,28,4626637,0.00026826957952797245,5,1.0855247910841432,0.9992065488843725,,
repeated_shuffle,adam+sparseadam,0,15946715,tuning,16777216,0,fm,7,27,28,4626637,0.00026826957952797245,5,0.9071637639651837,1.0,,
repeated_shuffle,adam+sparseadam,0,15946715,tuning,67108864,0,fm,7,27,28,4626637,0.00026826957952797245,5,0.8407811938992918,1.0,,
repeated_shuffle,adam+sparseadam,0,15946715,tuning,262144,0,fm,7,27,28,4626637,0.00026826957952797245,6,1.289482283302532,0.8564315490224732,,
repeated_shuffle,adam+sparseadam,0,15946715,tuning,1048576,0,fm,7,27,28,4626637,0.00026826957952797245,6,1.2393749717433116,0.9791673885565266,,
repeated_shuffle,adam+sparseadam,0,15946715,tuning,4194304,0,fm,7,27,28,4626637,0.00026826957952797245,6,1.0877331811152435,0.9992065488843725,,
repeated_shuffle,adam+sparseadam,0,15946715,tuning,16777216,0,fm,7,27,28,4626637,0.00026826957952797245,6,0.9041295969171421,1.0,,
repeated_shuffle,adam+sparseadam,0,15946715,tuning,67108864,0,fm,7,27,28,4626637,0.00026826957952797245,6,0.8380762106777244,1.0,,
repeated_shuffle,adam+sparseadam,0,15946715,tuning,262144,0,fm,7,27,28,4626637,0.00026826957952797245,7,1.2894814558712573,0.8564315490224732,,
repeated_shuffle,adam+sparseadam,0,15946715,tuning,1048576,0,fm,7,27,28,4626637,0.00026826957952797245,7,1.23937403325367,0.9791673885565266,,
repeated_shuffle,adam+sparseadam,0,15946715,tuning,4194304,0,fm,7,27,28,4626637,0.00026826957952797245,7,1.0868649983913834,0.9992065488843725,,
repeated_shuffle,adam+sparseadam,0,15946715,tuning,16777216,0,fm,7,27,28,4626637,0.00026826957952797245,7,0.9015183808897335,1.0,,
repeated_shuffle,adam+sparseadam,0,15946715,tuning,67108864,0,fm,7,27,28,4626637,0.00026826957952797245,7,0.8385865429501059,1.0,,
repeated_shuffle,adam+sparseadam,0,15946715,tuning,262144,0,fm,7,27,28,4626637,0.0007196856730011522,0,1.2617487602141093,0.8564315490224732,,
repeated_shuffle,adam+sparseadam,0,15946715,tuning,1048576,0,fm,7,27,28,4626637,0.0007196856730011522,0,1.148316644719853,0.9791673885565266,,
repeated_shuffle,adam+sparseadam,0,15946715,tuning,4194304,0,fm,7,27,28,4626637,0.0007196856730011522,0,0.9395797386065496,0.9992065488843725,,
repeated_shuffle,adam+sparseadam,0,15946715,tuning,16777216,0,fm,7,27,28,4626637,0.0007196856730011522,0,0.8456294157873114,1.0,,
repeated_shuffle,adam+sparseadam,0,15946715,tuning,67108864,0,fm,7,27,28,4626637,0.0007196856730011522,0,0.7977950112227701,1.0,,
repeated_shuffle,adam+sparseadam,0,15946715,tuning,262144,0,fm,7,27,28,4626637,0.0007196856730011522,1,1.2617499501034428,0.8564315490224732,,
repeated_shuffle,adam+sparseadam,0,15946715,tuning,1048576,0,fm,7,27,28,4626637,0.0007196856730011522,1,1.1483071649287107,0.9791673885565266,,
repeated_shuffle,adam+sparseadam,0,15946715,tuning,4194304,0,fm,7,27,28,4626637,0.0007196856730011522,1,0.9399777160137056,0.9992065488843725,,
repeated_shuffle,adam+sparseadam,0,15946715,tuning,16777216,0,fm,7,27,28,4626637,0.0007196856730011522,1,0.8435042187556293,1.0,,
repeated_shuffle,adam+sparseadam,0,15946715,tuning,67108864,0,fm,7,27,28,4626637,0.0007196856730011522,1,0.7974626205286715,1.0,,
repeated_shuffle,adam+sparseadam,0,15946715,tuning,262144,0,fm,7,27,28,4626637,0.0007196856730011522,2,1.2617481603619565,0.8564315490224732,,
repeated_shuffle,adam+sparseadam,0,15946715,tuning,1048576,0,fm,7,27,28,4626637,0.0007196856730011522,2,1.1483118841610072,0.9791673885565266,,
repeated_shuffle,adam+sparseadam,0,15946715,tuning,4194304,0,fm,7,27,28,4626637,0.0007196856730011522,2,0.9394257808080769,0.9992065488843725,,
repeated_shuffle,adam+sparseadam,0,15946715,tuning,16777216,0,fm,7,27,28,4626637,0.0007196856730011522,2,0.8439090359983027,1.0,,
repeated_shuffle,adam+sparseadam,0,15946715,tuning,67108864,0,fm,7,27,28,4626637,0.0007196856730011522,2,0.7969892226528323,1.0,,
repeated_shuffle,adam+sparseadam,0,15946715,tuning,262144,0,fm,7,27,28,4626637,0.0007196856730011522,3,1.261747599231626,0.8564315490224732,,
repeated_shuffle,adam+sparseadam,0,15946715,tuning,1048576,0,fm,7,27,28,4626637,0.0007196856730011522,3,1.14829497081959,0.9791673885565266,,
repeated_shuffle,adam+sparseadam,0,15946715,tuning,4194304,0,fm,7,27,28,4626637,0.0007196856730011522,3,0.9400078009622133,0.9992065488843725,,
repeated_shuffle,adam+sparseadam,0,15946715,tuning,16777216,0,fm,7,27,28,4626637,0.0007196856730011522,3,0.8455841608629123,1.0,,
repeated_shuffle,adam+sparseadam,0,15946715,tuning,67108864,0,fm,7,27,28,4626637,0.0007196856730011522,3,0.7972389998122248,1.0,,
repeated_shuffle,adam+sparseadam,0,15946715,tuning,262144,0,fm,7,27,28,4626637,0.0007196856730011522,4,1.2617501228707526,0.8564315490224732,,
repeated_shuffle,adam+sparseadam,0,15946715,tuning,1048576,0,fm,7,27,28,4626637,0.0007196856730011522,4,1.148331474431758,0.9791673885565266,,
repeated_shuffle,adam+sparseadam,0,15946715,tuning,4194304,0,fm,7,27,28,4626637,0.0007196856730011522,4,0.9401644896415654,0.9992065488843725,,
repeated_shuffle,adam+sparseadam,0,15946715,tuning,16777216,0,fm,7,27,28,4626637,0.0007196856730011522,4,0.8452375751115024,1.0,,
repeated_shuffle,adam+sparseadam,0,15946715,tuning,67108864,0,fm,7,27,28,4626637,0.0007196856730011522,4,0.7976432770688805,1.0,,
repeated_shuffle,adam+sparseadam,0,15946715,tuning,262144,0,fm,7,27,28,4626637,0.0007196856730011522,5,1.2617485604577625,0.8564315490224732,,
repeated_shuffle,adam+sparseadam,0,15946715,tuning,1048576,0,fm,7,27,28,4626637,0.0007196856730011522,5,1.1482941091044265,0.9791673885565266,,
repeated_shuffle,adam+sparseadam,0,15946715,tuning,4194304,0,fm,7,27,28,4626637,0.0007196856730011522,5,0.9411626712997347,0.9992065488843725,,
repeated_shuffle,adam+sparseadam,0,15946715,tuning,16777216,0,fm,7,27,28,4626637,0.0007196856730011522,5,0.8455436623292764,1.0,,
repeated_shuffle,adam+sparseadam,0,15946715,tuning,67108864,0,fm,7,27,28,4626637,0.0007196856730011522,5,0.7962592191773141,1.0,,
repeated_shuffle,adam+sparseadam,0,15946715,tuning,262144,0,fm,7,27,28,4626637,0.0007196856730011522,6,1.261749187007054,0.8564315490224732,,
repeated_shuffle,adam+sparseadam,0,15946715,tuning,1048576,0,fm,7,27,28,4626637,0.0007196856730011522,6,1.148325398068484,0.9791673885565266,,
repeated_shuffle,adam+sparseadam,0,15946715,tuning,4194304,0,fm,7,27,28,4626637,0.0007196856730011522,6,0.9407976845709197,0.9992065488843725,,
repeated_shuffle,adam+sparseadam,0,15946715,tuning,16777216,0,fm,7,27,28,4626637,0.0007196856730011522,6,0.8422587762405837,1.0,,
repeated_shuffle,adam+sparseadam,0,15946715,tuning,67108864,0,fm,7,27,28,4626637,0.0007196856730011522,6,0.7956784259621016,1.0,,
repeated_shuffle,adam+sparseadam,0,15946715,tuning,262144,0,fm,7,27,28,4626637,0.0007196856730011522,7,1.2617478198067196,0.8564315490224732,,
repeated_shuffle,adam+sparseadam,0,15946715,tuning,1048576,0,fm,7,27,28,4626637,0.0007196856730011522,7,1.148327397190599,0.9791673885565266,,
repeated_shuffle,adam+sparseadam,0,15946715,tuning,4194304,0,fm,7,27,28,4626637,0.0007196856730011522,7,0.9403666270613954,0.9992065488843725,,
repeated_shuffle,adam+sparseadam,0,15946715,tuning,16777216,0,fm,7,27,28,4626637,0.0007196856730011522,7,0.8416145395707929,1.0,,
repeated_shuffle,adam+sparseadam,0,15946715,tuning,67108864,0,fm,7,27,28,4626637,0.0007196856730011522,7,0.7961440206128423,1.0,,
repeated_shuffle,adam+sparseadam,0,15946715,tuning,262144,0,fm,7,27,28,4626637,0.0019306977288832496,0,1.1947774524152075,0.8564315490224732,,
repeated_shuffle,adam+sparseadam,0,15946715,tuning,1048576,0,fm,7,27,28,4626637,0.0019306977288832496,0,1.013632494176897,0.9791673885565266,,
repeated_shuffle,adam+sparseadam,0,15946715,tuning,4194304,0,fm,7,27,28,4626637,0.0019306977288832496,0,0.8750306993270187,0.9992065488843725,,
repeated_shuffle,adam+sparseadam,0,15946715,tuning,16777216,0,fm,7,27,28,4626637,0.0019306977288832496,0,0.80960869541133,1.0,,
repeated_shuffle,adam+sparseadam,0,15946715,tuning,67108864,0,fm,7,27,28,4626637,0.0019306977288832496,0,0.7875623936870744,1.0,,
repeated_shuffle,adam+sparseadam,0,15946715,tuning,262144,0,fm,7,27,28,4626637,0.0019306977288832496,1,1.194779243836976,0.8564315490224732,,
repeated_shuffle,adam+sparseadam,0,15946715,tuning,1048576,0,fm,7,27,28,4626637,0.0019306977288832496,1,1.0137052980143215,0.9791673885565266,,
repeated_shuffle,adam+sparseadam,0,15946715,tuning,4194304,0,fm,7,27,28,4626637,0.0019306977288832496,1,0.8748997689353964,0.9992065488843725,,
repeated_shuffle,adam+sparseadam,0,15946715,tuning,16777216,0,fm,7,27,28,4626637,0.0019306977288832496,1,0.8079251460690373,1.0,,
repeated_shuffle,adam+sparseadam,0,15946715,tuning,67108864,0,fm,7,27,28,4626637,0.0019306977288832496,1,0.7872185588797629,1.0,,
repeated_shuffle,adam+sparseadam,0,15946715,tuning,262144,0,fm,7,27,28,4626637,0.0019306977288832496,2,1.1947768429771681,0.8564315490224732,,
repeated_shuffle,adam+sparseadam,0,15946715,tuning,1048576,0,fm,7,27,28,4626637,0.0019306977288832496,2,1.0138497073832005,0.9791673885565266,,
repeated_shuffle,adam+sparseadam,0,15946715,tuning,4194304,0,fm,7,27,28,4626637,0.0019306977288832496,2,0.8738952043384973,0.9992065488843725,,
repeated_shuffle,adam+sparseadam,0,15946715,tuning,16777216,0,fm,7,27,28,4626637,0.0019306977288832496,2,0.8071717188688248,1.0,,
repeated_shuffle,adam+sparseadam,0,15946715,tuning,67108864,0,fm,7,27,28,4626637,0.0019306977288832496,2,0.7874642302044074,1.0,,
repeated_shuffle,adam+sparseadam,0,15946715,tuning,262144,0,fm,7,27,28,4626637,0.0019306977288832496,3,1.1947754750498225,0.8564315490224732,,
repeated_shuffle,adam+sparseadam,0,15946715,tuning,1048576,0,fm,7,27,28,4626637,0.0019306977288832496,3,1.0136721974931842,0.9791673885565266,,
repeated_shuffle,adam+sparseadam,0,15946715,tuning,4194304,0,fm,7,27,28,4626637,0.0019306977288832496,3,0.8748692560939793,0.9992065488843725,,
repeated_shuffle,adam+sparseadam,0,15946715,tuning,16777216,0,fm,7,27,28,4626637,0.0019306977288832496,3,0.809801462206964,1.0,,
repeated_shuffle,adam+sparseadam,0,15946715,tuning,67108864,0,fm,7,27,28,4626637,0.0019306977288832496,3,0.7871386495307877,1.0,,
repeated_shuffle,adam+sparseadam,0,15946715,tuning,262144,0,fm,7,27,28,4626637,0.0019306977288832496,4,1.1947813051615992,0.8564315490224732,,
repeated_shuffle,adam+sparseadam,0,15946715,tuning,1048576,0,fm,7,27,28,4626637,0.0019306977288832496,4,1.014249963814571,0.9791673885565266,,
repeated_shuffle,adam+sparseadam,0,15946715,tuning,4194304,0,fm,7,27,28,4626637,0.0019306977288832496,4,0.8752689550981017,0.9992065488843725,,
repeated_shuffle,adam+sparseadam,0,15946715,tuning,16777216,0,fm,7,27,28,4626637,0.0019306977288832496,4,0.808701009653237,1.0,,
repeated_shuffle,adam+sparseadam,0,15946715,tuning,67108864,0,fm,7,27,28,4626637,0.0019306977288832496,4,0.7873058563341602,1.0,,
repeated_shuffle,adam+sparseadam,0,15946715,tuning,262144,0,fm,7,27,28,4626637,0.0019306977288832496,5,1.1947785654161454,0.8564315490224732,,
repeated_shuffle,adam+sparseadam,0,15946715,tuning,1048576,0,fm,7,27,28,4626637,0.0019306977288832496,5,1.014109841451285,0.9791673885565266,,
repeated_shuffle,adam+sparseadam,0,15946715,tuning,4194304,0,fm,7,27,28,4626637,0.0019306977288832496,5,0.8762874779375696,0.9992065488843725,,
repeated_shuffle,adam+sparseadam,0,15946715,tuning,16777216,0,fm,7,27,28,4626637,0.0019306977288832496,5,0.8066617718852648,1.0,,
repeated_shuffle,adam+sparseadam,0,15946715,tuning,67108864,0,fm,7,27,28,4626637,0.0019306977288832496,5,0.7879539507808743,1.0,,
repeated_shuffle,adam+sparseadam,0,15946715,tuning,262144,0,fm,7,27,28,4626637,0.0019306977288832496,6,1.1947787771902065,0.8564315490224732,,
repeated_shuffle,adam+sparseadam,0,15946715,tuning,1048576,0,fm,7,27,28,4626637,0.0019306977288832496,6,1.0141924471273065,0.9791673885565266,,
repeated_shuffle,adam+sparseadam,0,15946715,tuning,4194304,0,fm,7,27,28,4626637,0.0019306977288832496,6,0.8750793486597657,0.9992065488843725,,
repeated_shuffle,adam+sparseadam,0,15946715,tuning,16777216,0,fm,7,27,28,4626637,0.0019306977288832496,6,0.8069658788968649,1.0,,
repeated_shuffle,adam+sparseadam,0,15946715,tuning,67108864,0,fm,7,27,28,4626637,0.0019306977288832496,6,0.7877105278042272,1.0,,
repeated_shuffle,adam+sparseadam,0,15946715,tuning,262144,0,fm,7,27,28,4626637,0.0019306977288832496,7,1.1947759705330827,0.8564315490224732,,
repeated_shuffle,adam+sparseadam,0,15946715,tuning,1048576,0,fm,7,27,28,4626637,0.0019306977288832496,7,1.014394490054171,0.9791673885565266,,
repeated_shuffle,adam+sparseadam,0,15946715,tuning,4194304,0,fm,7,27,28,4626637,0.0019306977288832496,7,0.8731816763428546,0.9992065488843725,,
repeated_shuffle,adam+sparseadam,0,15946715,tuning,16777216,0,fm,7,27,28,4626637,0.0019306977288832496,7,0.8077724230969268,1.0,,
repeated_shuffle,adam+sparseadam,0,15946715,tuning,67108864,0,fm,7,27,28,4626637,0.0019306977288832496,7,0.7882585702758192,1.0,,
repeated_shuffle,adam+sparseadam,0,15946715,tuning,262144,0,fm,7,27,28,4626637,0.005179474679231213,0,1.0682179372836174,0.8564315490224732,,
repeated_shuffle,adam+sparseadam,0,15946715,tuning,1048576,0,fm,7,27,28,4626637,0.005179474679231213,0,0.936646468289846,0.9791673885565266,,
repeated_shuffle,adam+sparseadam,0,15946715,tuning,4194304,0,fm,7,27,28,4626637,0.005179474679231213,0,0.854181171730809,0.9992065488843725,,
repeated_shuffle,adam+sparseadam,0,15946715,tuning,16777216,0,fm,7,27,28,4626637,0.005179474679231213,0,0.7975578965027219,1.0,,
repeated_shuffle,adam+sparseadam,0,15946715,tuning,67108864,0,fm,7,27,28,4626637,0.005179474679231213,0,0.8066318322664692,1.0,,
repeated_shuffle,adam+sparseadam,0,15946715,tuning,262144,0,fm,7,27,28,4626637,0.005179474679231213,1,1.0682215809911904,0.8564315490224732,,
repeated_shuffle,adam+sparseadam,0,15946715,tuning,1048576,0,fm,7,27,28,4626637,0.005179474679231213,1,0.9374248188916037,0.9791673885565266,,
repeated_shuffle,adam+sparseadam,0,15946715,tuning,4194304,0,fm,7,27,28,4626637,0.005179474679231213,1,0.8538911357102656,0.9992065488843725,,
repeated_shuffle,adam+sparseadam,0,15946715,tuning,16777216,0,fm,7,27,28,4626637,0.005179474679231213,1,0.7975034712946789,1.0,,
repeated_shuffle,adam+sparseadam,0,15946715,tuning,67108864,0,fm,7,27,28,4626637,0.005179474679231213,1,0.8060897370486112,1.0,,
repeated_shuffle,adam+sparseadam,0,15946715,tuning,262144,0,fm,7,27,28,4626637,0.005179474679231213,2,1.0682216634272852,0.8564315490224732,,
repeated_shuffle,adam+sparseadam,0,15946715,tuning,1048576,0,fm,7,27,28,4626637,0.005179474679231213,2,0.93679918177358,0.9791673885565266,,
repeated_shuffle,adam+sparseadam,0,15946715,tuning,4194304,0,fm,7,27,28,4626637,0.005179474679231213,2,0.8527007385563301,0.9992065488843725,,
repeated_shuffle,adam+sparseadam,0,15946715,tuning,16777216,0,fm,7,27,28,4626637,0.005179474679231213,2,0.797472739327389,1.0,,
repeated_shuffle,adam+sparseadam,0,15946715,tuning,67108864,0,fm,7,27,28,4626637,0.005179474679231213,2,0.8053729763788415,1.0,,
repeated_shuffle,adam+sparseadam,0,15946715,tuning,262144,0,fm,7,27,28,4626637,0.005179474679231213,3,1.0682192001978714,0.8564315490224732,,
repeated_shuffle,adam+sparseadam,0,15946715,tuning,1048576,0,fm,7,27,28,4626637,0.005179474679231213,3,0.93685990219866,0.9791673885565266,,
repeated_shuffle,adam+sparseadam,0,15946715,tuning,4194304,0,fm,7,27,28,4626637,0.005179474679231213,3,0.8544952237283271,0.9992065488843725,,
repeated_shuffle,adam+sparseadam,0,15946715,tuning,16777216,0,fm,7,27,28,4626637,0.005179474679231213,3,0.7978925339591633,1.0,,
repeated_shuffle,adam+sparseadam,0,15946715,tuning,67108864,0,fm,7,27,28,4626637,0.005179474679231213,3,0.8062494219906475,1.0,,
repeated_shuffle,adam+sparseadam,0,15946715,tuning,262144,0,fm,7,27,28,4626637,0.005179474679231213,4,1.0682341589498399,0.8564315490224732,,
repeated_shuffle,adam+sparseadam,0,15946715,tuning,1048576,0,fm,7,27,28,4626637,0.005179474679231213,4,0.9378211490368893,0.9791673885565266,,
repeated_shuffle,adam+sparseadam,0,15946715,tuning,4194304,0,fm,7,27,28,4626637,0.005179474679231213,4,0.8540868471714503,0.9992065488843725,,
repeated_shuffle,adam+sparseadam,0,15946715,tuning,16777216,0,fm,7,27,28,4626637,0.005179474679231213,4,0.7981863942850592,1.0,,
repeated_shuffle,adam+sparseadam,0,15946715,tuning,67108864,0,fm,7,27,28,4626637,0.005179474679231213,4,0.8066844783165176,1.0,,
repeated_shuffle,adam+sparseadam,0,15946715,tuning,262144,0,fm,7,27,28,4626637,0.005179474679231213,5,1.0682361354686352,0.8564315490224732,,
repeated_shuffle,adam+sparseadam,0,15946715,tuning,1048576,0,fm,7,27,28,4626637,0.005179474679231213,5,0.938504249830825,0.9791673885565266,,
repeated_shuffle,adam+sparseadam,0,15946715,tuning,4194304,0,fm,7,27,28,4626637,0.005179474679231213,5,0.8541807519132849,0.9992065488843725,,
repeated_shuffle,adam+sparseadam,0,15946715,tuning,16777216,0,fm,7,27,28,4626637,0.005179474679231213,5,0.7977904463378844,1.0,,
repeated_shuffle,adam+sparseadam,0,15946715,tuning,67108864,0,fm,7,27,28,4626637,0.005179474679231213,5,0.8066673860860274,1.0,,
repeated_shuffle,adam+sparseadam,0,15946715,tuning,262144,0,fm,7,27,28,4626637,0.005179474679231213,6,1.0682285433468879,0.8564315490224732,,
repeated_shuffle,adam+sparseadam,0,15946715,tuning,1048576,0,fm,7,27,28,4626637,0.005179474679231213,6,0.9379419054970259,0.9791673885565266,,
repeated_shuffle,adam+sparseadam,0,15946715,tuning,4194304,0,fm,7,27,28,4626637,0.005179474679231213,6,0.854131879806945,0.9992065488843725,,
repeated_shuffle,adam+sparseadam,0,15946715,tuning,16777216,0,fm,7,27,28,4626637,0.005179474679231213,6,0.798295041996172,1.0,,
repeated_shuffle,adam+sparseadam,0,15946715,tuning,67108864,0,fm,7,27,28,4626637,0.005179474679231213,6,0.8062353443438948,1.0,,
repeated_shuffle,adam+sparseadam,0,15946715,tuning,262144,0,fm,7,27,28,4626637,0.005179474679231213,7,1.0682257871463676,0.8564315490224732,,
repeated_shuffle,adam+sparseadam,0,15946715,tuning,1048576,0,fm,7,27,28,4626637,0.005179474679231213,7,0.9377130156488905,0.9791673885565266,,
repeated_shuffle,adam+sparseadam,0,15946715,tuning,4194304,0,fm,7,27,28,4626637,0.005179474679231213,7,0.8531090343743993,0.9992065488843725,,
repeated_shuffle,adam+sparseadam,0,15946715,tuning,16777216,0,fm,7,27,28,4626637,0.005179474679231213,7,0.7978910795537293,1.0,,
repeated_shuffle,adam+sparseadam,0,15946715,tuning,67108864,0,fm,7,27,28,4626637,0.005179474679231213,7,0.806461376550811,1.0,,
repeated_shuffle,adam+sparseadam,0,15946715,tuning,262144,0,fm,7,27,28,4626637,0.013894954943731374,0,0.9734536259300727,0.8564315490224732,,
repeated_shuffle,adam+sparseadam,0,15946715,tuning,1048576,0,fm,7,27,28,4626637,0.013894954943731374,0,0.9119185978908501,0.9791673885565266,,
repeated_shuffle,adam+sparseadam,0,15946715,tuning,4194304,0,fm,7,27,28,4626637,0.013894954943731374,0,0.8797583283618859,0.9992065488843725,,
repeated_shuffle,adam+sparseadam,0,15946715,tuning,16777216,0,fm,7,27,28,4626637,0.013894954943731374,0,0.841079564599527,1.0,,
repeated_shuffle,adam+sparseadam,0,15946715,tuning,67108864,0,fm,7,27,28,4626637,0.013894954943731374,0,0.8373719806474421,1.0,,
repeated_shuffle,adam+sparseadam,0,15946715,tuning,262144,0,fm,7,27,28,4626637,0.013894954943731374,1,0.9735136209719656,0.8564315490224732,,
repeated_shuffle,adam+sparseadam,0,15946715,tuning,1048576,0,fm,7,27,28,4626637,0.013894954943731374,1,0.9127794646703018,0.9791673885565266,,
repeated_shuffle,adam+sparseadam,0,15946715,tuning,4194304,0,fm,7,27,28,4626637,0.013894954943731374,1,0.8794647163996521,0.9992065488843725,,
repeated_shuffle,adam+sparseadam,0,15946715,tuning,16777216,0,fm,7,27,28,4626637,0.013894954943731374,1,0.841099084649319,1.0,,
repeated_shuffle,adam+sparseadam,0,15946715,tuning,67108864,0,fm,7,27,28,4626637,0.013894954943731374,1,0.8376884036370872,1.0,,
repeated_shuffle,adam+sparseadam,0,15946715,tuning,262144,0,fm,7,27,28,4626637,0.013894954943731374,2,0.9734980889333398,0.8564315490224732,,
repeated_shuffle,adam+sparseadam,0,15946715,tuning,1048576,0,fm,7,27,28,4626637,0.013894954943731374,2,0.9125107381922491,0.9791673885565266,,
repeated_shuffle,adam+sparseadam,0,15946715,tuning,4194304,0,fm,7,27,28,4626637,0.013894954943731374,2,0.8790560710638546,0.9992065488843725,,
repeated_shuffle,adam+sparseadam,0,15946715,tuning,16777216,0,fm,7,27,28,4626637,0.013894954943731374,2,0.840690590869502,1.0,,
repeated_shuffle,adam+sparseadam,0,15946715,tuning,67108864,0,fm,7,27,28,4626637,0.013894954943731374,2,0.8364171496499144,1.0,,
repeated_shuffle,adam+sparseadam,0,15946715,tuning,262144,0,fm,7,27,28,4626637,0.013894954943731374,3,0.9734540196560999,0.8564315490224732,,
repeated_shuffle,adam+sparseadam,0,15946715,tuning,1048576,0,fm,7,27,28,4626637,0.013894954943731374,3,0.9118505302081815,0.9791673885565266,,
repeated_shuffle,adam+sparseadam,0,15946715,tuning,4194304,0,fm,7,27,28,4626637,0.013894954943731374,3,0.8799796361070384,0.9992065488843725,,
repeated_shuffle,adam+sparseadam,0,15946715,tuning,16777216,0,fm,7,27,28,4626637,0.013894954943731374,3,0.8412727034148347,1.0,,
repeated_shuffle,adam+sparseadam,0,15946715,tuning,67108864,0,fm,7,27,28,4626637,0.013894954943731374,3,0.837558639679965,1.0,,
repeated_shuffle,adam+sparseadam,0,15946715,tuning,262144,0,fm,7,27,28,4626637,0.013894954943731374,4,0.973513637611689,0.8564315490224732,,
repeated_shuffle,adam+sparseadam,0,15946715,tuning,1048576,0,fm,7,27,28,4626637,0.013894954943731374,4,0.9131586434186965,0.9791673885565266,,
repeated_shuffle,adam+sparseadam,0,15946715,tuning,4194304,0,fm,7,27,28,4626637,0.013894954943731374,4,0.8801903888677108,0.9992065488843725,,
repeated_shuffle,adam+sparseadam,0,15946715,tuning,16777216,0,fm,7,27,28,4626637,0.013894954943731374,4,0.841741362506276,1.0,,
repeated_shuffle,adam+sparseadam,0,15946715,tuning,67108864,0,fm,7,27,28,4626637,0.013894954943731374,4,0.8367107430042046,1.0,,
repeated_shuffle,adam+sparseadam,0,15946715,tuning,262144,0,fm,7,27,28,4626637,0.013894954943731374,5,0.9735450609937687,0.8564315490224732,,
repeated_shuffle,adam+sparseadam,0,15946715,tuning,1048576,0,fm,7,27,28,4626637,0.013894954943731374,5,0.9138581352105353,0.9791673885565266,,
repeated_shuffle,adam+sparseadam,0,15946715,tuning,4194304,0,fm,7,27,28,4626637,0.013894954943731374,5,0.8806826242196449,0.9992065488843725,,
repeated_shuffle,adam+sparseadam,0,15946715,tuning,16777216,0,fm,7,27,28,4626637,0.013894954943731374,5,0.8414309963465638,1.0,,
repeated_shuffle,adam+sparseadam,0,15946715,tuning,67108864,0,fm,7,27,28,4626637,0.013894954943731374,5,0.837227004850161,1.0,,
repeated_shuffle,adam+sparseadam,0,15946715,tuning,262144,0,fm,7,27,28,4626637,0.013894954943731374,6,0.9735045499504634,0.8564315490224732,,
repeated_shuffle,adam+sparseadam,0,15946715,tuning,1048576,0,fm,7,27,28,4626637,0.013894954943731374,6,0.9135771073047706,0.9791673885565266,,
repeated_shuffle,adam+sparseadam,0,15946715,tuning,4194304,0,fm,7,27,28,4626637,0.013894954943731374,6,0.8805535707006025,0.9992065488843725,,
repeated_shuffle,adam+sparseadam,0,15946715,tuning,16777216,0,fm,7,27,28,4626637,0.013894954943731374,6,0.8418878703809757,1.0,,
repeated_shuffle,adam+sparseadam,0,15946715,tuning,67108864,0,fm,7,27,28,4626637,0.013894954943731374,6,0.8374643896408539,1.0,,
repeated_shuffle,adam+sparseadam,0,15946715,tuning,262144,0,fm,7,27,28,4626637,0.013894954943731374,7,0.973499870858866,0.8564315490224732,,
repeated_shuffle,adam+sparseadam,0,15946715,tuning,1048576,0,fm,7,27,28,4626637,0.013894954943731374,7,0.9120716678449715,0.9791673885565266,,
repeated_shuffle,adam+sparseadam,0,15946715,tuning,4194304,0,fm,7,27,28,4626637,0.013894954943731374,7,0.8802075702947706,0.9992065488843725,,
repeated_shuffle,adam+sparseadam,0,15946715,tuning,16777216,0,fm,7,27,28,4626637,0.013894954943731374,7,0.8414686700895015,1.0,,
repeated_shuffle,adam+sparseadam,0,15946715,tuning,67108864,0,fm,7,27,28,4626637,0.013894954943731374,7,0.8372731970692108,1.0,,
repeated_shuffle,adam+sparseadam,0,15946715,tuning,262144,0,fm,7,27,28,4626637,0.03727593720314938,0,0.9486436236197845,0.8564315490224732,,
repeated_shuffle,adam+sparseadam,0,15946715,tuning,1048576,0,fm,7,27,28,4626637,0.03727593720314938,0,1.0022749026117233,0.9791673885565266,,
repeated_shuffle,adam+sparseadam,0,15946715,tuning,4194304,0,fm,7,27,28,4626637,0.03727593720314938,0,1.0782449674996075,0.9992065488843725,,
repeated_shuffle,adam+sparseadam,0,15946715,tuning,16777216,0,fm,7,27,28,4626637,0.03727593720314938,0,1.016911306379242,1.0,,
repeated_shuffle,adam+sparseadam,0,15946715,tuning,67108864,0,fm,7,27,28,4626637,0.03727593720314938,0,0.9111276581845357,1.0,,
repeated_shuffle,adam+sparseadam,0,15946715,tuning,262144,0,fm,7,27,28,4626637,0.03727593720314938,1,0.9487772851975563,0.8564315490224732,,
repeated_shuffle,adam+sparseadam,0,15946715,tuning,1048576,0,fm,7,27,28,4626637,0.03727593720314938,1,1.0034598879115317,0.9791673885565266,,
repeated_shuffle,adam+sparseadam,0,15946715,tuning,4194304,0,fm,7,27,28,4626637,0.03727593720314938,1,1.0798373671060415,0.9992065488843725,,
repeated_shuffle,adam+sparseadam,0,15946715,tuning,16777216,0,fm,7,27,28,4626637,0.03727593720314938,1,1.0172535672075371,1.0,,
repeated_shuffle,adam+sparseadam,0,15946715,tuning,67108864,0,fm,7,27,28,4626637,0.03727593720314938,1,0.9105966584099006,1.0,,
repeated_shuffle,adam+sparseadam,0,15946715,tuning,262144,0,fm,7,27,28,4626637,0.03727593720314938,2,0.9487425613525182,0.8564315490224732,,
repeated_shuffle,adam+sparseadam,0,15946715,tuning,1048576,0,fm,7,27,28,4626637,0.03727593720314938,2,1.0029431705964955,0.9791673885565266,,
repeated_shuffle,adam+sparseadam,0,15946715,tuning,4194304,0,fm,7,27,28,4626637,0.03727593720314938,2,1.077945596949996,0.9992065488843725,,
repeated_shuffle,adam+sparseadam,0,15946715,tuning,16777216,0,fm,7,27,28,4626637,0.03727593720314938,2,1.015347807998346,1.0,,
repeated_shuffle,adam+sparseadam,0,15946715,tuning,67108864,0,fm,7,27,28,4626637,0.03727593720314938,2,0.9104333657282472,1.0,,
repeated_shuffle,adam+sparseadam,0,15946715,tuning,262144,0,fm,7,27,28,4626637,0.03727593720314938,3,0.948619563162225,0.8564315490224732,,
repeated_shuffle,adam+sparseadam,0,15946715,tuning,1048576,0,fm,7,27,28,4626637,0.03727593720314938,3,1.003233941676583,0.9791673885565266,,
repeated_shuffle,adam+sparseadam,0,15946715,tuning,4194304,0,fm,7,27,28,4626637,0.03727593720314938,3,1.0784358597451973,0.9992065488843725,,
repeated_shuffle,adam+sparseadam,0,15946715,tuning,16777216,0,fm,7,27,28,4626637,0.03727593720314938,3,1.0170183343542567,1.0,,
repeated_shuffle,adam+sparseadam,0,15946715,tuning,67108864,0,fm,7,27,28,4626637,0.03727593720314938,3,0.9105127507793036,1.0,,
repeated_shuffle,adam+sparseadam,0,15946715,tuning,262144,0,fm,7,27,28,4626637,0.03727593720314938,4,0.9487531166237809,0.8564315490224732,,
repeated_shuffle,adam+sparseadam,0,15946715,tuning,1048576,0,fm,7,27,28,4626637,0.03727593720314938,4,1.0030266970505028,0.9791673885565266,,
repeated_shuffle,adam+sparseadam,0,15946715,tuning,4194304,0,fm,7,27,28,4626637,0.03727593720314938,4,1.0783185295974373,0.9992065488843725,,
repeated_shuffle,adam+sparseadam,0,15946715,tuning,16777216,0,fm,7,27,28,4626637,0.03727593720314938,4,1.0166257339515743,1.0,,
repeated_shuffle,adam+sparseadam,0,15946715,tuning,67108864,0,fm,7,27,28,4626637,0.03727593720314938,4,0.9097247811187418,1.0,,
repeated_shuffle,adam+sparseadam,0,15946715,tuning,262144,0,fm,7,27,28,4626637,0.03727593720314938,5,0.9489876394792945,0.8564315490224732,,
repeated_shuffle,adam+sparseadam,0,15946715,tuning,1048576,0,fm,7,27,28,4626637,0.03727593720314938,5,1.0021466041071265,0.9791673885565266,,
repeated_shuffle,adam+sparseadam,0,15946715,tuning,4194304,0,fm,7,27,28,4626637,0.03727593720314938,5,1.079814777888523,0.9992065488843725,,
repeated_shuffle,adam+sparseadam,0,15946715,tuning,16777216,0,fm,7,27,28,4626637,0.03727593720314938,5,1.0171130363512715,1.0,,
repeated_shuffle,adam+sparseadam,0,15946715,tuning,67108864,0,fm,7,27,28,4626637,0.03727593720314938,5,0.9093785600476674,1.0,,
repeated_shuffle,adam+sparseadam,0,15946715,tuning,262144,0,fm,7,27,28,4626637,0.03727593720314938,6,0.9487458366810608,0.8564315490224732,,
repeated_shuffle,adam+sparseadam,0,15946715,tuning,1048576,0,fm,7,27,28,4626637,0.03727593720314938,6,1.0032317360729164,0.9791673885565266,,
repeated_shuffle,adam+sparseadam,0,15946715,tuning,4194304,0,fm,7,27,28,4626637,0.03727593720314938,6,1.07779143427378,0.9992065488843725,,
repeated_shuffle,adam+sparseadam,0,15946715,tuning,16777216,0,fm,7,27,28,4626637,0.03727593720314938,6,1.0172396633160605,1.0,,
repeated_shuffle,adam+sparseadam,0,15946715,tuning,67108864,0,fm,7,27,28,4626637,0.03727593720314938,6,0.91054241085719,1.0,,
repeated_shuffle,adam+sparseadam,0,15946715,tuning,262144,0,fm,7,27,28,4626637,0.03727593720314938,7,0.9486668173160255,0.8564315490224732,,
repeated_shuffle,adam+sparseadam,0,15946715,tuning,1048576,0,fm,7,27,28,4626637,0.03727593720314938,7,1.0039779795748422,0.9791673885565266,,
repeated_shuffle,adam+sparseadam,0,15946715,tuning,4194304,0,fm,7,27,28,4626637,0.03727593720314938,7,1.0792766303417953,0.9992065488843725,,
repeated_shuffle,adam+sparseadam,0,15946715,tuning,16777216,0,fm,7,27,28,4626637,0.03727593720314938,7,1.0170509033167507,1.0,,
repeated_shuffle,adam+sparseadam,0,15946715,tuning,67108864,0,fm,7,27,28,4626637,0.03727593720314938,7,0.9096442178447728,1.0,,
repeated_shuffle,adam+sparseadam,0,15946715,tuning,262144,0,fm,7,27,28,4626637,0.1,0,1.104385937487528,0.8564315490224732,,
repeated_shuffle,adam+sparseadam,0,15946715,tuning,1048576,0,fm,7,27,28,4626637,0.1,0,1.8648445474279565,0.9791673885565266,,
repeated_shuffle,adam+sparseadam,0,15946715,tuning,4194304,0,fm,7,27,28,4626637,0.1,0,3.2495888880529944,0.9992065488843725,,
repeated_shuffle,adam+sparseadam,0,15946715,tuning,16777216,0,fm,7,27,28,4626637,0.1,0,2.844273117719652,1.0,,
repeated_shuffle,adam+sparseadam,0,15946715,tuning,67108864,0,fm,7,27,28,4626637,0.1,0,1.4693513989253777,1.0,,
repeated_shuffle,adam+sparseadam,0,15946715,tuning,262144,0,fm,7,27,28,4626637,0.1,1,1.1040962875648355,0.8564315490224732,,
repeated_shuffle,adam+sparseadam,0,15946715,tuning,1048576,0,fm,7,27,28,4626637,0.1,1,1.8712283950992656,0.9791673885565266,,
repeated_shuffle,adam+sparseadam,0,15946715,tuning,4194304,0,fm,7,27,28,4626637,0.1,1,3.2487770990032625,0.9992065488843725,,
repeated_shuffle,adam+sparseadam,0,15946715,tuning,16777216,0,fm,7,27,28,4626637,0.1,1,2.809505165836625,1.0,,
repeated_shuffle,adam+sparseadam,0,15946715,tuning,67108864,0,fm,7,27,28,4626637,0.1,1,1.477354934953619,1.0,,
repeated_shuffle,adam+sparseadam,0,15946715,tuning,262144,0,fm,7,27,28,4626637,0.1,2,1.1028140124257686,0.8564315490224732,,
repeated_shuffle,adam+sparseadam,0,15946715,tuning,1048576,0,fm,7,27,28,4626637,0.1,2,1.8675240165715787,0.9791673885565266,,
repeated_shuffle,adam+sparseadam,0,15946715,tuning,4194304,0,fm,7,27,28,4626637,0.1,2,3.249140432616073,0.9992065488843725,,
repeated_shuffle,adam+sparseadam,0,15946715,tuning,16777216,0,fm,7,27,28,4626637,0.1,2,2.80196956864357,1.0,,
repeated_shuffle,adam+sparseadam,0,15946715,tuning,67108864,0,fm,7,27,28,4626637,0.1,2,1.4732375696627777,1.0,,
repeated_shuffle,adam+sparseadam,0,15946715,tuning,262144,0,fm,7,27,28,4626637,0.1,3,1.1021745398061413,0.8564315490224732,,
repeated_shuffle,adam+sparseadam,0,15946715,tuning,1048576,0,fm,7,27,28,4626637,0.1,3,1.874897978608398,0.9791673885565266,,
repeated_shuffle,adam+sparseadam,0,15946715,tuning,4194304,0,fm,7,27,28,4626637,0.1,3,3.231063675547191,0.9992065488843725,,
repeated_shuffle,adam+sparseadam,0,15946715,tuning,16777216,0,fm,7,27,28,4626637,0.1,3,2.823857253512043,1.0,,
repeated_shuffle,adam+sparseadam,0,15946715,tuning,67108864,0,fm,7,27,28,4626637,0.1,3,1.4800623822514818,1.0,,
repeated_shuffle,adam+sparseadam,0,15946715,tuning,262144,0,fm,7,27,28,4626637,0.1,4,1.1028615008556644,0.8564315490224732,,
repeated_shuffle,adam+sparseadam,0,15946715,tuning,1048576,0,fm,7,27,28,4626637,0.1,4,1.8669895240062278,0.9791673885565266,,
repeated_shuffle,adam+sparseadam,0,15946715,tuning,4194304,0,fm,7,27,28,4626637,0.1,4,3.230359068550918,0.9992065488843725,,
repeated_shuffle,adam+sparseadam,0,15946715,tuning,16777216,0,fm,7,27,28,4626637,0.1,4,2.8213140600795428,1.0,,
repeated_shuffle,adam+sparseadam,0,15946715,tuning,67108864,0,fm,7,27,28,4626637,0.1,4,1.4775975281432923,1.0,,
repeated_shuffle,adam+sparseadam,0,15946715,tuning,262144,0,fm,7,27,28,4626637,0.1,5,1.1030240942606122,0.8564315490224732,,
repeated_shuffle,adam+sparseadam,0,15946715,tuning,1048576,0,fm,7,27,28,4626637,0.1,5,1.8632596328293662,0.9791673885565266,,
repeated_shuffle,adam+sparseadam,0,15946715,tuning,4194304,0,fm,7,27,28,4626637,0.1,5,3.230672857012162,0.9992065488843725,,
repeated_shuffle,adam+sparseadam,0,15946715,tuning,16777216,0,fm,7,27,28,4626637,0.1,5,2.8300087095806186,1.0,,
repeated_shuffle,adam+sparseadam,0,15946715,tuning,67108864,0,fm,7,27,28,4626637,0.1,5,1.4867034416647245,1.0,,
repeated_shuffle,adam+sparseadam,0,15946715,tuning,262144,0,fm,7,27,28,4626637,0.1,6,1.1031056508958672,0.8564315490224732,,
repeated_shuffle,adam+sparseadam,0,15946715,tuning,1048576,0,fm,7,27,28,4626637,0.1,6,1.8709621173240878,0.9791673885565266,,
repeated_shuffle,adam+sparseadam,0,15946715,tuning,4194304,0,fm,7,27,28,4626637,0.1,6,3.229683477112278,0.9992065488843725,,
repeated_shuffle,adam+sparseadam,0,15946715,tuning,16777216,0,fm,7,27,28,4626637,0.1,6,2.819460563696574,1.0,,
repeated_shuffle,adam+sparseadam,0,15946715,tuning,67108864,0,fm,7,27,28,4626637,0.1,6,1.473135899427498,1.0,,
repeated_shuffle,adam+sparseadam,0,15946715,tuning,262144,0,fm,7,27,28,4626637,0.1,7,1.1038179171823077,0.8564315490224732,,
repeated_shuffle,adam+sparseadam,0,15946715,tuning,1048576,0,fm,7,27,28,4626637,0.1,7,1.8780904506865834,0.9791673885565266,,
repeated_shuffle,adam+sparseadam,0,15946715,tuning,4194304,0,fm,7,27,28,4626637,0.1,7,3.2384582391616124,0.9992065488843725,,
repeated_shuffle,adam+sparseadam,0,15946715,tuning,16777216,0,fm,7,27,28,4626637,0.1,7,2.8254765379071247,1.0,,
repeated_shuffle,adam+sparseadam,0,15946715,tuning,67108864,0,fm,7,27,28,4626637,0.1,7,1.4803549757899144,1.0,,
repeated_shuffle,adam+sparseadam,0,15946715,tuning,262144,0,spectral,7,0,28,4626664,0.0001,0,1.320350487293971,0.8564315490224732,,
repeated_shuffle,adam+sparseadam,0,15946715,tuning,1048576,0,spectral,7,0,28,4626664,0.0001,0,1.291547906338493,0.9791673885565266,,
repeated_shuffle,adam+sparseadam,0,15946715,tuning,4194304,0,spectral,7,0,28,4626664,0.0001,0,1.196812896991557,0.9992065488843725,,
repeated_shuffle,adam+sparseadam,0,15946715,tuning,16777216,0,spectral,7,0,28,4626664,0.0001,0,1.052883954838884,1.0,,
repeated_shuffle,adam+sparseadam,0,15946715,tuning,67108864,0,spectral,7,0,28,4626664,0.0001,0,0.98134291878243,1.0,,
repeated_shuffle,adam+sparseadam,0,15946715,tuning,262144,0,spectral,7,0,28,4626664,0.0001,1,1.31039165766046,0.8564315490224732,,
repeated_shuffle,adam+sparseadam,0,15946715,tuning,1048576,0,spectral,7,0,28,4626664,0.0001,1,1.2840072414870916,0.9791673885565266,,
repeated_shuffle,adam+sparseadam,0,15946715,tuning,4194304,0,spectral,7,0,28,4626664,0.0001,1,1.1965543966059875,0.9992065488843725,,
repeated_shuffle,adam+sparseadam,0,15946715,tuning,16777216,0,spectral,7,0,28,4626664,0.0001,1,1.052522068275608,1.0,,
repeated_shuffle,adam+sparseadam,0,15946715,tuning,67108864,0,spectral,7,0,28,4626664,0.0001,1,0.9823754145059235,1.0,,
repeated_shuffle,adam+sparseadam,0,15946715,tuning,262144,0,spectral,7,0,28,4626664,0.0001,2,1.632465626341984,0.8564315490224732,,
repeated_shuffle,adam+sparseadam,0,15946715,tuning,1048576,0,spectral,7,0,28,4626664,0.0001,2,1.5972203832371652,0.9791673885565266,,
repeated_shuffle,adam+sparseadam,0,15946715,tuning,4194304,0,spectral,7,0,28,4626664,0.0001,2,1.4703685914945295,0.9992065488843725,,
repeated_shuffle,adam+sparseadam,0,15946715,tuning,16777216,0,spectral,7,0,28,4626664,0.0001,2,1.1276083006591555,1.0,,
repeated_shuffle,adam+sparseadam,0,15946715,tuning,67108864,0,spectral,7,0,28,4626664,0.0001,2,0.9876302853619975,1.0,,
repeated_shuffle,adam+sparseadam,0,15946715,tuning,262144,0,spectral,7,0,28,4626664,0.0001,3,1.4549342560098228,0.8564315490224732,,
repeated_shuffle,adam+sparseadam,0,15946715,tuning,1048576,0,spectral,7,0,28,4626664,0.0001,3,1.422474342638268,0.9791673885565266,,
repeated_shuffle,adam+sparseadam,0,15946715,tuning,4194304,0,spectral,7,0,28,4626664,0.0001,3,1.3075514607268959,0.9992065488843725,,
repeated_shuffle,adam+sparseadam,0,15946715,tuning,16777216,0,spectral,7,0,28,4626664,0.0001,3,1.0700417632322783,1.0,,
repeated_shuffle,adam+sparseadam,0,15946715,tuning,67108864,0,spectral,7,0,28,4626664,0.0001,3,0.9831253422301617,1.0,,
repeated_shuffle,adam+sparseadam,0,15946715,tuning,262144,0,spectral,7,0,28,4626664,0.0001,4,1.370820827822067,0.8564315490224732,,
repeated_shuffle,adam+sparseadam,0,15946715,tuning,1048576,0,spectral,7,0,28,4626664,0.0001,4,1.343832212911704,0.9791673885565266,,
repeated_shuffle,adam+sparseadam,0,15946715,tuning,4194304,0,spectral,7,0,28,4626664,0.0001,4,1.250407073320231,0.9992065488843725,,
repeated_shuffle,adam+sparseadam,0,15946715,tuning,16777216,0,spectral,7,0,28,4626664,0.0001,4,1.0627620996582654,1.0,,
repeated_shuffle,adam+sparseadam,0,15946715,tuning,67108864,0,spectral,7,0,28,4626664,0.0001,4,0.9844423447206945,1.0,,
repeated_shuffle,adam+sparseadam,0,15946715,tuning,262144,0,spectral,7,0,28,4626664,0.0001,5,1.2325092234960127,0.8564315490224732,,
repeated_shuffle,adam+sparseadam,0,15946715,tuning,1048576,0,spectral,7,0,28,4626664,0.0001,5,1.2115238865613873,0.9791673885565266,,
repeated_shuffle,adam+sparseadam,0,15946715,tuning,4194304,0,spectral,7,0,28,4626664,0.0001,5,1.1452079397591493,0.9992065488843725,,
repeated_shuffle,adam+sparseadam,0,15946715,tuning,16777216,0,spectral,7,0,28,4626664,0.0001,5,1.0462312908947717,1.0,,
repeated_shuffle,adam+sparseadam,0,15946715,tuning,67108864,0,spectral,7,0,28,4626664,0.0001,5,0.9829581765640187,1.0,,
repeated_shuffle,adam+sparseadam,0,15946715,tuning,262144,0,spectral,7,0,28,4626664,0.0001,6,1.4343949757609233,0.8564315490224732,,
repeated_shuffle,adam+sparseadam,0,15946715,tuning,1048576,0,spectral,7,0,28,4626664,0.0001,6,1.4019314359261987,0.9791673885565266,,
repeated_shuffle,adam+sparseadam,0,15946715,tuning,4194304,0,spectral,7,0,28,4626664,0.0001,6,1.2878453439458157,0.9992065488843725,,
repeated_shuffle,adam+sparseadam,0,15946715,tuning,16777216,0,spectral,7,0,28,4626664,0.0001,6,1.0647411146205321,1.0,,
repeated_shuffle,adam+sparseadam,0,15946715,tuning,67108864,0,spectral,7,0,28,4626664,0.0001,6,0.9820768913582206,1.0,,
repeated_shuffle,adam+sparseadam,0,15946715,tuning,262144,0,spectral,7,0,28,4626664,0.0001,7,1.297349438951739,0.8564315490224732,,
repeated_shuffle,adam+sparseadam,0,15946715,tuning,1048576,0,spectral,7,0,28,4626664,0.0001,7,1.270802915399767,0.9791673885565266,,
repeated_shuffle,adam+sparseadam,0,15946715,tuning,4194304,0,spectral,7,0,28,4626664,0.0001,7,1.1824262456047623,0.9992065488843725,,
repeated_shuffle,adam+sparseadam,0,15946715,tuning,16777216,0,spectral,7,0,28,4626664,0.0001,7,1.048898844657515,1.0,,
repeated_shuffle,adam+sparseadam,0,15946715,tuning,67108864,0,spectral,7,0,28,4626664,0.0001,7,0.9798146292099685,1.0,,
repeated_shuffle,adam+sparseadam,0,15946715,tuning,262144,0,spectral,7,0,28,4626664,0.00026826957952797245,0,1.3044732730960358,0.8564315490224732,,
repeated_shuffle,adam+sparseadam,0,15946715,tuning,1048576,0,spectral,7,0,28,4626664,0.00026826957952797245,0,1.2350415054577808,0.9791673885565266,,
repeated_shuffle,adam+sparseadam,0,15946715,tuning,4194304,0,spectral,7,0,28,4626664,0.00026826957952797245,0,1.0859918494582337,0.9992065488843725,,
repeated_shuffle,adam+sparseadam,0,15946715,tuning,16777216,0,spectral,7,0,28,4626664,0.00026826957952797245,0,0.9908616780163347,1.0,,
repeated_shuffle,adam+sparseadam,0,15946715,tuning,67108864,0,spectral,7,0,28,4626664,0.00026826957952797245,0,0.9241698840108347,1.0,,
repeated_shuffle,adam+sparseadam,0,15946715,tuning,262144,0,spectral,7,0,28,4626664,0.00026826957952797245,1,1.2958039107982684,0.8564315490224732,,
repeated_shuffle,adam+sparseadam,0,15946715,tuning,1048576,0,spectral,7,0,28,4626664,0.00026826957952797245,1,1.232154921115325,0.9791673885565266,,
repeated_shuffle,adam+sparseadam,0,15946715,tuning,4194304,0,spectral,7,0,28,4626664,0.00026826957952797245,1,1.0873653897871776,0.9992065488843725,,
repeated_shuffle,adam+sparseadam,0,15946715,tuning,16777216,0,spectral,7,0,28,4626664,0.00026826957952797245,1,0.9917278544423533,1.0,,
repeated_shuffle,adam+sparseadam,0,15946715,tuning,67108864,0,spectral,7,0,28,4626664,0.00026826957952797245,1,0.9250747815212887,1.0,,
repeated_shuffle,adam+sparseadam,0,15946715,tuning,262144,0,spectral,7,0,28,4626664,0.00026826957952797245,2,1.6132347198716153,0.8564315490224732,,
repeated_shuffle,adam+sparseadam,0,15946715,tuning,1048576,0,spectral,7,0,28,4626664,0.00026826957952797245,2,1.524618993354791,0.9791673885565266,,
repeated_shuffle,adam+sparseadam,0,15946715,tuning,4194304,0,spectral,7,0,28,4626664,0.00026826957952797245,2,1.2457164873688753,0.9992065488843725,,
repeated_shuffle,adam+sparseadam,0,15946715,tuning,16777216,0,spectral,7,0,28,4626664,0.00026826957952797245,2,1.001705490102469,1.0,,
repeated_shuffle,adam+sparseadam,0,15946715,tuning,67108864,0,spectral,7,0,28,4626664,0.00026826957952797245,2,0.9273917676354438,1.0,,
repeated_shuffle,adam+sparseadam,0,15946715,tuning,262144,0,spectral,7,0,28,4626664,0.00026826957952797245,3,1.4371348611978847,0.8564315490224732,,
repeated_shuffle,adam+sparseadam,0,15946715,tuning,1048576,0,spectral,7,0,28,4626664,0.00026826957952797245,3,1.3561737573147679,0.9791673885565266,,
repeated_shuffle,adam+sparseadam,0,15946715,tuning,4194304,0,spectral,7,0,28,4626664,0.00026826957952797245,3,1.1354185052239159,0.9992065488843725,,
repeated_shuffle,adam+sparseadam,0,15946715,tuning,16777216,0,spectral,7,0,28,4626664,0.00026826957952797245,3,0.9935343493904978,1.0,,
repeated_shuffle,adam+sparseadam,0,15946715,tuning,67108864,0,spectral,7,0,28,4626664,0.00026826957952797245,3,0.9246325474760261,1.0,,
repeated_shuffle,adam+sparseadam,0,15946715,tuning,262144,0,spectral,7,0,28,4626664,0.00026826957952797245,4,1.3560040916460927,0.8564315490224732,,
repeated_shuffle,adam+sparseadam,0,15946715,tuning,1048576,0,spectral,7,0,28,4626664,0.00026826957952797245,4,1.2895181653794217,0.9791673885565266,,
repeated_shuffle,adam+sparseadam,0,15946715,tuning,4194304,0,spectral,7,0,28,4626664,0.00026826957952797245,4,1.1132331587175195,0.9992065488843725,,
repeated_shuffle,adam+sparseadam,0,15946715,tuning,16777216,0,spectral,7,0,28,4626664,0.00026826957952797245,4,0.994583688441567,1.0,,
repeated_shuffle,adam+sparseadam,0,15946715,tuning,67108864,0,spectral,7,0,28,4626664,0.00026826957952797245,4,0.9283097947228903,1.0,,
repeated_shuffle,adam+sparseadam,0,15946715,tuning,262144,0,spectral,7,0,28,4626664,0.00026826957952797245,5,1.2208281649059323,0.8564315490224732,,
repeated_shuffle,adam+sparseadam,0,15946715,tuning,1048576,0,spectral,7,0,28,4626664,0.00026826957952797245,5,1.1716405992818337,0.9791673885565266,,
repeated_shuffle,adam+sparseadam,0,15946715,tuning,4194304,0,spectral,7,0,28,4626664,0.00026826957952797245,5,1.0697302699144464,0.9992065488843725,,
repeated_shuffle,adam+sparseadam,0,15946715,tuning,16777216,0,spectral,7,0,28,4626664,0.00026826957952797245,5,0.9919212014071039,1.0,,
repeated_shuffle,adam+sparseadam,0,15946715,tuning,67108864,0,spectral,7,0,28,4626664,0.00026826957952797245,5,0.9298140582190164,1.0,,
repeated_shuffle,adam+sparseadam,0,15946715,tuning,262144,0,spectral,7,0,28,4626664,0.00026826957952797245,6,1.4166101939297522,0.8564315490224732,,
repeated_shuffle,adam+sparseadam,0,15946715,tuning,1048576,0,spectral,7,0,28,4626664,0.00026826957952797245,6,1.3357170931734932,0.9791673885565266,,
repeated_shuffle,adam+sparseadam,0,15946715,tuning,4194304,0,spectral,7,0,28,4626664,0.00026826957952797245,6,1.1227382414838385,0.9992065488843725,,
repeated_shuffle,adam+sparseadam,0,15946715,tuning,16777216,0,spectral,7,0,28,4626664,0.00026826957952797245,6,0.9922471487588272,1.0,,
repeated_shuffle,adam+sparseadam,0,15946715,tuning,67108864,0,spectral,7,0,28,4626664,0.00026826957952797245,6,0.9210057798411532,1.0,,
repeated_shuffle,adam+sparseadam,0,15946715,tuning,262144,0,spectral,7,0,28,4626664,0.00026826957952797245,7,1.2827365284807888,0.8564315490224732,,
repeated_shuffle,adam+sparseadam,0,15946715,tuning,1048576,0,spectral,7,0,28,4626664,0.00026826957952797245,7,1.2181857575291144,0.9791673885565266,,
repeated_shuffle,adam+sparseadam,0,15946715,tuning,4194304,0,spectral,7,0,28,4626664,0.00026826957952797245,7,1.0784476588593461,0.9992065488843725,,
repeated_shuffle,adam+sparseadam,0,15946715,tuning,16777216,0,spectral,7,0,28,4626664,0.00026826957952797245,7,0.9893097951134713,1.0,,
repeated_shuffle,adam+sparseadam,0,15946715,tuning,67108864,0,spectral,7,0,28,4626664,0.00026826957952797245,7,0.9215028672390159,1.0,,
repeated_shuffle,adam+sparseadam,0,15946715,tuning,262144,0,spectral,7,0,28,4626664,0.0007196856730011522,0,1.264678326276284,0.8564315490224732,,
repeated_shuffle,adam+sparseadam,0,15946715,tuning,1048576,0,spectral,7,0,28,4626664,0.0007196856730011522,0,1.1315462285443365,0.9791673885565266,,
repeated_shuffle,adam+sparseadam,0,15946715,tuning,4194304,0,spectral,7,0,28,4626664,0.0007196856730011522,0,1.0112387818257778,0.9992065488843725,,
repeated_shuffle,adam+sparseadam,0,15946715,tuning,16777216,0,spectral,7,0,28,4626664,0.0007196856730011522,0,0.9317362500546794,1.0,,
repeated_shuffle,adam+sparseadam,0,15946715,tuning,67108864,0,spectral,7,0,28,4626664,0.0007196856730011522,0,0.8773066386554534,1.0,,
repeated_shuffle,adam+sparseadam,0,15946715,tuning,262144,0,spectral,7,0,28,4626664,0.0007196856730011522,1,1.2592898767827403,0.8564315490224732,,
repeated_shuffle,adam+sparseadam,0,15946715,tuning,1048576,0,spectral,7,0,28,4626664,0.0007196856730011522,1,1.1337186840654883,0.9791673885565266,,
repeated_shuffle,adam+sparseadam,0,15946715,tuning,4194304,0,spectral,7,0,28,4626664,0.0007196856730011522,1,1.011723693996561,0.9992065488843725,,
repeated_shuffle,adam+sparseadam,0,15946715,tuning,16777216,0,spectral,7,0,28,4626664,0.0007196856730011522,1,0.9327588007433572,1.0,,
repeated_shuffle,adam+sparseadam,0,15946715,tuning,67108864,0,spectral,7,0,28,4626664,0.0007196856730011522,1,0.8775558373954697,1.0,,
repeated_shuffle,adam+sparseadam,0,15946715,tuning,262144,0,spectral,7,0,28,4626664,0.0007196856730011522,2,1.563800291459697,0.8564315490224732,,
repeated_shuffle,adam+sparseadam,0,15946715,tuning,1048576,0,spectral,7,0,28,4626664,0.0007196856730011522,2,1.3577590673286273,0.9791673885565266,,
repeated_shuffle,adam+sparseadam,0,15946715,tuning,4194304,0,spectral,7,0,28,4626664,0.0007196856730011522,2,1.0309783783880826,0.9992065488843725,,
repeated_shuffle,adam+sparseadam,0,15946715,tuning,16777216,0,spectral,7,0,28,4626664,0.0007196856730011522,2,0.9359443217275546,1.0,,
repeated_shuffle,adam+sparseadam,0,15946715,tuning,67108864,0,spectral,7,0,28,4626664,0.0007196856730011522,2,0.8777750191991222,1.0,,
repeated_shuffle,adam+sparseadam,0,15946715,tuning,262144,0,spectral,7,0,28,4626664,0.0007196856730011522,3,1.391680446773842,0.8564315490224732,,
repeated_shuffle,adam+sparseadam,0,15946715,tuning,1048576,0,spectral,7,0,28,4626664,0.0007196856730011522,3,1.2137293215474054,0.9791673885565266,,
repeated_shuffle,adam+sparseadam,0,15946715,tuning,4194304,0,spectral,7,0,28,4626664,0.0007196856730011522,3,1.0163038463791587,0.9992065488843725,,
repeated_shuffle,adam+sparseadam,0,15946715,tuning,16777216,0,spectral,7,0,28,4626664,0.0007196856730011522,3,0.9320139569104575,1.0,,
repeated_shuffle,adam+sparseadam,0,15946715,tuning,67108864,0,spectral,7,0,28,4626664,0.0007196856730011522,3,0.8772751916059174,1.0,,
repeated_shuffle,adam+sparseadam,0,15946715,tuning,262144,0,spectral,7,0,28,4626664,0.0007196856730011522,4,1.318465138586323,0.8564315490224732,,
repeated_shuffle,adam+sparseadam,0,15946715,tuning,1048576,0,spectral,7,0,28,4626664,0.0007196856730011522,4,1.1753895807452763,0.9791673885565266,,
repeated_shuffle,adam+sparseadam,0,15946715,tuning,4194304,0,spectral,7,0,28,4626664,0.0007196856730011522,4,1.0158899408352065,0.9992065488843725,,
repeated_shuffle,adam+sparseadam,0,15946715,tuning,16777216,0,spectral,7,0,28,4626664,0.0007196856730011522,4,0.9354659544696667,1.0,,
repeated_shuffle,adam+sparseadam,0,15946715,tuning,67108864,0,spectral,7,0,28,4626664,0.0007196856730011522,4,0.8801875927308583,1.0,,
repeated_shuffle,adam+sparseadam,0,15946715,tuning,262144,0,spectral,7,0,28,4626664,0.0007196856730011522,5,1.1922156284347218,0.8564315490224732,,
repeated_shuffle,adam+sparseadam,0,15946715,tuning,1048576,0,spectral,7,0,28,4626664,0.0007196856730011522,5,1.1013564157677942,0.9791673885565266,,
repeated_shuffle,adam+sparseadam,0,15946715,tuning,4194304,0,spectral,7,0,28,4626664,0.0007196856730011522,5,1.0099824410541505,0.9992065488843725,,
repeated_shuffle,adam+sparseadam,0,15946715,tuning,16777216,0,spectral,7,0,28,4626664,0.0007196856730011522,5,0.9365437214448189,1.0,,
repeated_shuffle,adam+sparseadam,0,15946715,tuning,67108864,0,spectral,7,0,28,4626664,0.0007196856730011522,5,0.8819969218697596,1.0,,
repeated_shuffle,adam+sparseadam,0,15946715,tuning,262144,0,spectral,7,0,28,4626664,0.0007196856730011522,6,1.3712148911078166,0.8564315490224732,,
repeated_shuffle,adam+sparseadam,0,15946715,tuning,1048576,0,spectral,7,0,28,4626664,0.0007196856730011522,6,1.1967105494528498,0.9791673885565266,,
repeated_shuffle,adam+sparseadam,0,15946715,tuning,4194304,0,spectral,7,0,28,4626664,0.0007196856730011522,6,1.0146783707684612,0.9992065488843725,,
repeated_shuffle,adam+sparseadam,0,15946715,tuning,16777216,0,spectral,7,0,28,4626664,0.0007196856730011522,6,0.9290741706937706,1.0,,
repeated_shuffle,adam+sparseadam,0,15946715,tuning,67108864,0,spectral,7,0,28,4626664,0.0007196856730011522,6,0.87435160036211,1.0,,
repeated_shuffle,adam+sparseadam,0,15946715,tuning,262144,0,spectral,7,0,28,4626664,0.0007196856730011522,7,1.2458724196281306,0.8564315490224732,,
repeated_shuffle,adam+sparseadam,0,15946715,tuning,1048576,0,spectral,7,0,28,4626664,0.0007196856730011522,7,1.1205226000182167,0.9791673885565266,,
repeated_shuffle,adam+sparseadam,0,15946715,tuning,4194304,0,spectral,7,0,28,4626664,0.0007196856730011522,7,1.0092130823832106,0.9992065488843725,,
repeated_shuffle,adam+sparseadam,0,15946715,tuning,16777216,0,spectral,7,0,28,4626664,0.0007196856730011522,7,0.9293852620760731,1.0,,
repeated_shuffle,adam+sparseadam,0,15946715,tuning,67108864,0,spectral,7,0,28,4626664,0.0007196856730011522,7,0.8763848346864042,1.0,,
repeated_shuffle,adam+sparseadam,0,15946715,tuning,262144,0,spectral,7,0,28,4626664,0.0019306977288832496,0,1.178854425792333,0.8564315490224732,,
repeated_shuffle,adam+sparseadam,0,15946715,tuning,1048576,0,spectral,7,0,28,4626664,0.0019306977288832496,0,1.042138676787789,0.9791673885565266,,
repeated_shuffle,adam+sparseadam,0,15946715,tuning,4194304,0,spectral,7,0,28,4626664,0.0019306977288832496,0,0.953171647147795,0.9992065488843725,,
repeated_shuffle,adam+sparseadam,0,15946715,tuning,16777216,0,spectral,7,0,28,4626664,0.0019306977288832496,0,0.8840229335238152,1.0,,
repeated_shuffle,adam+sparseadam,0,15946715,tuning,67108864,0,spectral,7,0,28,4626664,0.0019306977288832496,0,0.8567203903310591,1.0,,
repeated_shuffle,adam+sparseadam,0,15946715,tuning,262144,0,spectral,7,0,28,4626664,0.0019306977288832496,1,1.1794976334037377,0.8564315490224732,,
repeated_shuffle,adam+sparseadam,0,15946715,tuning,1048576,0,spectral,7,0,28,4626664,0.0019306977288832496,1,1.0417842178800607,0.9791673885565266,,
repeated_shuffle,adam+sparseadam,0,15946715,tuning,4194304,0,spectral,7,0,28,4626664,0.0019306977288832496,1,0.9542386465015212,0.9992065488843725,,
repeated_shuffle,adam+sparseadam,0,15946715,tuning,16777216,0,spectral,7,0,28,4626664,0.0019306977288832496,1,0.8841484705884194,1.0,,
repeated_shuffle,adam+sparseadam,0,15946715,tuning,67108864,0,spectral,7,0,28,4626664,0.0019306977288832496,1,0.8570903254960779,1.0,,
repeated_shuffle,adam+sparseadam,0,15946715,tuning,262144,0,spectral,7,0,28,4626664,0.0019306977288832496,2,1.4445374169002254,0.8564315490224732,,
repeated_shuffle,adam+sparseadam,0,15946715,tuning,1048576,0,spectral,7,0,28,4626664,0.0019306977288832496,2,1.091661720364463,0.9791673885565266,,
repeated_shuffle,adam+sparseadam,0,15946715,tuning,4194304,0,spectral,7,0,28,4626664,0.0019306977288832496,2,0.9587980259570863,0.9992065488843725,,
repeated_shuffle,adam+sparseadam,0,15946715,tuning,16777216,0,spectral,7,0,28,4626664,0.0019306977288832496,2,0.8849488137381999,1.0,,
repeated_shuffle,adam+sparseadam,0,15946715,tuning,67108864,0,spectral,7,0,28,4626664,0.0019306977288832496,2,0.8588558805295456,1.0,,
repeated_shuffle,adam+sparseadam,0,15946715,tuning,262144,0,spectral,7,0,28,4626664,0.0019306977288832496,3,1.284343363885984,0.8564315490224732,,
repeated_shuffle,adam+sparseadam,0,15946715,tuning,1048576,0,spectral,7,0,28,4626664,0.0019306977288832496,3,1.0535770391443378,0.9791673885565266,,
repeated_shuffle,adam+sparseadam,0,15946715,tuning,4194304,0,spectral,7,0,28,4626664,0.0019306977288832496,3,0.9539847585507059,0.9992065488843725,,
repeated_shuffle,adam+sparseadam,0,15946715,tuning,16777216,0,spectral,7,0,28,4626664,0.0019306977288832496,3,0.8838780023063072,1.0,,
repeated_shuffle,adam+sparseadam,0,15946715,tuning,67108864,0,spectral,7,0,28,4626664,0.0019306977288832496,3,0.8568724682668755,1.0,,
repeated_shuffle,adam+sparseadam,0,15946715,tuning,262144,0,spectral,7,0,28,4626664,0.0019306977288832496,4,1.2319254200766057,0.8564315490224732,,
repeated_shuffle,adam+sparseadam,0,15946715,tuning,1048576,0,spectral,7,0,28,4626664,0.0019306977288832496,4,1.0490642085448116,0.9791673885565266,,
repeated_shuffle,adam+sparseadam,0,15946715,tuning,4194304,0,spectral,7,0,28,4626664,0.0019306977288832496,4,0.9564847881211913,0.9992065488843725,,
repeated_shuffle,adam+sparseadam,0,15946715,tuning,16777216,0,spectral,7,0,28,4626664,0.0019306977288832496,4,0.8866994959740381,1.0,,
repeated_shuffle,adam+sparseadam,0,15946715,tuning,67108864,0,spectral,7,0,28,4626664,0.0019306977288832496,4,0.8595604460685902,1.0,,
repeated_shuffle,adam+sparseadam,0,15946715,tuning,262144,0,spectral,7,0,28,4626664,0.0019306977288832496,5,1.1330393547542221,0.8564315490224732,,
repeated_shuffle,adam+sparseadam,0,15946715,tuning,1048576,0,spectral,7,0,28,4626664,0.0019306977288832496,5,1.0369059150838358,0.9791673885565266,,
repeated_shuffle,adam+sparseadam,0,15946715,tuning,4194304,0,spectral,7,0,28,4626664,0.0019306977288832496,5,0.9558684486233255,0.9992065488843725,,
repeated_shuffle,adam+sparseadam,0,15946715,tuning,16777216,0,spectral,7,0,28,4626664,0.0019306977288832496,5,0.88769035381025,1.0,,
repeated_shuffle,adam+sparseadam,0,15946715,tuning,67108864,0,spectral,7,0,28,4626664,0.0019306977288832496,5,0.8602372911150915,1.0,,
repeated_shuffle,adam+sparseadam,0,15946715,tuning,262144,0,spectral,7,0,28,4626664,0.0019306977288832496,6,1.2657960223114557,0.8564315490224732,,
repeated_shuffle,adam+sparseadam,0,15946715,tuning,1048576,0,spectral,7,0,28,4626664,0.0019306977288832496,6,1.0506487516780956,0.9791673885565266,,
repeated_shuffle,adam+sparseadam,0,15946715,tuning,4194304,0,spectral,7,0,28,4626664,0.0019306977288832496,6,0.9523852200015722,0.9992065488843725,,
repeated_shuffle,adam+sparseadam,0,15946715,tuning,16777216,0,spectral,7,0,28,4626664,0.0019306977288832496,6,0.8820520694807956,1.0,,
repeated_shuffle,adam+sparseadam,0,15946715,tuning,67108864,0,spectral,7,0,28,4626664,0.0019306977288832496,6,0.8527297778987543,1.0,,
repeated_shuffle,adam+sparseadam,0,15946715,tuning,262144,0,spectral,7,0,28,4626664,0.0019306977288832496,7,1.165216248646802,0.8564315490224732,,
repeated_shuffle,adam+sparseadam,0,15946715,tuning,1048576,0,spectral,7,0,28,4626664,0.0019306977288832496,7,1.0387540015688224,0.9791673885565266,,
repeated_shuffle,adam+sparseadam,0,15946715,tuning,4194304,0,spectral,7,0,28,4626664,0.0019306977288832496,7,0.9512224234881602,0.9992065488843725,,
repeated_shuffle,adam+sparseadam,0,15946715,tuning,16777216,0,spectral,7,0,28,4626664,0.0019306977288832496,7,0.8826100139102209,1.0,,
repeated_shuffle,adam+sparseadam,0,15946715,tuning,67108864,0,spectral,7,0,28,4626664,0.0019306977288832496,7,0.8564263269154466,1.0,,
repeated_shuffle,adam+sparseadam,0,15946715,tuning,262144,0,spectral,7,0,28,4626664,0.005179474679231213,0,1.0743060927646577,0.8564315490224732,,
repeated_shuffle,adam+sparseadam,0,15946715,tuning,1048576,0,spectral,7,0,28,4626664,0.005179474679231213,0,0.9866475666001039,0.9791673885565266,,
repeated_shuffle,adam+sparseadam,0,15946715,tuning,4194304,0,spectral,7,0,28,4626664,0.005179474679231213,0,0.9127079086848361,0.9992065488843725,,
repeated_shuffle,adam+sparseadam,0,15946715,tuning,16777216,0,spectral,7,0,28,4626664,0.005179474679231213,0,0.8691058024301291,1.0,,
repeated_shuffle,adam+sparseadam,0,15946715,tuning,67108864,0,spectral,7,0,28,4626664,0.005179474679231213,0,0.8458560878785872,1.0,,
repeated_shuffle,adam+sparseadam,0,15946715,tuning,262144,0,spectral,7,0,28,4626664,0.005179474679231213,1,1.0738947353795016,0.8564315490224732,,
repeated_shuffle,adam+sparseadam,0,15946715,tuning,1048576,0,spectral,7,0,28,4626664,0.005179474679231213,1,0.9871353439482013,0.9791673885565266,,
repeated_shuffle,adam+sparseadam,0,15946715,tuning,4194304,0,spectral,7,0,28,4626664,0.005179474679231213,1,0.9136737410037337,0.9992065488843725,,
repeated_shuffle,adam+sparseadam,0,15946715,tuning,16777216,0,spectral,7,0,28,4626664,0.005179474679231213,1,0.8692801449760146,1.0,,
repeated_shuffle,adam+sparseadam,0,15946715,tuning,67108864,0,spectral,7,0,28,4626664,0.005179474679231213,1,0.8459078638642581,1.0,,
repeated_shuffle,adam+sparseadam,0,15946715,tuning,262144,0,spectral,7,0,28,4626664,0.005179474679231213,2,1.201315774584189,0.8564315490224732,,
repeated_shuffle,adam+sparseadam,0,15946715,tuning,1048576,0,spectral,7,0,28,4626664,0.005179474679231213,2,0.9956197416143946,0.9791673885565266,,
repeated_shuffle,adam+sparseadam,0,15946715,tuning,4194304,0,spectral,7,0,28,4626664,0.005179474679231213,2,0.9144498898276264,0.9992065488843725,,
repeated_shuffle,adam+sparseadam,0,15946715,tuning,16777216,0,spectral,7,0,28,4626664,0.005179474679231213,2,0.87135118179008,1.0,,
repeated_shuffle,adam+sparseadam,0,15946715,tuning,67108864,0,spectral,7,0,28,4626664,0.005179474679231213,2,0.8476815764560789,1.0,,
repeated_shuffle,adam+sparseadam,0,15946715,tuning,262144,0,spectral,7,0,28,4626664,0.005179474679231213,3,1.1065313869869038,0.8564315490224732,,
repeated_shuffle,adam+sparseadam,0,15946715,tuning,1048576,0,spectral,7,0,28,4626664,0.005179474679231213,3,0.9887689561429729,0.9791673885565266,,
repeated_shuffle,adam+sparseadam,0,15946715,tuning,4194304,0,spectral,7,0,28,4626664,0.005179474679231213,3,0.9132945766936647,0.9992065488843725,,
repeated_shuffle,adam+sparseadam,0,15946715,tuning,16777216,0,spectral,7,0,28,4626664,0.005179474679231213,3,0.8705390915357913,1.0,,
repeated_shuffle,adam+sparseadam,0,15946715,tuning,67108864,0,spectral,7,0,28,4626664,0.005179474679231213,3,0.8478782391773104,1.0,,
repeated_shuffle,adam+sparseadam,0,15946715,tuning,262144,0,spectral,7,0,28,4626664,0.005179474679231213,4,1.092424130980657,0.8564315490224732,,
repeated_shuffle,adam+sparseadam,0,15946715,tuning,1048576,0,spectral,7,0,28,4626664,0.005179474679231213,4,0.9892759850411685,0.9791673885565266,,
repeated_shuffle,adam+sparseadam,0,15946715,tuning,4194304,0,spectral,7,0,28,4626664,0.005179474679231213,4,0.9155311627687116,0.9992065488843725,,
repeated_shuffle,adam+sparseadam,0,15946715,tuning,16777216,0,spectral,7,0,28,4626664,0.005179474679231213,4,0.8716681607110911,1.0,,
repeated_shuffle,adam+sparseadam,0,15946715,tuning,67108864,0,spectral,7,0,28,4626664,0.005179474679231213,4,0.8497538184957072,1.0,,
repeated_shuffle,adam+sparseadam,0,15946715,tuning,262144,0,spectral,7,0,28,4626664,0.005179474679231213,5,1.0630017273022465,0.8564315490224732,,
repeated_shuffle,adam+sparseadam,0,15946715,tuning,1048576,0,spectral,7,0,28,4626664,0.005179474679231213,5,0.9871875366789283,0.9791673885565266,,
repeated_shuffle,adam+sparseadam,0,15946715,tuning,4194304,0,spectral,7,0,28,4626664,0.005179474679231213,5,0.915058174723375,0.9992065488843725,,
repeated_shuffle,adam+sparseadam,0,15946715,tuning,16777216,0,spectral,7,0,28,4626664,0.005179474679231213,5,0.8708450062001506,1.0,,
repeated_shuffle,adam+sparseadam,0,15946715,tuning,67108864,0,spectral,7,0,28,4626664,0.005179474679231213,5,0.8508727935965341,1.0,,
repeated_shuffle,adam+sparseadam,0,15946715,tuning,262144,0,spectral,7,0,28,4626664,0.005179474679231213,6,1.0989147243723543,0.8564315490224732,,
repeated_shuffle,adam+sparseadam,0,15946715,tuning,1048576,0,spectral,7,0,28,4626664,0.005179474679231213,6,0.988438247624461,0.9791673885565266,,
repeated_shuffle,adam+sparseadam,0,15946715,tuning,4194304,0,spectral,7,0,28,4626664,0.005179474679231213,6,0.9125328249177225,0.9992065488843725,,
repeated_shuffle,adam+sparseadam,0,15946715,tuning,16777216,0,spectral,7,0,28,4626664,0.005179474679231213,6,0.8684415020322501,1.0,,
repeated_shuffle,adam+sparseadam,0,15946715,tuning,67108864,0,spectral,7,0,28,4626664,0.005179474679231213,6,0.8435499260387146,1.0,,
repeated_shuffle,adam+sparseadam,0,15946715,tuning,262144,0,spectral,7,0,28,4626664,0.005179474679231213,7,1.0683482798117943,0.8564315490224732,,
repeated_shuffle,adam+sparseadam,0,15946715,tuning,1048576,0,spectral,7,0,28,4626664,0.005179474679231213,7,0.9851540138138497,0.9791673885565266,,
repeated_shuffle,adam+sparseadam,0,15946715,tuning,4194304,0,spectral,7,0,28,4626664,0.005179474679231213,7,0.9111703311455762,0.9992065488843725,,
repeated_shuffle,adam+sparseadam,0,15946715,tuning,16777216,0,spectral,7,0,28,4626664,0.005179474679231213,7,0.8694164891329059,1.0,,
repeated_shuffle,adam+sparseadam,0,15946715,tuning,67108864,0,spectral,7,0,28,4626664,0.005179474679231213,7,0.8436691680763453,1.0,,
repeated_shuffle,adam+sparseadam,0,15946715,tuning,262144,0,spectral,7,0,28,4626664,0.013894954943731374,0,1.0222855996629565,0.8564315490224732,,
repeated_shuffle,adam+sparseadam,0,15946715,tuning,1048576,0,spectral,7,0,28,4626664,0.013894954943731374,0,0.9556606563310424,0.9791673885565266,,
repeated_shuffle,adam+sparseadam,0,15946715,tuning,4194304,0,spectral,7,0,28,4626664,0.013894954943731374,0,0.9184588910584041,0.9992065488843725,,
repeated_shuffle,adam+sparseadam,0,15946715,tuning,16777216,0,spectral,7,0,28,4626664,0.013894954943731374,0,0.8910264492977336,1.0,,
repeated_shuffle,adam+sparseadam,0,15946715,tuning,67108864,0,spectral,7,0,28,4626664,0.013894954943731374,0,0.8642570643399565,1.0,,
repeated_shuffle,adam+sparseadam,0,15946715,tuning,262144,0,spectral,7,0,28,4626664,0.013894954943731374,1,1.0217916355461347,0.8564315490224732,,
repeated_shuffle,adam+sparseadam,0,15946715,tuning,1048576,0,spectral,7,0,28,4626664,0.013894954943731374,1,0.9557524892357828,0.9791673885565266,,
repeated_shuffle,adam+sparseadam,0,15946715,tuning,4194304,0,spectral,7,0,28,4626664,0.013894954943731374,1,0.9181146591526467,0.9992065488843725,,
repeated_shuffle,adam+sparseadam,0,15946715,tuning,16777216,0,spectral,7,0,28,4626664,0.013894954943731374,1,0.8933724161569313,1.0,,
repeated_shuffle,adam+sparseadam,0,15946715,tuning,67108864,0,spectral,7,0,28,4626664,0.013894954943731374,1,0.865965842212771,1.0,,
repeated_shuffle,adam+sparseadam,0,15946715,tuning,262144,0,spectral,7,0,28,4626664,0.013894954943731374,2,1.0368686404166725,0.8564315490224732,,
repeated_shuffle,adam+sparseadam,0,15946715,tuning,1048576,0,spectral,7,0,28,4626664,0.013894954943731374,2,0.9579176172064717,0.9791673885565266,,
repeated_shuffle,adam+sparseadam,0,15946715,tuning,4194304,0,spectral,7,0,28,4626664,0.013894954943731374,2,0.919623052687476,0.9992065488843725,,
repeated_shuffle,adam+sparseadam,0,15946715,tuning,16777216,0,spectral,7,0,28,4626664,0.013894954943731374,2,0.8948506394682878,1.0,,
repeated_shuffle,adam+sparseadam,0,15946715,tuning,67108864,0,spectral,7,0,28,4626664,0.013894954943731374,2,0.8624644768338079,1.0,,
repeated_shuffle,adam+sparseadam,0,15946715,tuning,262144,0,spectral,7,0,28,4626664,0.013894954943731374,3,1.0251500175618085,0.8564315490224732,,
repeated_shuffle,adam+sparseadam,0,15946715,tuning,1048576,0,spectral,7,0,28,4626664,0.013894954943731374,3,0.9553009900766299,0.9791673885565266,,
repeated_shuffle,adam+sparseadam,0,15946715,tuning,4194304,0,spectral,7,0,28,4626664,0.013894954943731374,3,0.9190310007437422,0.9992065488843725,,
repeated_shuffle,adam+sparseadam,0,15946715,tuning,16777216,0,spectral,7,0,28,4626664,0.013894954943731374,3,0.8933722036457122,1.0,,
repeated_shuffle,adam+sparseadam,0,15946715,tuning,67108864,0,spectral,7,0,28,4626664,0.013894954943731374,3,0.8632702033625906,1.0,,
repeated_shuffle,adam+sparseadam,0,15946715,tuning,262144,0,spectral,7,0,28,4626664,0.013894954943731374,4,1.0235375586000797,0.8564315490224732,,
repeated_shuffle,adam+sparseadam,0,15946715,tuning,1048576,0,spectral,7,0,28,4626664,0.013894954943731374,4,0.9564837614996382,0.9791673885565266,,
repeated_shuffle,adam+sparseadam,0,15946715,tuning,4194304,0,spectral,7,0,28,4626664,0.013894954943731374,4,0.9187404602452318,0.9992065488843725,,
repeated_shuffle,adam+sparseadam,0,15946715,tuning,16777216,0,spectral,7,0,28,4626664,0.013894954943731374,4,0.8950788678225438,1.0,,
repeated_shuffle,adam+sparseadam,0,15946715,tuning,67108864,0,spectral,7,0,28,4626664,0.013894954943731374,4,0.8666862215734312,1.0,,
repeated_shuffle,adam+sparseadam,0,15946715,tuning,262144,0,spectral,7,0,28,4626664,0.013894954943731374,5,1.0194276583637416,0.8564315490224732,,
repeated_shuffle,adam+sparseadam,0,15946715,tuning,1048576,0,spectral,7,0,28,4626664,0.013894954943731374,5,0.9556828271372408,0.9791673885565266,,
repeated_shuffle,adam+sparseadam,0,15946715,tuning,4194304,0,spectral,7,0,28,4626664,0.013894954943731374,5,0.9178304761871336,0.9992065488843725,,
repeated_shuffle,adam+sparseadam,0,15946715,tuning,16777216,0,spectral,7,0,28,4626664,0.013894954943731374,5,0.8938714358852494,1.0,,
repeated_shuffle,adam+sparseadam,0,15946715,tuning,67108864,0,spectral,7,0,28,4626664,0.013894954943731374,5,0.8668801195424974,1.0,,
repeated_shuffle,adam+sparseadam,0,15946715,tuning,262144,0,spectral,7,0,28,4626664,0.013894954943731374,6,1.0261692522292356,0.8564315490224732,,
repeated_shuffle,adam+sparseadam,0,15946715,tuning,1048576,0,spectral,7,0,28,4626664,0.013894954943731374,6,0.9564719908193635,0.9791673885565266,,
repeated_shuffle,adam+sparseadam,0,15946715,tuning,4194304,0,spectral,7,0,28,4626664,0.013894954943731374,6,0.9197446109151495,0.9992065488843725,,
repeated_shuffle,adam+sparseadam,0,15946715,tuning,16777216,0,spectral,7,0,28,4626664,0.013894954943731374,6,0.8927398289397241,1.0,,
repeated_shuffle,adam+sparseadam,0,15946715,tuning,67108864,0,spectral,7,0,28,4626664,0.013894954943731374,6,0.8653833981345813,1.0,,
repeated_shuffle,adam+sparseadam,0,15946715,tuning,262144,0,spectral,7,0,28,4626664,0.013894954943731374,7,1.021105936884299,0.8564315490224732,,
repeated_shuffle,adam+sparseadam,0,15946715,tuning,1048576,0,spectral,7,0,28,4626664,0.013894954943731374,7,0.9544139346919216,0.9791673885565266,,
repeated_shuffle,adam+sparseadam,0,15946715,tuning,4194304,0,spectral,7,0,28,4626664,0.013894954943731374,7,0.9192131429350695,0.9992065488843725,,
repeated_shuffle,adam+sparseadam,0,15946715,tuning,16777216,0,spectral,7,0,28,4626664,0.013894954943731374,7,0.891538900048848,1.0,,
repeated_shuffle,adam+sparseadam,0,15946715,tuning,67108864,0,spectral,7,0,28,4626664,0.013894954943731374,7,0.8624804982563088,1.0,,
repeated_shuffle,adam+sparseadam,0,15946715,tuning,262144,0,spectral,7,0,28,4626664,0.03727593720314938,0,1.0005335959568376,0.8564315490224732,,
repeated_shuffle,adam+sparseadam,0,15946715,tuning,1048576,0,spectral,7,0,28,4626664,0.03727593720314938,0,0.9696220212286638,0.9791673885565266,,
repeated_shuffle,adam+sparseadam,0,15946715,tuning,4194304,0,spectral,7,0,28,4626664,0.03727593720314938,0,1.0074116017608474,0.9992065488843725,,
repeated_shuffle,adam+sparseadam,0,15946715,tuning,16777216,0,spectral,7,0,28,4626664,0.03727593720314938,0,1.0085480593576037,1.0,,
repeated_shuffle,adam+sparseadam,0,15946715,tuning,67108864,0,spectral,7,0,28,4626664,0.03727593720314938,0,0.9228250321003727,1.0,,
repeated_shuffle,adam+sparseadam,0,15946715,tuning,262144,0,spectral,7,0,28,4626664,0.03727593720314938,1,0.999611646955972,0.8564315490224732,,
repeated_shuffle,adam+sparseadam,0,15946715,tuning,1048576,0,spectral,7,0,28,4626664,0.03727593720314938,1,0.9685857847091737,0.9791673885565266,,
repeated_shuffle,adam+sparseadam,0,15946715,tuning,4194304,0,spectral,7,0,28,4626664,0.03727593720314938,1,1.0081672663451149,0.9992065488843725,,
repeated_shuffle,adam+sparseadam,0,15946715,tuning,16777216,0,spectral,7,0,28,4626664,0.03727593720314938,1,1.0104795429986948,1.0,,
repeated_shuffle,adam+sparseadam,0,15946715,tuning,67108864,0,spectral,7,0,28,4626664,0.03727593720314938,1,0.9247475851274162,1.0,,
repeated_shuffle,adam+sparseadam,0,15946715,tuning,262144,0,spectral,7,0,28,4626664,0.03727593720314938,2,1.0021359344964764,0.8564315490224732,,
repeated_shuffle,adam+sparseadam,0,15946715,tuning,1048576,0,spectral,7,0,28,4626664,0.03727593720314938,2,0.9710056152986954,0.9791673885565266,,
repeated_shuffle,adam+sparseadam,0,15946715,tuning,4194304,0,spectral,7,0,28,4626664,0.03727593720314938,2,1.0073228737251667,0.9992065488843725,,
repeated_shuffle,adam+sparseadam,0,15946715,tuning,16777216,0,spectral,7,0,28,4626664,0.03727593720314938,2,1.0094295571530703,1.0,,
repeated_shuffle,adam+sparseadam,0,15946715,tuning,67108864,0,spectral,7,0,28,4626664,0.03727593720314938,2,0.9250908822202573,1.0,,
repeated_shuffle,adam+sparseadam,0,15946715,tuning,262144,0,spectral,7,0,28,4626664,0.03727593720314938,3,0.9999449603450963,0.8564315490224732,,
repeated_shuffle,adam+sparseadam,0,15946715,tuning,1048576,0,spectral,7,0,28,4626664,0.03727593720314938,3,0.9699764656895818,0.9791673885565266,,
repeated_shuffle,adam+sparseadam,0,15946715,tuning,4194304,0,spectral,7,0,28,4626664,0.03727593720314938,3,1.0075968318992106,0.9992065488843725,,
repeated_shuffle,adam+sparseadam,0,15946715,tuning,16777216,0,spectral,7,0,28,4626664,0.03727593720314938,3,1.0099192274269224,1.0,,
repeated_shuffle,adam+sparseadam,0,15946715,tuning,67108864,0,spectral,7,0,28,4626664,0.03727593720314938,3,0.9255857199602907,1.0,,
repeated_shuffle,adam+sparseadam,0,15946715,tuning,262144,0,spectral,7,0,28,4626664,0.03727593720314938,4,0.9986745375117911,0.8564315490224732,,
repeated_shuffle,adam+sparseadam,0,15946715,tuning,1048576,0,spectral,7,0,28,4626664,0.03727593720314938,4,0.9702383706803692,0.9791673885565266,,
repeated_shuffle,adam+sparseadam,0,15946715,tuning,4194304,0,spectral,7,0,28,4626664,0.03727593720314938,4,1.0086480627113568,0.9992065488843725,,
repeated_shuffle,adam+sparseadam,0,15946715,tuning,16777216,0,spectral,7,0,28,4626664,0.03727593720314938,4,1.01120483257025,1.0,,
repeated_shuffle,adam+sparseadam,0,15946715,tuning,67108864,0,spectral,7,0,28,4626664,0.03727593720314938,4,0.9264613315165494,1.0,,
repeated_shuffle,adam+sparseadam,0,15946715,tuning,262144,0,spectral,7,0,28,4626664,0.03727593720314938,5,0.9975819694249523,0.8564315490224732,,
repeated_shuffle,adam+sparseadam,0,15946715,tuning,1048576,0,spectral,7,0,28,4626664,0.03727593720314938,5,0.9689544786863538,0.9791673885565266,,
repeated_shuffle,adam+sparseadam,0,15946715,tuning,4194304,0,spectral,7,0,28,4626664,0.03727593720314938,5,1.0087661550462603,0.9992065488843725,,
repeated_shuffle,adam+sparseadam,0,15946715,tuning,16777216,0,spectral,7,0,28,4626664,0.03727593720314938,5,1.011559278023013,1.0,,
repeated_shuffle,adam+sparseadam,0,15946715,tuning,67108864,0,spectral,7,0,28,4626664,0.03727593720314938,5,0.9277741816999329,1.0,,
repeated_shuffle,adam+sparseadam,0,15946715,tuning,262144,0,spectral,7,0,28,4626664,0.03727593720314938,6,1.0018913871016961,0.8564315490224732,,
repeated_shuffle,adam+sparseadam,0,15946715,tuning,1048576,0,spectral,7,0,28,4626664,0.03727593720314938,6,0.9694098775026491,0.9791673885565266,,
repeated_shuffle,adam+sparseadam,0,15946715,tuning,4194304,0,spectral,7,0,28,4626664,0.03727593720314938,6,1.0086822155573805,0.9992065488843725,,
repeated_shuffle,adam+sparseadam,0,15946715,tuning,16777216,0,spectral,7,0,28,4626664,0.03727593720314938,6,1.0096080691732436,1.0,,
repeated_shuffle,adam+sparseadam,0,15946715,tuning,67108864,0,spectral,7,0,28,4626664,0.03727593720314938,6,0.924519383959142,1.0,,
repeated_shuffle,adam+sparseadam,0,15946715,tuning,262144,0,spectral,7,0,28,4626664,0.03727593720314938,7,1.0004357115677505,0.8564315490224732,,
repeated_shuffle,adam+sparseadam,0,15946715,tuning,1048576,0,spectral,7,0,28,4626664,0.03727593720314938,7,0.9707124126279454,0.9791673885565266,,
repeated_shuffle,adam+sparseadam,0,15946715,tuning,4194304,0,spectral,7,0,28,4626664,0.03727593720314938,7,1.0084689161780869,0.9992065488843725,,
repeated_shuffle,adam+sparseadam,0,15946715,tuning,16777216,0,spectral,7,0,28,4626664,0.03727593720314938,7,1.008310965748314,1.0,,
repeated_shuffle,adam+sparseadam,0,15946715,tuning,67108864,0,spectral,7,0,28,4626664,0.03727593720314938,7,0.9261416554818185,1.0,,
repeated_shuffle,adam+sparseadam,0,15946715,tuning,262144,0,spectral,7,0,28,4626664,0.1,0,1.0285985342864636,0.8564315490224732,,
repeated_shuffle,adam+sparseadam,0,15946715,tuning,1048576,0,spectral,7,0,28,4626664,0.1,0,1.1240627925282867,0.9791673885565266,,
repeated_shuffle,adam+sparseadam,0,15946715,tuning,4194304,0,spectral,7,0,28,4626664,0.1,0,1.415637585605123,0.9992065488843725,,
repeated_shuffle,adam+sparseadam,0,15946715,tuning,16777216,0,spectral,7,0,28,4626664,0.1,0,1.2861377550569943,1.0,,
repeated_shuffle,adam+sparseadam,0,15946715,tuning,67108864,0,spectral,7,0,28,4626664,0.1,0,1.0314415827344807,1.0,,
repeated_shuffle,adam+sparseadam,0,15946715,tuning,262144,0,spectral,7,0,28,4626664,0.1,1,1.0282950564517344,0.8564315490224732,,
repeated_shuffle,adam+sparseadam,0,15946715,tuning,1048576,0,spectral,7,0,28,4626664,0.1,1,1.1234129721764656,0.9791673885565266,,
repeated_shuffle,adam+sparseadam,0,15946715,tuning,4194304,0,spectral,7,0,28,4626664,0.1,1,1.4171230171084732,0.9992065488843725,,
repeated_shuffle,adam+sparseadam,0,15946715,tuning,16777216,0,spectral,7,0,28,4626664,0.1,1,1.2890493136845576,1.0,,
repeated_shuffle,adam+sparseadam,0,15946715,tuning,67108864,0,spectral,7,0,28,4626664,0.1,1,1.0346146569582062,1.0,,
repeated_shuffle,adam+sparseadam,0,15946715,tuning,262144,0,spectral,7,0,28,4626664,0.1,2,1.0312961632704778,0.8564315490224732,,
repeated_shuffle,adam+sparseadam,0,15946715,tuning,1048576,0,spectral,7,0,28,4626664,0.1,2,1.1218385892346767,0.9791673885565266,,
repeated_shuffle,adam+sparseadam,0,15946715,tuning,4194304,0,spectral,7,0,28,4626664,0.1,2,1.4185215418843795,0.9992065488843725,,
repeated_shuffle,adam+sparseadam,0,15946715,tuning,16777216,0,spectral,7,0,28,4626664,0.1,2,1.286912095191932,1.0,,
repeated_shuffle,adam+sparseadam,0,15946715,tuning,67108864,0,spectral,7,0,28,4626664,0.1,2,1.0337198881867016,1.0,,
repeated_shuffle,adam+sparseadam,0,15946715,tuning,262144,0,spectral,7,0,28,4626664,0.1,3,1.0284766727535117,0.8564315490224732,,
repeated_shuffle,adam+sparseadam,0,15946715,tuning,1048576,0,spectral,7,0,28,4626664,0.1,3,1.1251932554750923,0.9791673885565266,,
repeated_shuffle,adam+sparseadam,0,15946715,tuning,4194304,0,spectral,7,0,28,4626664,0.1,3,1.414162132821369,0.9992065488843725,,
repeated_shuffle,adam+sparseadam,0,15946715,tuning,16777216,0,spectral,7,0,28,4626664,0.1,3,1.2841311260127868,1.0,,
repeated_shuffle,adam+sparseadam,0,15946715,tuning,67108864,0,spectral,7,0,28,4626664,0.1,3,1.0323773936923928,1.0,,
repeated_shuffle,adam+sparseadam,0,15946715,tuning,262144,0,spectral,7,0,28,4626664,0.1,4,1.0291262653609814,0.8564315490224732,,
repeated_shuffle,adam+sparseadam,0,15946715,tuning,1048576,0,spectral,7,0,28,4626664,0.1,4,1.1249820436910345,0.9791673885565266,,
repeated_shuffle,adam+sparseadam,0,15946715,tuning,4194304,0,spectral,7,0,28,4626664,0.1,4,1.415665720717968,0.9992065488843725,,
repeated_shuffle,adam+sparseadam,0,15946715,tuning,16777216,0,spectral,7,0,28,4626664,0.1,4,1.2929801429082892,1.0,,
repeated_shuffle,adam+sparseadam,0,15946715,tuning,67108864,0,spectral,7,0,28,4626664,0.1,4,1.037137632840621,1.0,,
repeated_shuffle,adam+sparseadam,0,15946715,tuning,262144,0,spectral,7,0,28,4626664,0.1,5,1.0280071588587172,0.8564315490224732,,
repeated_shuffle,adam+sparseadam,0,15946715,tuning,1048576,0,spectral,7,0,28,4626664,0.1,5,1.1234779549400546,0.9791673885565266,,
repeated_shuffle,adam+sparseadam,0,15946715,tuning,4194304,0,spectral,7,0,28,4626664,0.1,5,1.414548978158591,0.9992065488843725,,
repeated_shuffle,adam+sparseadam,0,15946715,tuning,16777216,0,spectral,7,0,28,4626664,0.1,5,1.287858471581661,1.0,,
repeated_shuffle,adam+sparseadam,0,15946715,tuning,67108864,0,spectral,7,0,28,4626664,0.1,5,1.03735958139783,1.0,,
repeated_shuffle,adam+sparseadam,0,15946715,tuning,262144,0,spectral,7,0,28,4626664,0.1,6,1.0274655012647438,0.8564315490224732,,
repeated_shuffle,adam+sparseadam,0,15946715,tuning,1048576,0,spectral,7,0,28,4626664,0.1,6,1.1249370380865291,0.9791673885565266,,
repeated_shuffle,adam+sparseadam,0,15946715,tuning,4194304,0,spectral,7,0,28,4626664,0.1,6,1.414525890444534,0.9992065488843725,,
repeated_shuffle,adam+sparseadam,0,15946715,tuning,16777216,0,spectral,7,0,28,4626664,0.1,6,1.288027230994303,1.0,,
repeated_shuffle,adam+sparseadam,0,15946715,tuning,67108864,0,spectral,7,0,28,4626664,0.1,6,1.0280640791600215,1.0,,
repeated_shuffle,adam+sparseadam,0,15946715,tuning,262144,0,spectral,7,0,28,4626664,0.1,7,1.0273151496054196,0.8564315490224732,,
repeated_shuffle,adam+sparseadam,0,15946715,tuning,1048576,0,spectral,7,0,28,4626664,0.1,7,1.1233576482669974,0.9791673885565266,,
repeated_shuffle,adam+sparseadam,0,15946715,tuning,4194304,0,spectral,7,0,28,4626664,0.1,7,1.4166354873901854,0.9992065488843725,,
repeated_shuffle,adam+sparseadam,0,15946715,tuning,16777216,0,spectral,7,0,28,4626664,0.1,7,1.2892510303747233,1.0,,
repeated_shuffle,adam+sparseadam,0,15946715,tuning,67108864,0,spectral,7,0,28,4626664,0.1,7,1.0381712072217069,1.0,,
repeated_shuffle,adam+sparseadam,0,15946715,tuning,262144,0,fm,11,65,66,10905643,0.0001,0,1.300197713636444,0.8564315490224732,,
repeated_shuffle,adam+sparseadam,0,15946715,tuning,1048576,0,fm,11,65,66,10905643,0.0001,0,1.2803986979359985,0.9791673885565266,,
repeated_shuffle,adam+sparseadam,0,15946715,tuning,4194304,0,fm,11,65,66,10905643,0.0001,0,1.2085431665752424,0.9992065488843725,,
repeated_shuffle,adam+sparseadam,0,15946715,tuning,16777216,0,fm,11,65,66,10905643,0.0001,0,0.9753815368083402,1.0,,
repeated_shuffle,adam+sparseadam,0,15946715,tuning,67108864,0,fm,11,65,66,10905643,0.0001,0,0.8692990761578054,1.0,,
repeated_shuffle,adam+sparseadam,0,15946715,tuning,262144,0,fm,11,65,66,10905643,0.0001,1,1.3001973533074127,0.8564315490224732,,
repeated_shuffle,adam+sparseadam,0,15946715,tuning,1048576,0,fm,11,65,66,10905643,0.0001,1,1.2803985376434268,0.9791673885565266,,
repeated_shuffle,adam+sparseadam,0,15946715,tuning,4194304,0,fm,11,65,66,10905643,0.0001,1,1.2085868345350261,0.9992065488843725,,
repeated_shuffle,adam+sparseadam,0,15946715,tuning,16777216,0,fm,11,65,66,10905643,0.0001,1,0.9757010860108836,1.0,,
repeated_shuffle,adam+sparseadam,0,15946715,tuning,67108864,0,fm,11,65,66,10905643,0.0001,1,0.8715481699495278,1.0,,
repeated_shuffle,adam+sparseadam,0,15946715,tuning,262144,0,fm,11,65,66,10905643,0.0001,2,1.300198531442709,0.8564315490224732,,
repeated_shuffle,adam+sparseadam,0,15946715,tuning,1048576,0,fm,11,65,66,10905643,0.0001,2,1.2803994231303675,0.9791673885565266,,
repeated_shuffle,adam+sparseadam,0,15946715,tuning,4194304,0,fm,11,65,66,10905643,0.0001,2,1.2085692835742439,0.9992065488843725,,
repeated_shuffle,adam+sparseadam,0,15946715,tuning,16777216,0,fm,11,65,66,10905643,0.0001,2,0.974184182499458,1.0,,
repeated_shuffle,adam+sparseadam,0,15946715,tuning,67108864,0,fm,11,65,66,10905643,0.0001,2,0.8699699620362005,1.0,,
repeated_shuffle,adam+sparseadam,0,15946715,tuning,262144,0,fm,11,65,66,10905643,0.0001,3,1.3001991784312736,0.8564315490224732,,
repeated_shuffle,adam+sparseadam,0,15946715,tuning,1048576,0,fm,11,65,66,10905643,0.0001,3,1.2804003487855393,0.9791673885565266,,
repeated_shuffle,adam+sparseadam,0,15946715,tuning,4194304,0,fm,11,65,66,10905643,0.0001,3,1.208580839042557,0.9992065488843725,,
repeated_shuffle,adam+sparseadam,0,15946715,tuning,16777216,0,fm,11,65,66,10905643,0.0001,3,0.9757747630966557,1.0,,
repeated_shuffle,adam+sparseadam,0,15946715,tuning,67108864,0,fm,11,65,66,10905643,0.0001,3,0.8691502004298649,1.0,,
repeated_shuffle,adam+sparseadam,0,15946715,tuning,262144,0,fm,11,65,66,10905643,0.0001,4,1.3001980819098198,0.8564315490224732,,
repeated_shuffle,adam+sparseadam,0,15946715,tuning,1048576,0,fm,11,65,66,10905643,0.0001,4,1.2803993302009475,0.9791673885565266,,
repeated_shuffle,adam+sparseadam,0,15946715,tuning,4194304,0,fm,11,65,66,10905643,0.0001,4,1.208588411299514,0.9992065488843725,,
repeated_shuffle,adam+sparseadam,0,15946715,tuning,16777216,0,fm,11,65,66,10905643,0.0001,4,0.9756046660087017,1.0,,
repeated_shuffle,adam+sparseadam,0,15946715,tuning,67108864,0,fm,11,65,66,10905643,0.0001,4,0.8708156076726571,1.0,,
repeated_shuffle,adam+sparseadam,0,15946715,tuning,262144,0,fm,11,65,66,10905643,0.0001,5,1.3001977166774932,0.8564315490224732,,
repeated_shuffle,adam+sparseadam,0,15946715,tuning,1048576,0,fm,11,65,66,10905643,0.0001,5,1.280398452134896,0.9791673885565266,,
repeated_shuffle,adam+sparseadam,0,15946715,tuning,4194304,0,fm,11,65,66,10905643,0.0001,5,1.2085595755320429,0.9992065488843725,,
repeated_shuffle,adam+sparseadam,0,15946715,tuning,16777216,0,fm,11,65,66,10905643,0.0001,5,0.9723863585062968,1.0,,
repeated_shuffle,adam+sparseadam,0,15946715,tuning,67108864,0,fm,11,65,66,10905643,0.0001,5,0.8736098064636328,1.0,,
repeated_shuffle,adam+sparseadam,0,15946715,tuning,262144,0,fm,11,65,66,10905643,0.0001,6,1.3001975167697413,0.8564315490224732,,
repeated_shuffle,adam+sparseadam,0,15946715,tuning,1048576,0,fm,11,65,66,10905643,0.0001,6,1.280398451368862,0.9791673885565266,,
repeated_shuffle,adam+sparseadam,0,15946715,tuning,4194304,0,fm,11,65,66,10905643,0.0001,6,1.2085616374463026,0.9992065488843725,,
repeated_shuffle,adam+sparseadam,0,15946715,tuning,16777216,0,fm,11,65,66,10905643,0.0001,6,0.9746740715188297,1.0,,
repeated_shuffle,adam+sparseadam,0,15946715,tuning,67108864,0,fm,11,65,66,10905643,0.0001,6,0.870194345486003,1.0,,
repeated_shuffle,adam+sparseadam,0,15946715,tuning,262144,0,fm,11,65,66,10905643,0.0001,7,1.3001976057145503,0.8564315490224732,,
repeated_shuffle,adam+sparseadam,0,15946715,tuning,1048576,0,fm,11,65,66,10905643,0.0001,7,1.2803983552555431,0.9791673885565266,,
repeated_shuffle,adam+sparseadam,0,15946715,tuning,4194304,0,fm,11,65,66,10905643,0.0001,7,1.2085458029623528,0.9992065488843725,,
repeated_shuffle,adam+sparseadam,0,15946715,tuning,16777216,0,fm,11,65,66,10905643,0.0001,7,0.9738807914856398,1.0,,
repeated_shuffle,adam+sparseadam,0,15946715,tuning,67108864,0,fm,11,65,66,10905643,0.0001,7,0.8687101002557438,1.0,,
repeated_shuffle,adam+sparseadam,0,15946715,tuning,262144,0,fm,11,65,66,10905643,0.00026826957952797245,0,1.2894819051467763,0.8564315490224732,,
repeated_shuffle,adam+sparseadam,0,15946715,tuning,1048576,0,fm,11,65,66,10905643,0.00026826957952797245,0,1.2393694311867542,0.9791673885565266,,
repeated_shuffle,adam+sparseadam,0,15946715,tuning,4194304,0,fm,11,65,66,10905643,0.00026826957952797245,0,1.0778460370622032,0.9992065488843725,,
repeated_shuffle,adam+sparseadam,0,15946715,tuning,16777216,0,fm,11,65,66,10905643,0.00026826957952797245,0,0.880107701430841,1.0,,
repeated_shuffle,adam+sparseadam,0,15946715,tuning,67108864,0,fm,11,65,66,10905643,0.00026826957952797245,0,0.8197267494333746,1.0,,
repeated_shuffle,adam+sparseadam,0,15946715,tuning,262144,0,fm,11,65,66,10905643,0.00026826957952797245,1,1.2894811395408843,0.8564315490224732,,
repeated_shuffle,adam+sparseadam,0,15946715,tuning,1048576,0,fm,11,65,66,10905643,0.00026826957952797245,1,1.2393711675518115,0.9791673885565266,,
repeated_shuffle,adam+sparseadam,0,15946715,tuning,4194304,0,fm,11,65,66,10905643,0.00026826957952797245,1,1.0793049379324204,0.9992065488843725,,
repeated_shuffle,adam+sparseadam,0,15946715,tuning,16777216,0,fm,11,65,66,10905643,0.00026826957952797245,1,0.8849962153462804,1.0,,
repeated_shuffle,adam+sparseadam,0,15946715,tuning,67108864,0,fm,11,65,66,10905643,0.00026826957952797245,1,0.8229878421783623,1.0,,
repeated_shuffle,adam+sparseadam,0,15946715,tuning,262144,0,fm,11,65,66,10905643,0.00026826957952797245,2,1.289482395544102,0.8564315490224732,,
repeated_shuffle,adam+sparseadam,0,15946715,tuning,1048576,0,fm,11,65,66,10905643,0.00026826957952797245,2,1.2393705322121376,0.9791673885565266,,
repeated_shuffle,adam+sparseadam,0,15946715,tuning,4194304,0,fm,11,65,66,10905643,0.00026826957952797245,2,1.0777437040801991,0.9992065488843725,,
repeated_shuffle,adam+sparseadam,0,15946715,tuning,16777216,0,fm,11,65,66,10905643,0.00026826957952797245,2,0.881745624800952,1.0,,
repeated_shuffle,adam+sparseadam,0,15946715,tuning,67108864,0,fm,11,65,66,10905643,0.00026826957952797245,2,0.821678819141579,1.0,,
repeated_shuffle,adam+sparseadam,0,15946715,tuning,262144,0,fm,11,65,66,10905643,0.00026826957952797245,3,1.289483061482026,0.8564315490224732,,
repeated_shuffle,adam+sparseadam,0,15946715,tuning,1048576,0,fm,11,65,66,10905643,0.00026826957952797245,3,1.239372965049393,0.9791673885565266,,
repeated_shuffle,adam+sparseadam,0,15946715,tuning,4194304,0,fm,11,65,66,10905643,0.00026826957952797245,3,1.0794313596062908,0.9992065488843725,,
repeated_shuffle,adam+sparseadam,0,15946715,tuning,16777216,0,fm,11,65,66,10905643,0.00026826957952797245,3,0.8789900050196358,1.0,,
repeated_shuffle,adam+sparseadam,0,15946715,tuning,67108864,0,fm,11,65,66,10905643,0.00026826957952797245,3,0.8207949423450417,1.0,,
repeated_shuffle,adam+sparseadam,0,15946715,tuning,262144,0,fm,11,65,66,10905643,0.00026826957952797245,4,1.289482136214242,0.8564315490224732,,
repeated_shuffle,adam+sparseadam,0,15946715,tuning,1048576,0,fm,11,65,66,10905643,0.00026826957952797245,4,1.239372347145982,0.9791673885565266,,
repeated_shuffle,adam+sparseadam,0,15946715,tuning,4194304,0,fm,11,65,66,10905643,0.00026826957952797245,4,1.0801316185671919,0.9992065488843725,,
repeated_shuffle,adam+sparseadam,0,15946715,tuning,16777216,0,fm,11,65,66,10905643,0.00026826957952797245,4,0.8809062547015971,1.0,,
repeated_shuffle,adam+sparseadam,0,15946715,tuning,67108864,0,fm,11,65,66,10905643,0.00026826957952797245,4,0.8210408092678751,1.0,,
repeated_shuffle,adam+sparseadam,0,15946715,tuning,262144,0,fm,11,65,66,10905643,0.00026826957952797245,5,1.289481801723808,0.8564315490224732,,
repeated_shuffle,adam+sparseadam,0,15946715,tuning,1048576,0,fm,11,65,66,10905643,0.00026826957952797245,5,1.239369372376341,0.9791673885565266,,
repeated_shuffle,adam+sparseadam,0,15946715,tuning,4194304,0,fm,11,65,66,10905643,0.00026826957952797245,5,1.076967053489195,0.9992065488843725,,
repeated_shuffle,adam+sparseadam,0,15946715,tuning,16777216,0,fm,11,65,66,10905643,0.00026826957952797245,5,0.8820571569188299,1.0,,
repeated_shuffle,adam+sparseadam,0,15946715,tuning,67108864,0,fm,11,65,66,10905643,0.00026826957952797245,5,0.8226069052011479,1.0,,
repeated_shuffle,adam+sparseadam,0,15946715,tuning,262144,0,fm,11,65,66,10905643,0.00026826957952797245,6,1.2894813380198997,0.8564315490224732,,
repeated_shuffle,adam+sparseadam,0,15946715,tuning,1048576,0,fm,11,65,66,10905643,0.00026826957952797245,6,1.2393695955739619,0.9791673885565266,,
repeated_shuffle,adam+sparseadam,0,15946715,tuning,4194304,0,fm,11,65,66,10905643,0.00026826957952797245,6,1.0775814960634218,0.9992065488843725,,
repeated_shuffle,adam+sparseadam,0,15946715,tuning,16777216,0,fm,11,65,66,10905643,0.00026826957952797245,6,0.8827971495862565,1.0,,
repeated_shuffle,adam+sparseadam,0,15946715,tuning,67108864,0,fm,11,65,66,10905643,0.00026826957952797245,6,0.8222691134283838,1.0,,
repeated_shuffle,adam+sparseadam,0,15946715,tuning,262144,0,fm,11,65,66,10905643,0.00026826957952797245,7,1.2894816479798816,0.8564315490224732,,
repeated_shuffle,adam+sparseadam,0,15946715,tuning,1048576,0,fm,11,65,66,10905643,0.00026826957952797245,7,1.2393688973424235,0.9791673885565266,,
repeated_shuffle,adam+sparseadam,0,15946715,tuning,4194304,0,fm,11,65,66,10905643,0.00026826957952797245,7,1.07691750394775,0.9992065488843725,,
repeated_shuffle,adam+sparseadam,0,15946715,tuning,16777216,0,fm,11,65,66,10905643,0.00026826957952797245,7,0.8796530863406581,1.0,,
repeated_shuffle,adam+sparseadam,0,15946715,tuning,67108864,0,fm,11,65,66,10905643,0.00026826957952797245,7,0.8210694729661775,1.0,,
repeated_shuffle,adam+sparseadam,0,15946715,tuning,262144,0,fm,11,65,66,10905643,0.0007196856730011522,0,1.261748990651709,0.8564315490224732,,
repeated_shuffle,adam+sparseadam,0,15946715,tuning,1048576,0,fm,11,65,66,10905643,0.0007196856730011522,0,1.1481590257415946,0.9791673885565266,,
repeated_shuffle,adam+sparseadam,0,15946715,tuning,4194304,0,fm,11,65,66,10905643,0.0007196856730011522,0,0.9274511359767056,0.9992065488843725,,
repeated_shuffle,adam+sparseadam,0,15946715,tuning,16777216,0,fm,11,65,66,10905643,0.0007196856730011522,0,0.828388855622438,1.0,,
repeated_shuffle,adam+sparseadam,0,15946715,tuning,67108864,0,fm,11,65,66,10905643,0.0007196856730011522,0,0.7811202661108175,1.0,,
repeated_shuffle,adam+sparseadam,0,15946715,tuning,262144,0,fm,11,65,66,10905643,0.0007196856730011522,1,1.261747162745468,0.8564315490224732,,
repeated_shuffle,adam+sparseadam,0,15946715,tuning,1048576,0,fm,11,65,66,10905643,0.0007196856730011522,1,1.148216574181055,0.9791673885565266,,
repeated_shuffle,adam+sparseadam,0,15946715,tuning,4194304,0,fm,11,65,66,10905643,0.0007196856730011522,1,0.9286490885370589,0.9992065488843725,,
repeated_shuffle,adam+sparseadam,0,15946715,tuning,16777216,0,fm,11,65,66,10905643,0.0007196856730011522,1,0.8312369055221801,1.0,,
repeated_shuffle,adam+sparseadam,0,15946715,tuning,67108864,0,fm,11,65,66,10905643,0.0007196856730011522,1,0.7811769804492316,1.0,,
repeated_shuffle,adam+sparseadam,0,15946715,tuning,262144,0,fm,11,65,66,10905643,0.0007196856730011522,2,1.2617484226955842,0.8564315490224732,,
repeated_shuffle,adam+sparseadam,0,15946715,tuning,1048576,0,fm,11,65,66,10905643,0.0007196856730011522,2,1.1481738130548942,0.9791673885565266,,
repeated_shuffle,adam+sparseadam,0,15946715,tuning,4194304,0,fm,11,65,66,10905643,0.0007196856730011522,2,0.9287501569065856,0.9992065488843725,,
repeated_shuffle,adam+sparseadam,0,15946715,tuning,16777216,0,fm,11,65,66,10905643,0.0007196856730011522,2,0.8313636912615672,1.0,,
repeated_shuffle,adam+sparseadam,0,15946715,tuning,67108864,0,fm,11,65,66,10905643,0.0007196856730011522,2,0.7810790159175471,1.0,,
repeated_shuffle,adam+sparseadam,0,15946715,tuning,262144,0,fm,11,65,66,10905643,0.0007196856730011522,3,1.2617492742167051,0.8564315490224732,,
repeated_shuffle,adam+sparseadam,0,15946715,tuning,1048576,0,fm,11,65,66,10905643,0.0007196856730011522,3,1.1482265344802471,0.9791673885565266,,
repeated_shuffle,adam+sparseadam,0,15946715,tuning,4194304,0,fm,11,65,66,10905643,0.0007196856730011522,3,0.9263785743130868,0.9992065488843725,,
repeated_shuffle,adam+sparseadam,0,15946715,tuning,16777216,0,fm,11,65,66,10905643,0.0007196856730011522,3,0.8312492177895497,1.0,,
repeated_shuffle,adam+sparseadam,0,15946715,tuning,67108864,0,fm,11,65,66,10905643,0.0007196856730011522,3,0.781363679103177,1.0,,
repeated_shuffle,adam+sparseadam,0,15946715,tuning,262144,0,fm,11,65,66,10905643,0.0007196856730011522,4,1.2617488688496772,0.8564315490224732,,
repeated_shuffle,adam+sparseadam,0,15946715,tuning,1048576,0,fm,11,65,66,10905643,0.0007196856730011522,4,1.148235833338474,0.9791673885565266,,
repeated_shuffle,adam+sparseadam,0,15946715,tuning,4194304,0,fm,11,65,66,10905643,0.0007196856730011522,4,0.9266865553344819,0.9992065488843725,,
repeated_shuffle,adam+sparseadam,0,15946715,tuning,16777216,0,fm,11,65,66,10905643,0.0007196856730011522,4,0.8283881983618154,1.0,,
repeated_shuffle,adam+sparseadam,0,15946715,tuning,67108864,0,fm,11,65,66,10905643,0.0007196856730011522,4,0.7810054161493961,1.0,,
repeated_shuffle,adam+sparseadam,0,15946715,tuning,262144,0,fm,11,65,66,10905643,0.0007196856730011522,5,1.2617484623164836,0.8564315490224732,,
repeated_shuffle,adam+sparseadam,0,15946715,tuning,1048576,0,fm,11,65,66,10905643,0.0007196856730011522,5,1.1481726963213996,0.9791673885565266,,
repeated_shuffle,adam+sparseadam,0,15946715,tuning,4194304,0,fm,11,65,66,10905643,0.0007196856730011522,5,0.9271273871736501,0.9992065488843725,,
repeated_shuffle,adam+sparseadam,0,15946715,tuning,16777216,0,fm,11,65,66,10905643,0.0007196856730011522,5,0.8303847790619711,1.0,,
repeated_shuffle,adam+sparseadam,0,15946715,tuning,67108864,0,fm,11,65,66,10905643,0.0007196856730011522,5,0.7810408378797258,1.0,,
repeated_shuffle,adam+sparseadam,0,15946715,tuning,262144,0,fm,11,65,66,10905643,0.0007196856730011522,6,1.261747387401764,0.8564315490224732,,
repeated_shuffle,adam+sparseadam,0,15946715,tuning,1048576,0,fm,11,65,66,10905643,0.0007196856730011522,6,1.1481722360264015,0.9791673885565266,,
repeated_shuffle,adam+sparseadam,0,15946715,tuning,4194304,0,fm,11,65,66,10905643,0.0007196856730011522,6,0.9274004294909726,0.9992065488843725,,
repeated_shuffle,adam+sparseadam,0,15946715,tuning,16777216,0,fm,11,65,66,10905643,0.0007196856730011522,6,0.830704654684639,1.0,,
repeated_shuffle,adam+sparseadam,0,15946715,tuning,67108864,0,fm,11,65,66,10905643,0.0007196856730011522,6,0.7811753226529358,1.0,,
repeated_shuffle,adam+sparseadam,0,15946715,tuning,262144,0,fm,11,65,66,10905643,0.0007196856730011522,7,1.2617482595478322,0.8564315490224732,,
repeated_shuffle,adam+sparseadam,0,15946715,tuning,1048576,0,fm,11,65,66,10905643,0.0007196856730011522,7,1.1481628106098416,0.9791673885565266,,
repeated_shuffle,adam+sparseadam,0,15946715,tuning,4194304,0,fm,11,65,66,10905643,0.0007196856730011522,7,0.9267763531883582,0.9992065488843725,,
repeated_shuffle,adam+sparseadam,0,15946715,tuning,16777216,0,fm,11,65,66,10905643,0.0007196856730011522,7,0.8290014872542992,1.0,,
repeated_shuffle,adam+sparseadam,0,15946715,tuning,67108864,0,fm,11,65,66,10905643,0.0007196856730011522,7,0.781265348424266,1.0,,
repeated_shuffle,adam+sparseadam,0,15946715,tuning,262144,0,fm,11,65,66,10905643,0.0019306977288832496,0,1.1947765091919578,0.8564315490224732,,
repeated_shuffle,adam+sparseadam,0,15946715,tuning,1048576,0,fm,11,65,66,10905643,0.0019306977288832496,0,1.0110250836500794,0.9791673885565266,,
repeated_shuffle,adam+sparseadam,0,15946715,tuning,4194304,0,fm,11,65,66,10905643,0.0019306977288832496,0,0.8664875154400696,0.9992065488843725,,
repeated_shuffle,adam+sparseadam,0,15946715,tuning,16777216,0,fm,11,65,66,10905643,0.0019306977288832496,0,0.7947240469266057,1.0,,
repeated_shuffle,adam+sparseadam,0,15946715,tuning,67108864,0,fm,11,65,66,10905643,0.0019306977288832496,0,0.8062992787215153,1.0,,
repeated_shuffle,adam+sparseadam,0,15946715,tuning,262144,0,fm,11,65,66,10905643,0.0019306977288832496,1,1.1947728634591899,0.8564315490224732,,
repeated_shuffle,adam+sparseadam,0,15946715,tuning,1048576,0,fm,11,65,66,10905643,0.0019306977288832496,1,1.0115458469476195,0.9791673885565266,,
repeated_shuffle,adam+sparseadam,0,15946715,tuning,4194304,0,fm,11,65,66,10905643,0.0019306977288832496,1,0.8667252419336348,0.9992065488843725,,
repeated_shuffle,adam+sparseadam,0,15946715,tuning,16777216,0,fm,11,65,66,10905643,0.0019306977288832496,1,0.7949219008666432,1.0,,
repeated_shuffle,adam+sparseadam,0,15946715,tuning,67108864,0,fm,11,65,66,10905643,0.0019306977288832496,1,0.8062706241433505,1.0,,
repeated_shuffle,adam+sparseadam,0,15946715,tuning,262144,0,fm,11,65,66,10905643,0.0019306977288832496,2,1.1947722034287793,0.8564315490224732,,
repeated_shuffle,adam+sparseadam,0,15946715,tuning,1048576,0,fm,11,65,66,10905643,0.0019306977288832496,2,1.0106922974558727,0.9791673885565266,,
repeated_shuffle,adam+sparseadam,0,15946715,tuning,4194304,0,fm,11,65,66,10905643,0.0019306977288832496,2,0.8673662174876856,0.9992065488843725,,
repeated_shuffle,adam+sparseadam,0,15946715,tuning,16777216,0,fm,11,65,66,10905643,0.0019306977288832496,2,0.7945899840921392,1.0,,
repeated_shuffle,adam+sparseadam,0,15946715,tuning,67108864,0,fm,11,65,66,10905643,0.0019306977288832496,2,0.8064068792943684,1.0,,
repeated_shuffle,adam+sparseadam,0,15946715,tuning,262144,0,fm,11,65,66,10905643,0.0019306977288832496,3,1.1947748822346422,0.8564315490224732,,
repeated_shuffle,adam+sparseadam,0,15946715,tuning,1048576,0,fm,11,65,66,10905643,0.0019306977288832496,3,1.0117505098037387,0.9791673885565266,,
repeated_shuffle,adam+sparseadam,0,15946715,tuning,4194304,0,fm,11,65,66,10905643,0.0019306977288832496,3,0.8664379347518731,0.9992065488843725,,
repeated_shuffle,adam+sparseadam,0,15946715,tuning,16777216,0,fm,11,65,66,10905643,0.0019306977288832496,3,0.7947663474602518,1.0,,
repeated_shuffle,adam+sparseadam,0,15946715,tuning,67108864,0,fm,11,65,66,10905643,0.0019306977288832496,3,0.8060333041231612,1.0,,
repeated_shuffle,adam+sparseadam,0,15946715,tuning,262144,0,fm,11,65,66,10905643,0.0019306977288832496,4,1.1947764256879188,0.8564315490224732,,
repeated_shuffle,adam+sparseadam,0,15946715,tuning,1048576,0,fm,11,65,66,10905643,0.0019306977288832496,4,1.012234950075943,0.9791673885565266,,
repeated_shuffle,adam+sparseadam,0,15946715,tuning,4194304,0,fm,11,65,66,10905643,0.0019306977288832496,4,0.8663722446005416,0.9992065488843725,,
repeated_shuffle,adam+sparseadam,0,15946715,tuning,16777216,0,fm,11,65,66,10905643,0.0019306977288832496,4,0.7945318095275183,1.0,,
repeated_shuffle,adam+sparseadam,0,15946715,tuning,67108864,0,fm,11,65,66,10905643,0.0019306977288832496,4,0.8061888713934158,1.0,,
repeated_shuffle,adam+sparseadam,0,15946715,tuning,262144,0,fm,11,65,66,10905643,0.0019306977288832496,5,1.194774276797336,0.8564315490224732,,
repeated_shuffle,adam+sparseadam,0,15946715,tuning,1048576,0,fm,11,65,66,10905643,0.0019306977288832496,5,1.0106789272345031,0.9791673885565266,,
repeated_shuffle,adam+sparseadam,0,15946715,tuning,4194304,0,fm,11,65,66,10905643,0.0019306977288832496,5,0.8664679212150309,0.9992065488843725,,
repeated_shuffle,adam+sparseadam,0,15946715,tuning,16777216,0,fm,11,65,66,10905643,0.0019306977288832496,5,0.7949794913768176,1.0,,
repeated_shuffle,adam+sparseadam,0,15946715,tuning,67108864,0,fm,11,65,66,10905643,0.0019306977288832496,5,0.805918785632367,1.0,,
repeated_shuffle,adam+sparseadam,0,15946715,tuning,262144,0,fm,11,65,66,10905643,0.0019306977288832496,6,1.1947722342650964,0.8564315490224732,,
repeated_shuffle,adam+sparseadam,0,15946715,tuning,1048576,0,fm,11,65,66,10905643,0.0019306977288832496,6,1.0105660325635004,0.9791673885565266,,
repeated_shuffle,adam+sparseadam,0,15946715,tuning,4194304,0,fm,11,65,66,10905643,0.0019306977288832496,6,0.8665563820631705,0.9992065488843725,,
repeated_shuffle,adam+sparseadam,0,15946715,tuning,16777216,0,fm,11,65,66,10905643,0.0019306977288832496,6,0.7949557441786679,1.0,,
repeated_shuffle,adam+sparseadam,0,15946715,tuning,67108864,0,fm,11,65,66,10905643,0.0019306977288832496,6,0.8056901128140153,1.0,,
repeated_shuffle,adam+sparseadam,0,15946715,tuning,262144,0,fm,11,65,66,10905643,0.0019306977288832496,7,1.1947738528114602,0.8564315490224732,,
repeated_shuffle,adam+sparseadam,0,15946715,tuning,1048576,0,fm,11,65,66,10905643,0.0019306977288832496,7,1.0107866601157038,0.9791673885565266,,
repeated_shuffle,adam+sparseadam,0,15946715,tuning,4194304,0,fm,11,65,66,10905643,0.0019306977288832496,7,0.8665862905404063,0.9992065488843725,,
repeated_shuffle,adam+sparseadam,0,15946715,tuning,16777216,0,fm,11,65,66,10905643,0.0019306977288832496,7,0.7946528568858551,1.0,,
repeated_shuffle,adam+sparseadam,0,15946715,tuning,67108864,0,fm,11,65,66,10905643,0.0019306977288832496,7,0.8062157129385381,1.0,,
repeated_shuffle,adam+sparseadam,0,15946715,tuning,262144,0,fm,11,65,66,10905643,0.005179474679231213,0,1.0681941428323067,0.8564315490224732,,
repeated_shuffle,adam+sparseadam,0,15946715,tuning,1048576,0,fm,11,65,66,10905643,0.005179474679231213,0,0.9333534085964332,0.9791673885565266,,
repeated_shuffle,adam+sparseadam,0,15946715,tuning,4194304,0,fm,11,65,66,10905643,0.005179474679231213,0,0.8544721230585055,0.9992065488843725,,
repeated_shuffle,adam+sparseadam,0,15946715,tuning,16777216,0,fm,11,65,66,10905643,0.005179474679231213,0,0.8019469334150185,1.0,,
repeated_shuffle,adam+sparseadam,0,15946715,tuning,67108864,0,fm,11,65,66,10905643,0.005179474679231213,0,0.8449378455018637,1.0,,
repeated_shuffle,adam+sparseadam,0,15946715,tuning,262144,0,fm,11,65,66,10905643,0.005179474679231213,1,1.068197708630681,0.8564315490224732,,
repeated_shuffle,adam+sparseadam,0,15946715,tuning,1048576,0,fm,11,65,66,10905643,0.005179474679231213,1,0.933396042192556,0.9791673885565266,,
repeated_shuffle,adam+sparseadam,0,15946715,tuning,4194304,0,fm,11,65,66,10905643,0.005179474679231213,1,0.8542634048182981,0.9992065488843725,,
repeated_shuffle,adam+sparseadam,0,15946715,tuning,16777216,0,fm,11,65,66,10905643,0.005179474679231213,1,0.8014200736938645,1.0,,
repeated_shuffle,adam+sparseadam,0,15946715,tuning,67108864,0,fm,11,65,66,10905643,0.005179474679231213,1,0.8445444181410112,1.0,,
repeated_shuffle,adam+sparseadam,0,15946715,tuning,262144,0,fm,11,65,66,10905643,0.005179474679231213,2,1.0681810477729157,0.8564315490224732,,
repeated_shuffle,adam+sparseadam,0,15946715,tuning,1048576,0,fm,11,65,66,10905643,0.005179474679231213,2,0.9330757199509514,0.9791673885565266,,
repeated_shuffle,adam+sparseadam,0,15946715,tuning,4194304,0,fm,11,65,66,10905643,0.005179474679231213,2,0.8542569913499879,0.9992065488843725,,
repeated_shuffle,adam+sparseadam,0,15946715,tuning,16777216,0,fm,11,65,66,10905643,0.005179474679231213,2,0.8016448878405026,1.0,,
repeated_shuffle,adam+sparseadam,0,15946715,tuning,67108864,0,fm,11,65,66,10905643,0.005179474679231213,2,0.8446704297690901,1.0,,
repeated_shuffle,adam+sparseadam,0,15946715,tuning,262144,0,fm,11,65,66,10905643,0.005179474679231213,3,1.0681982455388375,0.8564315490224732,,
repeated_shuffle,adam+sparseadam,0,15946715,tuning,1048576,0,fm,11,65,66,10905643,0.005179474679231213,3,0.9338383956117675,0.9791673885565266,,
repeated_shuffle,adam+sparseadam,0,15946715,tuning,4194304,0,fm,11,65,66,10905643,0.005179474679231213,3,0.8542707316439252,0.9992065488843725,,
repeated_shuffle,adam+sparseadam,0,15946715,tuning,16777216,0,fm,11,65,66,10905643,0.005179474679231213,3,0.8015218646217004,1.0,,
repeated_shuffle,adam+sparseadam,0,15946715,tuning,67108864,0,fm,11,65,66,10905643,0.005179474679231213,3,0.8448475411790733,1.0,,
repeated_shuffle,adam+sparseadam,0,15946715,tuning,262144,0,fm,11,65,66,10905643,0.005179474679231213,4,1.0682102586645257,0.8564315490224732,,
repeated_shuffle,adam+sparseadam,0,15946715,tuning,1048576,0,fm,11,65,66,10905643,0.005179474679231213,4,0.9339337644236756,0.9791673885565266,,
repeated_shuffle,adam+sparseadam,0,15946715,tuning,4194304,0,fm,11,65,66,10905643,0.005179474679231213,4,0.854911337264946,0.9992065488843725,,
repeated_shuffle,adam+sparseadam,0,15946715,tuning,16777216,0,fm,11,65,66,10905643,0.005179474679231213,4,0.8021096392858572,1.0,,
repeated_shuffle,adam+sparseadam,0,15946715,tuning,67108864,0,fm,11,65,66,10905643,0.005179474679231213,4,0.8446129405689115,1.0,,
repeated_shuffle,adam+sparseadam,0,15946715,tuning,262144,0,fm,11,65,66,10905643,0.005179474679231213,5,1.0681930996713003,0.8564315490224732,,
repeated_shuffle,adam+sparseadam,0,15946715,tuning,1048576,0,fm,11,65,66,10905643,0.005179474679231213,5,0.9333585652926506,0.9791673885565266,,
repeated_shuffle,adam+sparseadam,0,15946715,tuning,4194304,0,fm,11,65,66,10905643,0.005179474679231213,5,0.8546798702425286,0.9992065488843725,,
repeated_shuffle,adam+sparseadam,0,15946715,tuning,16777216,0,fm,11,65,66,10905643,0.005179474679231213,5,0.8017396085834719,1.0,,
repeated_shuffle,adam+sparseadam,0,15946715,tuning,67108864,0,fm,11,65,66,10905643,0.005179474679231213,5,0.8451924033957338,1.0,,
repeated_shuffle,adam+sparseadam,0,15946715,tuning,262144,0,fm,11,65,66,10905643,0.005179474679231213,6,1.0681853149340916,0.8564315490224732,,
repeated_shuffle,adam+sparseadam,0,15946715,tuning,1048576,0,fm,11,65,66,10905643,0.005179474679231213,6,0.9322947970444265,0.9791673885565266,,
repeated_shuffle,adam+sparseadam,0,15946715,tuning,4194304,0,fm,11,65,66,10905643,0.005179474679231213,6,0.8538651370989984,0.9992065488843725,,
repeated_shuffle,adam+sparseadam,0,15946715,tuning,16777216,0,fm,11,65,66,10905643,0.005179474679231213,6,0.8016054345795048,1.0,,
repeated_shuffle,adam+sparseadam,0,15946715,tuning,67108864,0,fm,11,65,66,10905643,0.005179474679231213,6,0.8446280466186,1.0,,
repeated_shuffle,adam+sparseadam,0,15946715,tuning,262144,0,fm,11,65,66,10905643,0.005179474679231213,7,1.0681914125112726,0.8564315490224732,,
repeated_shuffle,adam+sparseadam,0,15946715,tuning,1048576,0,fm,11,65,66,10905643,0.005179474679231213,7,0.9335916107036406,0.9791673885565266,,
repeated_shuffle,adam+sparseadam,0,15946715,tuning,4194304,0,fm,11,65,66,10905643,0.005179474679231213,7,0.85422417300311,0.9992065488843725,,
repeated_shuffle,adam+sparseadam,0,15946715,tuning,16777216,0,fm,11,65,66,10905643,0.005179474679231213,7,0.8019209159428624,1.0,,
repeated_shuffle,adam+sparseadam,0,15946715,tuning,67108864,0,fm,11,65,66,10905643,0.005179474679231213,7,0.844800658820954,1.0,,
repeated_shuffle,adam+sparseadam,0,15946715,tuning,262144,0,fm,11,65,66,10905643,0.013894954943731374,0,0.9736411701871407,0.8564315490224732,,
repeated_shuffle,adam+sparseadam,0,15946715,tuning,1048576,0,fm,11,65,66,10905643,0.013894954943731374,0,0.9235772618784356,0.9791673885565266,,
repeated_shuffle,adam+sparseadam,0,15946715,tuning,4194304,0,fm,11,65,66,10905643,0.013894954943731374,0,0.9269373573730666,0.9992065488843725,,
repeated_shuffle,adam+sparseadam,0,15946715,tuning,16777216,0,fm,11,65,66,10905643,0.013894954943731374,0,0.887017959121363,1.0,,
repeated_shuffle,adam+sparseadam,0,15946715,tuning,67108864,0,fm,11,65,66,10905643,0.013894954943731374,0,0.8797316376130895,1.0,,
repeated_shuffle,adam+sparseadam,0,15946715,tuning,262144,0,fm,11,65,66,10905643,0.013894954943731374,1,0.9736623322359951,0.8564315490224732,,
repeated_shuffle,adam+sparseadam,0,15946715,tuning,1048576,0,fm,11,65,66,10905643,0.013894954943731374,1,0.9229264463002073,0.9791673885565266,,
repeated_shuffle,adam+sparseadam,0,15946715,tuning,4194304,0,fm,11,65,66,10905643,0.013894954943731374,1,0.9262799234898661,0.9992065488843725,,
repeated_shuffle,adam+sparseadam,0,15946715,tuning,16777216,0,fm,11,65,66,10905643,0.013894954943731374,1,0.8865400733789865,1.0,,
repeated_shuffle,adam+sparseadam,0,15946715,tuning,67108864,0,fm,11,65,66,10905643,0.013894954943731374,1,0.8791041251948404,1.0,,
repeated_shuffle,adam+sparseadam,0,15946715,tuning,262144,0,fm,11,65,66,10905643,0.013894954943731374,2,0.9736077534769357,0.8564315490224732,,
repeated_shuffle,adam+sparseadam,0,15946715,tuning,1048576,0,fm,11,65,66,10905643,0.013894954943731374,2,0.9230796800057975,0.9791673885565266,,
repeated_shuffle,adam+sparseadam,0,15946715,tuning,4194304,0,fm,11,65,66,10905643,0.013894954943731374,2,0.9262970291881188,0.9992065488843725,,
repeated_shuffle,adam+sparseadam,0,15946715,tuning,16777216,0,fm,11,65,66,10905643,0.013894954943731374,2,0.8865393569788438,1.0,,
repeated_shuffle,adam+sparseadam,0,15946715,tuning,67108864,0,fm,11,65,66,10905643,0.013894954943731374,2,0.8788018679220142,1.0,,
repeated_shuffle,adam+sparseadam,0,15946715,tuning,262144,0,fm,11,65,66,10905643,0.013894954943731374,3,0.9736406370930192,0.8564315490224732,,
repeated_shuffle,adam+sparseadam,0,15946715,tuning,1048576,0,fm,11,65,66,10905643,0.013894954943731374,3,0.9233300920371272,0.9791673885565266,,
repeated_shuffle,adam+sparseadam,0,15946715,tuning,4194304,0,fm,11,65,66,10905643,0.013894954943731374,3,0.9264453119864519,0.9992065488843725,,
repeated_shuffle,adam+sparseadam,0,15946715,tuning,16777216,0,fm,11,65,66,10905643,0.013894954943731374,3,0.8869729072410253,1.0,,
repeated_shuffle,adam+sparseadam,0,15946715,tuning,67108864,0,fm,11,65,66,10905643,0.013894954943731374,3,0.8796230002488609,1.0,,
repeated_shuffle,adam+sparseadam,0,15946715,tuning,262144,0,fm,11,65,66,10905643,0.013894954943731374,4,0.9736866567359229,0.8564315490224732,,
repeated_shuffle,adam+sparseadam,0,15946715,tuning,1048576,0,fm,11,65,66,10905643,0.013894954943731374,4,0.9242315822352742,0.9791673885565266,,
repeated_shuffle,adam+sparseadam,0,15946715,tuning,4194304,0,fm,11,65,66,10905643,0.013894954943731374,4,0.9263895032954144,0.9992065488843725,,
repeated_shuffle,adam+sparseadam,0,15946715,tuning,16777216,0,fm,11,65,66,10905643,0.013894954943731374,4,0.8867947843204282,1.0,,
repeated_shuffle,adam+sparseadam,0,15946715,tuning,67108864,0,fm,11,65,66,10905643,0.013894954943731374,4,0.8795384364251164,1.0,,
repeated_shuffle,adam+sparseadam,0,15946715,tuning,262144,0,fm,11,65,66,10905643,0.013894954943731374,5,0.9736447708943887,0.8564315490224732,,
repeated_shuffle,adam+sparseadam,0,15946715,tuning,1048576,0,fm,11,65,66,10905643,0.013894954943731374,5,0.9240581560156468,0.9791673885565266,,
repeated_shuffle,adam+sparseadam,0,15946715,tuning,4194304,0,fm,11,65,66,10905643,0.013894954943731374,5,0.9269150386371439,0.9992065488843725,,
repeated_shuffle,adam+sparseadam,0,15946715,tuning,16777216,0,fm,11,65,66,10905643,0.013894954943731374,5,0.8876293536313139,1.0,,
repeated_shuffle,adam+sparseadam,0,15946715,tuning,67108864,0,fm,11,65,66,10905643,0.013894954943731374,5,0.879676248294931,1.0,,
repeated_shuffle,adam+sparseadam,0,15946715,tuning,262144,0,fm,11,65,66,10905643,0.013894954943731374,6,0.9736181090506307,0.8564315490224732,,
repeated_shuffle,adam+sparseadam,0,15946715,tuning,1048576,0,fm,11,65,66,10905643,0.013894954943731374,6,0.922556136339895,0.9791673885565266,,
repeated_shuffle,adam+sparseadam,0,15946715,tuning,4194304,0,fm,11,65,66,10905643,0.013894954943731374,6,0.9256571434832266,0.9992065488843725,,
repeated_shuffle,adam+sparseadam,0,15946715,tuning,16777216,0,fm,11,65,66,10905643,0.013894954943731374,6,0.8864538685768688,1.0,,
repeated_shuffle,adam+sparseadam,0,15946715,tuning,67108864,0,fm,11,65,66,10905643,0.013894954943731374,6,0.8788512940980568,1.0,,
repeated_shuffle,adam+sparseadam,0,15946715,tuning,262144,0,fm,11,65,66,10905643,0.013894954943731374,7,0.9736308981417678,0.8564315490224732,,
repeated_shuffle,adam+sparseadam,0,15946715,tuning,1048576,0,fm,11,65,66,10905643,0.013894954943731374,7,0.9237493087482067,0.9791673885565266,,
repeated_shuffle,adam+sparseadam,0,15946715,tuning,4194304,0,fm,11,65,66,10905643,0.013894954943731374,7,0.9261252938044453,0.9992065488843725,,
repeated_shuffle,adam+sparseadam,0,15946715,tuning,16777216,0,fm,11,65,66,10905643,0.013894954943731374,7,0.8866438272175446,1.0,,
repeated_shuffle,adam+sparseadam,0,15946715,tuning,67108864,0,fm,11,65,66,10905643,0.013894954943731374,7,0.8794613156976364,1.0,,
repeated_shuffle,adam+sparseadam,0,15946715,tuning,262144,0,fm,11,65,66,10905643,0.03727593720314938,0,0.9603195373373901,0.8564315490224732,,
repeated_shuffle,adam+sparseadam,0,15946715,tuning,1048576,0,fm,11,65,66,10905643,0.03727593720314938,0,1.195481775173556,0.9791673885565266,,
repeated_shuffle,adam+sparseadam,0,15946715,tuning,4194304,0,fm,11,65,66,10905643,0.03727593720314938,0,1.5955773379822655,0.9992065488843725,,
repeated_shuffle,adam+sparseadam,0,15946715,tuning,16777216,0,fm,11,65,66,10905643,0.03727593720314938,0,1.4938657394541424,1.0,,
repeated_shuffle,adam+sparseadam,0,15946715,tuning,67108864,0,fm,11,65,66,10905643,0.03727593720314938,0,1.0594177768138255,1.0,,
repeated_shuffle,adam+sparseadam,0,15946715,tuning,262144,0,fm,11,65,66,10905643,0.03727593720314938,1,0.9603805083110553,0.8564315490224732,,
repeated_shuffle,adam+sparseadam,0,15946715,tuning,1048576,0,fm,11,65,66,10905643,0.03727593720314938,1,1.1959133758859979,0.9791673885565266,,
repeated_shuffle,adam+sparseadam,0,15946715,tuning,4194304,0,fm,11,65,66,10905643,0.03727593720314938,1,1.593572722100198,0.9992065488843725,,
repeated_shuffle,adam+sparseadam,0,15946715,tuning,16777216,0,fm,11,65,66,10905643,0.03727593720314938,1,1.502542838097988,1.0,,
repeated_shuffle,adam+sparseadam,0,15946715,tuning,67108864,0,fm,11,65,66,10905643,0.03727593720314938,1,1.0586222742942308,1.0,,
repeated_shuffle,adam+sparseadam,0,15946715,tuning,262144,0,fm,11,65,66,10905643,0.03727593720314938,2,0.9603423657246525,0.8564315490224732,,
repeated_shuffle,adam+sparseadam,0,15946715,tuning,1048576,0,fm,11,65,66,10905643,0.03727593720314938,2,1.1970654142493153,0.9791673885565266,,
repeated_shuffle,adam+sparseadam,0,15946715,tuning,4194304,0,fm,11,65,66,10905643,0.03727593720314938,2,1.5956985478414576,0.9992065488843725,,
repeated_shuffle,adam+sparseadam,0,15946715,tuning,16777216,0,fm,11,65,66,10905643,0.03727593720314938,2,1.4996414217386647,1.0,,
repeated_shuffle,adam+sparseadam,0,15946715,tuning,67108864,0,fm,11,65,66,10905643,0.03727593720314938,2,1.0574520210769256,1.0,,
repeated_shuffle,adam+sparseadam,0,15946715,tuning,262144,0,fm,11,65,66,10905643,0.03727593720314938,3,0.9601377767986484,0.8564315490224732,,
repeated_shuffle,adam+sparseadam,0,15946715,tuning,1048576,0,fm,11,65,66,10905643,0.03727593720314938,3,1.1953532204384798,0.9791673885565266,,
repeated_shuffle,adam+sparseadam,0,15946715,tuning,4194304,0,fm,11,65,66,10905643,0.03727593720314938,3,1.5906681729368362,0.9992065488843725,,
repeated_shuffle,adam+sparseadam,0,15946715,tuning,16777216,0,fm,11,65,66,10905643,0.03727593720314938,3,1.4964456000086002,1.0,,
repeated_shuffle,adam+sparseadam,0,15946715,tuning,67108864,0,fm,11,65,66,10905643,0.03727593720314938,3,1.0588152972421336,1.0,,
repeated_shuffle,adam+sparseadam,0,15946715,tuning,262144,0,fm,11,65,66,10905643,0.03727593720314938,4,0.9604421460727273,0.8564315490224732,,
repeated_shuffle,adam+sparseadam,0,15946715,tuning,1048576,0,fm,11,65,66,10905643,0.03727593720314938,4,1.1984011181031895,0.9791673885565266,,
repeated_shuffle,adam+sparseadam,0,15946715,tuning,4194304,0,fm,11,65,66,10905643,0.03727593720314938,4,1.5954907533686782,0.9992065488843725,,
repeated_shuffle,adam+sparseadam,0,15946715,tuning,16777216,0,fm,11,65,66,10905643,0.03727593720314938,4,1.4994855508495588,1.0,,
repeated_shuffle,adam+sparseadam,0,15946715,tuning,67108864,0,fm,11,65,66,10905643,0.03727593720314938,4,1.059771700853631,1.0,,
repeated_shuffle,adam+sparseadam,0,15946715,tuning,262144,0,fm,11,65,66,10905643,0.03727593720314938,5,0.9602309749413658,0.8564315490224732,,
repeated_shuffle,adam+sparseadam,0,15946715,tuning,1048576,0,fm,11,65,66,10905643,0.03727593720314938,5,1.1976236484012783,0.9791673885565266,,
repeated_shuffle,adam+sparseadam,0,15946715,tuning,4194304,0,fm,11,65,66,10905643,0.03727593720314938,5,1.5928272697655275,0.9992065488843725,,
repeated_shuffle,adam+sparseadam,0,15946715,tuning,16777216,0,fm,11,65,66,10905643,0.03727593720314938,5,1.5039325809849193,1.0,,
repeated_shuffle,adam+sparseadam,0,15946715,tuning,67108864,0,fm,11,65,66,10905643,0.03727593720314938,5,1.0598086331666992,1.0,,
repeated_shuffle,adam+sparseadam,0,15946715,tuning,262144,0,fm,11,65,66,10905643,0.03727593720314938,6,0.9602740052538543,0.8564315490224732,,
repeated_shuffle,adam+sparseadam,0,15946715,tuning,1048576,0,fm,11,65,66,10905643,0.03727593720314938,6,1.1964192872594424,0.9791673885565266,,
repeated_shuffle,adam+sparseadam,0,15946715,tuning,4194304,0,fm,11,65,66,10905643,0.03727593720314938,6,1.5935154930886595,0.9992065488843725,,
repeated_shuffle,adam+sparseadam,0,15946715,tuning,16777216,0,fm,11,65,66,10905643,0.03727593720314938,6,1.4944806612269355,1.0,,
repeated_shuffle,adam+sparseadam,0,15946715,tuning,67108864,0,fm,11,65,66,10905643,0.03727593720314938,6,1.0588335579855677,1.0,,
repeated_shuffle,adam+sparseadam,0,15946715,tuning,262144,0,fm,11,65,66,10905643,0.03727593720314938,7,0.9601157972633054,0.8564315490224732,,
repeated_shuffle,adam+sparseadam,0,15946715,tuning,1048576,0,fm,11,65,66,10905643,0.03727593720314938,7,1.1965465940860338,0.9791673885565266,,
repeated_shuffle,adam+sparseadam,0,15946715,tuning,4194304,0,fm,11,65,66,10905643,0.03727593720314938,7,1.596925211154105,0.9992065488843725,,
repeated_shuffle,adam+sparseadam,0,15946715,tuning,16777216,0,fm,11,65,66,10905643,0.03727593720314938,7,1.4982676644598099,1.0,,
repeated_shuffle,adam+sparseadam,0,15946715,tuning,67108864,0,fm,11,65,66,10905643,0.03727593720314938,7,1.0592005361460417,1.0,,
repeated_shuffle,adam+sparseadam,0,15946715,tuning,262144,0,fm,11,65,66,10905643,0.1,0,1.3601715637322376,0.8564315490224732,,
repeated_shuffle,adam+sparseadam,0,15946715,tuning,1048576,0,fm,11,65,66,10905643,0.1,0,4.283877778955167,0.9791673885565266,,
repeated_shuffle,adam+sparseadam,0,15946715,tuning,4194304,0,fm,11,65,66,10905643,0.1,0,9.13837101453925,0.9992065488843725,,
repeated_shuffle,adam+sparseadam,0,15946715,tuning,16777216,0,fm,11,65,66,10905643,0.1,0,8.16616309637295,1.0,,
repeated_shuffle,adam+sparseadam,0,15946715,tuning,67108864,0,fm,11,65,66,10905643,0.1,0,3.9610519651659652,1.0,,
repeated_shuffle,adam+sparseadam,0,15946715,tuning,262144,0,fm,11,65,66,10905643,0.1,1,1.3617962606311667,0.8564315490224732,,
repeated_shuffle,adam+sparseadam,0,15946715,tuning,1048576,0,fm,11,65,66,10905643,0.1,1,4.281720184621535,0.9791673885565266,,
repeated_shuffle,adam+sparseadam,0,15946715,tuning,4194304,0,fm,11,65,66,10905643,0.1,1,9.166504997079546,0.9992065488843725,,
repeated_shuffle,adam+sparseadam,0,15946715,tuning,16777216,0,fm,11,65,66,10905643,0.1,1,8.142760346142182,1.0,,
repeated_shuffle,adam+sparseadam,0,15946715,tuning,67108864,0,fm,11,65,66,10905643,0.1,1,4.005703589894246,1.0,,
repeated_shuffle,adam+sparseadam,0,15946715,tuning,262144,0,fm,11,65,66,10905643,0.1,2,1.3623778748926545,0.8564315490224732,,
repeated_shuffle,adam+sparseadam,0,15946715,tuning,1048576,0,fm,11,65,66,10905643,0.1,2,4.287242788148101,0.9791673885565266,,
repeated_shuffle,adam+sparseadam,0,15946715,tuning,4194304,0,fm,11,65,66,10905643,0.1,2,9.151450157250807,0.9992065488843725,,
repeated_shuffle,adam+sparseadam,0,15946715,tuning,16777216,0,fm,11,65,66,10905643,0.1,2,8.192068743445057,1.0,,
repeated_shuffle,adam+sparseadam,0,15946715,tuning,67108864,0,fm,11,65,66,10905643,0.1,2,3.9618473647618284,1.0,,
repeated_shuffle,adam+sparseadam,0,15946715,tuning,262144,0,fm,11,65,66,10905643,0.1,3,1.3637723967489792,0.8564315490224732,,
repeated_shuffle,adam+sparseadam,0,15946715,tuning,1048576,0,fm,11,65,66,10905643,0.1,3,4.278424523906292,0.9791673885565266,,
repeated_shuffle,adam+sparseadam,0,15946715,tuning,4194304,0,fm,11,65,66,10905643,0.1,3,9.111850278800762,0.9992065488843725,,
repeated_shuffle,adam+sparseadam,0,15946715,tuning,16777216,0,fm,11,65,66,10905643,0.1,3,8.154186791728593,1.0,,
repeated_shuffle,adam+sparseadam,0,15946715,tuning,67108864,0,fm,11,65,66,10905643,0.1,3,3.919098635421061,1.0,,
repeated_shuffle,adam+sparseadam,0,15946715,tuning,262144,0,fm,11,65,66,10905643,0.1,4,1.3635339546108072,0.8564315490224732,,
repeated_shuffle,adam+sparseadam,0,15946715,tuning,1048576,0,fm,11,65,66,10905643,0.1,4,4.301697697299664,0.9791673885565266,,
repeated_shuffle,adam+sparseadam,0,15946715,tuning,4194304,0,fm,11,65,66,10905643,0.1,4,9.113614319186194,0.9992065488843725,,
repeated_shuffle,adam+sparseadam,0,15946715,tuning,16777216,0,fm,11,65,66,10905643,0.1,4,8.117001252324151,1.0,,
repeated_shuffle,adam+sparseadam,0,15946715,tuning,67108864,0,fm,11,65,66,10905643,0.1,4,3.9527709197291974,1.0,,
repeated_shuffle,adam+sparseadam,0,15946715,tuning,262144,0,fm,11,65,66,10905643,0.1,5,1.3594995169609736,0.8564315490224732,,
repeated_shuffle,adam+sparseadam,0,15946715,tuning,1048576,0,fm,11,65,66,10905643,0.1,5,4.300081484030819,0.9791673885565266,,
repeated_shuffle,adam+sparseadam,0,15946715,tuning,4194304,0,fm,11,65,66,10905643,0.1,5,9.104972893995264,0.9992065488843725,,
repeated_shuffle,adam+sparseadam,0,15946715,tuning,16777216,0,fm,11,65,66,10905643,0.1,5,8.155484835745895,1.0,,
repeated_shuffle,adam+sparseadam,0,15946715,tuning,67108864,0,fm,11,65,66,10905643,0.1,5,3.950989509785615,1.0,,
repeated_shuffle,adam+sparseadam,0,15946715,tuning,262144,0,fm,11,65,66,10905643,0.1,6,1.361061023670091,0.8564315490224732,,
repeated_shuffle,adam+sparseadam,0,15946715,tuning,1048576,0,fm,11,65,66,10905643,0.1,6,4.2753751743295405,0.9791673885565266,,
repeated_shuffle,adam+sparseadam,0,15946715,tuning,4194304,0,fm,11,65,66,10905643,0.1,6,9.115448081578725,0.9992065488843725,,
repeated_shuffle,adam+sparseadam,0,15946715,tuning,16777216,0,fm,11,65,66,10905643,0.1,6,8.12537852487461,1.0,,
repeated_shuffle,adam+sparseadam,0,15946715,tuning,67108864,0,fm,11,65,66,10905643,0.1,6,3.962560192206495,1.0,,
repeated_shuffle,adam+sparseadam,0,15946715,tuning,262144,0,fm,11,65,66,10905643,0.1,7,1.3618968752216845,0.8564315490224732,,
repeated_shuffle,adam+sparseadam,0,15946715,tuning,1048576,0,fm,11,65,66,10905643,0.1,7,4.289096863076711,0.9791673885565266,,
repeated_shuffle,adam+sparseadam,0,15946715,tuning,4194304,0,fm,11,65,66,10905643,0.1,7,9.10939835473423,0.9992065488843725,,
repeated_shuffle,adam+sparseadam,0,15946715,tuning,16777216,0,fm,11,65,66,10905643,0.1,7,8.164518428945692,1.0,,
repeated_shuffle,adam+sparseadam,0,15946715,tuning,67108864,0,fm,11,65,66,10905643,0.1,7,3.9590388826674587,1.0,,
repeated_shuffle,adam+sparseadam,0,15946715,tuning,262144,0,spectral,11,0,66,10905708,0.0001,0,1.4453209142868142,0.8564315490224732,,
repeated_shuffle,adam+sparseadam,0,15946715,tuning,1048576,0,spectral,11,0,66,10905708,0.0001,0,1.4088246427089646,0.9791673885565266,,
repeated_shuffle,adam+sparseadam,0,15946715,tuning,4194304,0,spectral,11,0,66,10905708,0.0001,0,1.281316066290135,0.9992065488843725,,
repeated_shuffle,adam+sparseadam,0,15946715,tuning,16777216,0,spectral,11,0,66,10905708,0.0001,0,1.0450879782713913,1.0,,
repeated_shuffle,adam+sparseadam,0,15946715,tuning,67108864,0,spectral,11,0,66,10905708,0.0001,0,0.9713510026346238,1.0,,
repeated_shuffle,adam+sparseadam,0,15946715,tuning,262144,0,spectral,11,0,66,10905708,0.0001,1,1.4360248871165753,0.8564315490224732,,
repeated_shuffle,adam+sparseadam,0,15946715,tuning,1048576,0,spectral,11,0,66,10905708,0.0001,1,1.398718379474525,0.9791673885565266,,
repeated_shuffle,adam+sparseadam,0,15946715,tuning,4194304,0,spectral,11,0,66,10905708,0.0001,1,1.2741955184432245,0.9992065488843725,,
repeated_shuffle,adam+sparseadam,0,15946715,tuning,16777216,0,spectral,11,0,66,10905708,0.0001,1,1.047245316555995,1.0,,
repeated_shuffle,adam+sparseadam,0,15946715,tuning,67108864,0,spectral,11,0,66,10905708,0.0001,1,0.9729725881511849,1.0,,
repeated_shuffle,adam+sparseadam,0,15946715,tuning,262144,0,spectral,11,0,66,10905708,0.0001,2,1.335996330284772,0.8564315490224732,,
repeated_shuffle,adam+sparseadam,0,15946715,tuning,1048576,0,spectral,11,0,66,10905708,0.0001,2,1.303902978240657,0.9791673885565266,,
repeated_shuffle,adam+sparseadam,0,15946715,tuning,4194304,0,spectral,11,0,66,10905708,0.0001,2,1.1986531192195844,0.9992065488843725,,
repeated_shuffle,adam+sparseadam,0,15946715,tuning,16777216,0,spectral,11,0,66,10905708,0.0001,2,1.0349527078700411,1.0,,
repeated_shuffle,adam+sparseadam,0,15946715,tuning,67108864,0,spectral,11,0,66,10905708,0.0001,2,0.9709636228927019,1.0,,
repeated_shuffle,adam+sparseadam,0,15946715,tuning,262144,0,spectral,11,0,66,10905708,0.0001,3,1.4564953015727047,0.8564315490224732,,
repeated_shuffle,adam+sparseadam,0,15946715,tuning,1048576,0,spectral,11,0,66,10905708,0.0001,3,1.41903174556448,0.9791673885565266,,
repeated_shuffle,adam+sparseadam,0,15946715,tuning,4194304,0,spectral,11,0,66,10905708,0.0001,3,1.2896251344793206,0.9992065488843725,,
repeated_shuffle,adam+sparseadam,0,15946715,tuning,16777216,0,spectral,11,0,66,10905708,0.0001,3,1.0480777099925003,1.0,,
repeated_shuffle,adam+sparseadam,0,15946715,tuning,67108864,0,spectral,11,0,66,10905708,0.0001,3,0.9737973600652746,1.0,,
repeated_shuffle,adam+sparseadam,0,15946715,tuning,262144,0,spectral,11,0,66,10905708,0.0001,4,1.3141862501914132,0.8564315490224732,,
repeated_shuffle,adam+sparseadam,0,15946715,tuning,1048576,0,spectral,11,0,66,10905708,0.0001,4,1.2829224796761816,0.9791673885565266,,
repeated_shuffle,adam+sparseadam,0,15946715,tuning,4194304,0,spectral,11,0,66,10905708,0.0001,4,1.1812264201590268,0.9992065488843725,,
repeated_shuffle,adam+sparseadam,0,15946715,tuning,16777216,0,spectral,11,0,66,10905708,0.0001,4,1.033139034264199,1.0,,
repeated_shuffle,adam+sparseadam,0,15946715,tuning,67108864,0,spectral,11,0,66,10905708,0.0001,4,0.9703762905122542,1.0,,
repeated_shuffle,adam+sparseadam,0,15946715,tuning,262144,0,spectral,11,0,66,10905708,0.0001,5,1.2787100296473717,0.8564315490224732,,
repeated_shuffle,adam+sparseadam,0,15946715,tuning,1048576,0,spectral,11,0,66,10905708,0.0001,5,1.2495203992253214,0.9791673885565266,,
repeated_shuffle,adam+sparseadam,0,15946715,tuning,4194304,0,spectral,11,0,66,10905708,0.0001,5,1.1564948416912828,0.9992065488843725,,
repeated_shuffle,adam+sparseadam,0,15946715,tuning,16777216,0,spectral,11,0,66,10905708,0.0001,5,1.0312025077942295,1.0,,
repeated_shuffle,adam+sparseadam,0,15946715,tuning,67108864,0,spectral,11,0,66,10905708,0.0001,5,0.9701280725000434,1.0,,
repeated_shuffle,adam+sparseadam,0,15946715,tuning,262144,0,spectral,11,0,66,10905708,0.0001,6,1.3699877649181977,0.8564315490224732,,
repeated_shuffle,adam+sparseadam,0,15946715,tuning,1048576,0,spectral,11,0,66,10905708,0.0001,6,1.3351066209655162,0.9791673885565266,,
repeated_shuffle,adam+sparseadam,0,15946715,tuning,4194304,0,spectral,11,0,66,10905708,0.0001,6,1.2173153905418692,0.9992065488843725,,
repeated_shuffle,adam+sparseadam,0,15946715,tuning,16777216,0,spectral,11,0,66,10905708,0.0001,6,1.0367058141677665,1.0,,
repeated_shuffle,adam+sparseadam,0,15946715,tuning,67108864,0,spectral,11,0,66,10905708,0.0001,6,0.9699465746207602,1.0,,
repeated_shuffle,adam+sparseadam,0,15946715,tuning,262144,0,spectral,11,0,66,10905708,0.0001,7,1.246135507199228,0.8564315490224732,,
repeated_shuffle,adam+sparseadam,0,15946715,tuning,1048576,0,spectral,11,0,66,10905708,0.0001,7,1.2207546115557963,0.9791673885565266,,
repeated_shuffle,adam+sparseadam,0,15946715,tuning,4194304,0,spectral,11,0,66,10905708,0.0001,7,1.1415741388190426,0.9992065488843725,,
repeated_shuffle,adam+sparseadam,0,15946715,tuning,16777216,0,spectral,11,0,66,10905708,0.0001,7,1.0314721695941158,1.0,,
repeated_shuffle,adam+sparseadam,0,15946715,tuning,67108864,0,spectral,11,0,66,10905708,0.0001,7,0.9723401656366055,1.0,,
repeated_shuffle,adam+sparseadam,0,15946715,tuning,262144,0,spectral,11,0,66,10905708,0.00026826957952797245,0,1.4252760284499986,0.8564315490224732,,
repeated_shuffle,adam+sparseadam,0,15946715,tuning,1048576,0,spectral,11,0,66,10905708,0.00026826957952797245,0,1.3346288143675868,0.9791673885565266,,
repeated_shuffle,adam+sparseadam,0,15946715,tuning,4194304,0,spectral,11,0,66,10905708,0.00026826957952797245,0,1.10251590912308,0.9992065488843725,,
repeated_shuffle,adam+sparseadam,0,15946715,tuning,16777216,0,spectral,11,0,66,10905708,0.00026826957952797245,0,0.980113941642812,1.0,,
repeated_shuffle,adam+sparseadam,0,15946715,tuning,67108864,0,spectral,11,0,66,10905708,0.00026826957952797245,0,0.9208193584814989,1.0,,
repeated_shuffle,adam+sparseadam,0,15946715,tuning,262144,0,spectral,11,0,66,10905708,0.00026826957952797245,1,1.4153840804846989,0.8564315490224732,,
repeated_shuffle,adam+sparseadam,0,15946715,tuning,1048576,0,spectral,11,0,66,10905708,0.00026826957952797245,1,1.3251924221017146,0.9791673885565266,,
repeated_shuffle,adam+sparseadam,0,15946715,tuning,4194304,0,spectral,11,0,66,10905708,0.00026826957952797245,1,1.1058290055978302,0.9992065488843725,,
repeated_shuffle,adam+sparseadam,0,15946715,tuning,16777216,0,spectral,11,0,66,10905708,0.00026826957952797245,1,0.9818019043578327,1.0,,
repeated_shuffle,adam+sparseadam,0,15946715,tuning,67108864,0,spectral,11,0,66,10905708,0.00026826957952797245,1,0.923183027070581,1.0,,
repeated_shuffle,adam+sparseadam,0,15946715,tuning,262144,0,spectral,11,0,66,10905708,0.00026826957952797245,2,1.318228095189522,0.8564315490224732,,
repeated_shuffle,adam+sparseadam,0,15946715,tuning,1048576,0,spectral,11,0,66,10905708,0.00026826957952797245,2,1.2410850356723155,0.9791673885565266,,
repeated_shuffle,adam+sparseadam,0,15946715,tuning,4194304,0,spectral,11,0,66,10905708,0.00026826957952797245,2,1.0718602273204616,0.9992065488843725,,
repeated_shuffle,adam+sparseadam,0,15946715,tuning,16777216,0,spectral,11,0,66,10905708,0.00026826957952797245,2,0.9792207607921323,1.0,,
repeated_shuffle,adam+sparseadam,0,15946715,tuning,67108864,0,spectral,11,0,66,10905708,0.00026826957952797245,2,0.9222714955284221,1.0,,
repeated_shuffle,adam+sparseadam,0,15946715,tuning,262144,0,spectral,11,0,66,10905708,0.00026826957952797245,3,1.4359098354310718,0.8564315490224732,,
repeated_shuffle,adam+sparseadam,0,15946715,tuning,1048576,0,spectral,11,0,66,10905708,0.00026826957952797245,3,1.3433941207530868,0.9791673885565266,,
repeated_shuffle,adam+sparseadam,0,15946715,tuning,4194304,0,spectral,11,0,66,10905708,0.00026826957952797245,3,1.1092096560989297,0.9992065488843725,,
repeated_shuffle,adam+sparseadam,0,15946715,tuning,16777216,0,spectral,11,0,66,10905708,0.00026826957952797245,3,0.9827046156922334,1.0,,
repeated_shuffle,adam+sparseadam,0,15946715,tuning,67108864,0,spectral,11,0,66,10905708,0.00026826957952797245,3,0.9253783218304851,1.0,,
repeated_shuffle,adam+sparseadam,0,15946715,tuning,262144,0,spectral,11,0,66,10905708,0.00026826957952797245,4,1.2968517947109104,0.8564315490224732,,
repeated_shuffle,adam+sparseadam,0,15946715,tuning,1048576,0,spectral,11,0,66,10905708,0.00026826957952797245,4,1.2219556926271653,0.9791673885565266,,
repeated_shuffle,adam+sparseadam,0,15946715,tuning,4194304,0,spectral,11,0,66,10905708,0.00026826957952797245,4,1.06412702728454,0.9992065488843725,,
repeated_shuffle,adam+sparseadam,0,15946715,tuning,16777216,0,spectral,11,0,66,10905708,0.00026826957952797245,4,0.9782717366686353,1.0,,
repeated_shuffle,adam+sparseadam,0,15946715,tuning,67108864,0,spectral,11,0,66,10905708,0.00026826957952797245,4,0.921137723192327,1.0,,
repeated_shuffle,adam+sparseadam,0,15946715,tuning,262144,0,spectral,11,0,66,10905708,0.00026826957952797245,5,1.2624650228932535,0.8564315490224732,,
repeated_shuffle,adam+sparseadam,0,15946715,tuning,1048576,0,spectral,11,0,66,10905708,0.00026826957952797245,5,1.1934811384412976,0.9791673885565266,,
repeated_shuffle,adam+sparseadam,0,15946715,tuning,4194304,0,spectral,11,0,66,10905708,0.00026826957952797245,5,1.0566641557510408,0.9992065488843725,,
repeated_shuffle,adam+sparseadam,0,15946715,tuning,16777216,0,spectral,11,0,66,10905708,0.00026826957952797245,5,0.9776959371616623,1.0,,
repeated_shuffle,adam+sparseadam,0,15946715,tuning,67108864,0,spectral,11,0,66,10905708,0.00026826957952797245,5,0.9207092861998049,1.0,,
repeated_shuffle,adam+sparseadam,0,15946715,tuning,262144,0,spectral,11,0,66,10905708,0.00026826957952797245,6,1.3506804374172439,0.8564315490224732,,
repeated_shuffle,adam+sparseadam,0,15946715,tuning,1048576,0,spectral,11,0,66,10905708,0.00026826957952797245,6,1.2654861050609207,0.9791673885565266,,
repeated_shuffle,adam+sparseadam,0,15946715,tuning,4194304,0,spectral,11,0,66,10905708,0.00026826957952797245,6,1.0744508875321077,0.9992065488843725,,
repeated_shuffle,adam+sparseadam,0,15946715,tuning,16777216,0,spectral,11,0,66,10905708,0.00026826957952797245,6,0.9778876060602051,1.0,,
repeated_shuffle,adam+sparseadam,0,15946715,tuning,67108864,0,spectral,11,0,66,10905708,0.00026826957952797245,6,0.91888130512363,1.0,,
repeated_shuffle,adam+sparseadam,0,15946715,tuning,262144,0,spectral,11,0,66,10905708,0.00026826957952797245,7,1.2319617518072712,0.8564315490224732,,
repeated_shuffle,adam+sparseadam,0,15946715,tuning,1048576,0,spectral,11,0,66,10905708,0.00026826957952797245,7,1.1727286256909348,0.9791673885565266,,
repeated_shuffle,adam+sparseadam,0,15946715,tuning,4194304,0,spectral,11,0,66,10905708,0.00026826957952797245,7,1.0554997532393413,0.9992065488843725,,
repeated_shuffle,adam+sparseadam,0,15946715,tuning,16777216,0,spectral,11,0,66,10905708,0.00026826957952797245,7,0.9801102417993494,1.0,,
repeated_shuffle,adam+sparseadam,0,15946715,tuning,67108864,0,spectral,11,0,66,10905708,0.00026826957952797245,7,0.9251524640929233,1.0,,
repeated_shuffle,adam+sparseadam,0,15946715,tuning,262144,0,spectral,11,0,66,10905708,0.0007196856730011522,0,1.374096002500987,0.8564315490224732,,
repeated_shuffle,adam+sparseadam,0,15946715,tuning,1048576,0,spectral,11,0,66,10905708,0.0007196856730011522,0,1.1807266963841803,0.9791673885565266,,
repeated_shuffle,adam+sparseadam,0,15946715,tuning,4194304,0,spectral,11,0,66,10905708,0.0007196856730011522,0,0.999938134083899,0.9992065488843725,,
repeated_shuffle,adam+sparseadam,0,15946715,tuning,16777216,0,spectral,11,0,66,10905708,0.0007196856730011522,0,0.9258922046121864,1.0,,
repeated_shuffle,adam+sparseadam,0,15946715,tuning,67108864,0,spectral,11,0,66,10905708,0.0007196856730011522,0,0.8834876036658601,1.0,,
repeated_shuffle,adam+sparseadam,0,15946715,tuning,262144,0,spectral,11,0,66,10905708,0.0007196856730011522,1,1.3637173742599729,0.8564315490224732,,
repeated_shuffle,adam+sparseadam,0,15946715,tuning,1048576,0,spectral,11,0,66,10905708,0.0007196856730011522,1,1.1797426932347101,0.9791673885565266,,
repeated_shuffle,adam+sparseadam,0,15946715,tuning,4194304,0,spectral,11,0,66,10905708,0.0007196856730011522,1,1.0014206500608138,0.9992065488843725,,
repeated_shuffle,adam+sparseadam,0,15946715,tuning,16777216,0,spectral,11,0,66,10905708,0.0007196856730011522,1,0.9281767667658836,1.0,,
repeated_shuffle,adam+sparseadam,0,15946715,tuning,67108864,0,spectral,11,0,66,10905708,0.0007196856730011522,1,0.8848967019771268,1.0,,
repeated_shuffle,adam+sparseadam,0,15946715,tuning,262144,0,spectral,11,0,66,10905708,0.0007196856730011522,2,1.273804091596191,0.8564315490224732,,
repeated_shuffle,adam+sparseadam,0,15946715,tuning,1048576,0,spectral,11,0,66,10905708,0.0007196856730011522,2,1.1239057872639784,0.9791673885565266,,
repeated_shuffle,adam+sparseadam,0,15946715,tuning,4194304,0,spectral,11,0,66,10905708,0.0007196856730011522,2,0.9972068837875017,0.9992065488843725,,
repeated_shuffle,adam+sparseadam,0,15946715,tuning,16777216,0,spectral,11,0,66,10905708,0.0007196856730011522,2,0.9269593567156463,1.0,,
repeated_shuffle,adam+sparseadam,0,15946715,tuning,67108864,0,spectral,11,0,66,10905708,0.0007196856730011522,2,0.8850471764036208,1.0,,
repeated_shuffle,adam+sparseadam,0,15946715,tuning,262144,0,spectral,11,0,66,10905708,0.0007196856730011522,3,1.383638400791507,0.8564315490224732,,
repeated_shuffle,adam+sparseadam,0,15946715,tuning,1048576,0,spectral,11,0,66,10905708,0.0007196856730011522,3,1.1875126928352595,0.9791673885565266,,
repeated_shuffle,adam+sparseadam,0,15946715,tuning,4194304,0,spectral,11,0,66,10905708,0.0007196856730011522,3,1.0019975672392711,0.9992065488843725,,
repeated_shuffle,adam+sparseadam,0,15946715,tuning,16777216,0,spectral,11,0,66,10905708,0.0007196856730011522,3,0.9300797480552783,1.0,,
repeated_shuffle,adam+sparseadam,0,15946715,tuning,67108864,0,spectral,11,0,66,10905708,0.0007196856730011522,3,0.8870610491112696,1.0,,
repeated_shuffle,adam+sparseadam,0,15946715,tuning,262144,0,spectral,11,0,66,10905708,0.0007196856730011522,4,1.2536397429094288,0.8564315490224732,,
repeated_shuffle,adam+sparseadam,0,15946715,tuning,1048576,0,spectral,11,0,66,10905708,0.0007196856730011522,4,1.1109245298820671,0.9791673885565266,,
repeated_shuffle,adam+sparseadam,0,15946715,tuning,4194304,0,spectral,11,0,66,10905708,0.0007196856730011522,4,0.9959041141106868,0.9992065488843725,,
repeated_shuffle,adam+sparseadam,0,15946715,tuning,16777216,0,spectral,11,0,66,10905708,0.0007196856730011522,4,0.925949170570268,1.0,,
repeated_shuffle,adam+sparseadam,0,15946715,tuning,67108864,0,spectral,11,0,66,10905708,0.0007196856730011522,4,0.8843991205299727,1.0,,
repeated_shuffle,adam+sparseadam,0,15946715,tuning,262144,0,spectral,11,0,66,10905708,0.0007196856730011522,5,1.2223856946822969,0.8564315490224732,,
repeated_shuffle,adam+sparseadam,0,15946715,tuning,1048576,0,spectral,11,0,66,10905708,0.0007196856730011522,5,1.0958558041900628,0.9791673885565266,,
repeated_shuffle,adam+sparseadam,0,15946715,tuning,4194304,0,spectral,11,0,66,10905708,0.0007196856730011522,5,0.9949379584525972,0.9992065488843725,,
repeated_shuffle,adam+sparseadam,0,15946715,tuning,16777216,0,spectral,11,0,66,10905708,0.0007196856730011522,5,0.9255552823642185,1.0,,
repeated_shuffle,adam+sparseadam,0,15946715,tuning,67108864,0,spectral,11,0,66,10905708,0.0007196856730011522,5,0.8840994938612631,1.0,,
repeated_shuffle,adam+sparseadam,0,15946715,tuning,262144,0,spectral,11,0,66,10905708,0.0007196856730011522,6,1.301871361777984,0.8564315490224732,,
repeated_shuffle,adam+sparseadam,0,15946715,tuning,1048576,0,spectral,11,0,66,10905708,0.0007196856730011522,6,1.1325574671487,0.9791673885565266,,
repeated_shuffle,adam+sparseadam,0,15946715,tuning,4194304,0,spectral,11,0,66,10905708,0.0007196856730011522,6,0.9966637831505483,0.9992065488843725,,
repeated_shuffle,adam+sparseadam,0,15946715,tuning,16777216,0,spectral,11,0,66,10905708,0.0007196856730011522,6,0.9242054008362719,1.0,,
repeated_shuffle,adam+sparseadam,0,15946715,tuning,67108864,0,spectral,11,0,66,10905708,0.0007196856730011522,6,0.8822023457003518,1.0,,
repeated_shuffle,adam+sparseadam,0,15946715,tuning,262144,0,spectral,11,0,66,10905708,0.0007196856730011522,7,1.1972731355211508,0.8564315490224732,,
repeated_shuffle,adam+sparseadam,0,15946715,tuning,1048576,0,spectral,11,0,66,10905708,0.0007196856730011522,7,1.0900738045121676,0.9791673885565266,,
repeated_shuffle,adam+sparseadam,0,15946715,tuning,4194304,0,spectral,11,0,66,10905708,0.0007196856730011522,7,0.9968741757690963,0.9992065488843725,,
repeated_shuffle,adam+sparseadam,0,15946715,tuning,16777216,0,spectral,11,0,66,10905708,0.0007196856730011522,7,0.9295570518024908,1.0,,
repeated_shuffle,adam+sparseadam,0,15946715,tuning,67108864,0,spectral,11,0,66,10905708,0.0007196856730011522,7,0.8879334244022695,1.0,,
repeated_shuffle,adam+sparseadam,0,15946715,tuning,262144,0,spectral,11,0,66,10905708,0.0019306977288832496,0,1.2555050838889021,0.8564315490224732,,
repeated_shuffle,adam+sparseadam,0,15946715,tuning,1048576,0,spectral,11,0,66,10905708,0.0019306977288832496,0,1.0321720053243757,0.9791673885565266,,
repeated_shuffle,adam+sparseadam,0,15946715,tuning,4194304,0,spectral,11,0,66,10905708,0.0019306977288832496,0,0.9451708308043041,0.9992065488843725,,
repeated_shuffle,adam+sparseadam,0,15946715,tuning,16777216,0,spectral,11,0,66,10905708,0.0019306977288832496,0,0.887322128195571,1.0,,
repeated_shuffle,adam+sparseadam,0,15946715,tuning,67108864,0,spectral,11,0,66,10905708,0.0019306977288832496,0,0.8688195639054802,1.0,,
repeated_shuffle,adam+sparseadam,0,15946715,tuning,262144,0,spectral,11,0,66,10905708,0.0019306977288832496,1,1.2492743304623823,0.8564315490224732,,
repeated_shuffle,adam+sparseadam,0,15946715,tuning,1048576,0,spectral,11,0,66,10905708,0.0019306977288832496,1,1.0336951457680967,0.9791673885565266,,
repeated_shuffle,adam+sparseadam,0,15946715,tuning,4194304,0,spectral,11,0,66,10905708,0.0019306977288832496,1,0.947161642240961,0.9992065488843725,,
repeated_shuffle,adam+sparseadam,0,15946715,tuning,16777216,0,spectral,11,0,66,10905708,0.0019306977288832496,1,0.8883732275061236,1.0,,
repeated_shuffle,adam+sparseadam,0,15946715,tuning,67108864,0,spectral,11,0,66,10905708,0.0019306977288832496,1,0.869454631084095,1.0,,
repeated_shuffle,adam+sparseadam,0,15946715,tuning,262144,0,spectral,11,0,66,10905708,0.0019306977288832496,2,1.1773201883540703,0.8564315490224732,,
repeated_shuffle,adam+sparseadam,0,15946715,tuning,1048576,0,spectral,11,0,66,10905708,0.0019306977288832496,2,1.0249024965958784,0.9791673885565266,,
repeated_shuffle,adam+sparseadam,0,15946715,tuning,4194304,0,spectral,11,0,66,10905708,0.0019306977288832496,2,0.9453039239361497,0.9992065488843725,,
repeated_shuffle,adam+sparseadam,0,15946715,tuning,16777216,0,spectral,11,0,66,10905708,0.0019306977288832496,2,0.8877374663311604,1.0,,
repeated_shuffle,adam+sparseadam,0,15946715,tuning,67108864,0,spectral,11,0,66,10905708,0.0019306977288832496,2,0.8700758104942061,1.0,,
repeated_shuffle,adam+sparseadam,0,15946715,tuning,262144,0,spectral,11,0,66,10905708,0.0019306977288832496,3,1.2631659868871052,0.8564315490224732,,
repeated_shuffle,adam+sparseadam,0,15946715,tuning,1048576,0,spectral,11,0,66,10905708,0.0019306977288832496,3,1.033962796607988,0.9791673885565266,,
repeated_shuffle,adam+sparseadam,0,15946715,tuning,4194304,0,spectral,11,0,66,10905708,0.0019306977288832496,3,0.9480950338912181,0.9992065488843725,,
repeated_shuffle,adam+sparseadam,0,15946715,tuning,16777216,0,spectral,11,0,66,10905708,0.0019306977288832496,3,0.8897101931051179,1.0,,
repeated_shuffle,adam+sparseadam,0,15946715,tuning,67108864,0,spectral,11,0,66,10905708,0.0019306977288832496,3,0.8713866085976827,1.0,,
repeated_shuffle,adam+sparseadam,0,15946715,tuning,262144,0,spectral,11,0,66,10905708,0.0019306977288832496,4,1.1611270986756557,0.8564315490224732,,
repeated_shuffle,adam+sparseadam,0,15946715,tuning,1048576,0,spectral,11,0,66,10905708,0.0019306977288832496,4,1.0236560151557021,0.9791673885565266,,
repeated_shuffle,adam+sparseadam,0,15946715,tuning,4194304,0,spectral,11,0,66,10905708,0.0019306977288832496,4,0.9446676781645086,0.9992065488843725,,
repeated_shuffle,adam+sparseadam,0,15946715,tuning,16777216,0,spectral,11,0,66,10905708,0.0019306977288832496,4,0.8876989440884742,1.0,,
repeated_shuffle,adam+sparseadam,0,15946715,tuning,67108864,0,spectral,11,0,66,10905708,0.0019306977288832496,4,0.8697370989219368,1.0,,
repeated_shuffle,adam+sparseadam,0,15946715,tuning,262144,0,spectral,11,0,66,10905708,0.0019306977288832496,5,1.1390640877351923,0.8564315490224732,,
repeated_shuffle,adam+sparseadam,0,15946715,tuning,1048576,0,spectral,11,0,66,10905708,0.0019306977288832496,5,1.0219897084174243,0.9791673885565266,,
repeated_shuffle,adam+sparseadam,0,15946715,tuning,4194304,0,spectral,11,0,66,10905708,0.0019306977288832496,5,0.9444615339615252,0.9992065488843725,,
repeated_shuffle,adam+sparseadam,0,15946715,tuning,16777216,0,spectral,11,0,66,10905708,0.0019306977288832496,5,0.8875194655398355,1.0,,
repeated_shuffle,adam+sparseadam,0,15946715,tuning,67108864,0,spectral,11,0,66,10905708,0.0019306977288832496,5,0.8687576875376626,1.0,,
repeated_shuffle,adam+sparseadam,0,15946715,tuning,262144,0,spectral,11,0,66,10905708,0.0019306977288832496,6,1.1935886682383443,0.8564315490224732,,
repeated_shuffle,adam+sparseadam,0,15946715,tuning,1048576,0,spectral,11,0,66,10905708,0.0019306977288832496,6,1.0265645580068716,0.9791673885565266,,
repeated_shuffle,adam+sparseadam,0,15946715,tuning,4194304,0,spectral,11,0,66,10905708,0.0019306977288832496,6,0.9441251840103012,0.9992065488843725,,
repeated_shuffle,adam+sparseadam,0,15946715,tuning,16777216,0,spectral,11,0,66,10905708,0.0019306977288832496,6,0.8862823711226416,1.0,,
repeated_shuffle,adam+sparseadam,0,15946715,tuning,67108864,0,spectral,11,0,66,10905708,0.0019306977288832496,6,0.8667189427289359,1.0,,
repeated_shuffle,adam+sparseadam,0,15946715,tuning,262144,0,spectral,11,0,66,10905708,0.0019306977288832496,7,1.1263900122646797,0.8564315490224732,,
repeated_shuffle,adam+sparseadam,0,15946715,tuning,1048576,0,spectral,11,0,66,10905708,0.0019306977288832496,7,1.0224076446055401,0.9791673885565266,,
repeated_shuffle,adam+sparseadam,0,15946715,tuning,4194304,0,spectral,11,0,66,10905708,0.0019306977288832496,7,0.9473677486476398,0.9992065488843725,,
repeated_shuffle,adam+sparseadam,0,15946715,tuning,16777216,0,spectral,11,0,66,10905708,0.0019306977288832496,7,0.8901210075981971,1.0,,
repeated_shuffle,adam+sparseadam,0,15946715,tuning,67108864,0,spectral,11,0,66,10905708,0.0019306977288832496,7,0.8728513920734837,1.0,,
repeated_shuffle,adam+sparseadam,0,15946715,tuning,262144,0,spectral,11,0,66,10905708,0.005179474679231213,0,1.0758385494320033,0.8564315490224732,,
repeated_shuffle,adam+sparseadam,0,15946715,tuning,1048576,0,spectral,11,0,66,10905708,0.005179474679231213,0,0.9766892139886055,0.9791673885565266,,
repeated_shuffle,adam+sparseadam,0,15946715,tuning,4194304,0,spectral,11,0,66,10905708,0.005179474679231213,0,0.9142653933008807,0.9992065488843725,,
repeated_shuffle,adam+sparseadam,0,15946715,tuning,16777216,0,spectral,11,0,66,10905708,0.005179474679231213,0,0.8801451919793182,1.0,,
repeated_shuffle,adam+sparseadam,0,15946715,tuning,67108864,0,spectral,11,0,66,10905708,0.005179474679231213,0,0.8664538981962694,1.0,,
repeated_shuffle,adam+sparseadam,0,15946715,tuning,262144,0,spectral,11,0,66,10905708,0.005179474679231213,1,1.0790929920075047,0.8564315490224732,,
repeated_shuffle,adam+sparseadam,0,15946715,tuning,1048576,0,spectral,11,0,66,10905708,0.005179474679231213,1,0.9782750313142633,0.9791673885565266,,
repeated_shuffle,adam+sparseadam,0,15946715,tuning,4194304,0,spectral,11,0,66,10905708,0.005179474679231213,1,0.9149146526108544,0.9992065488843725,,
repeated_shuffle,adam+sparseadam,0,15946715,tuning,16777216,0,spectral,11,0,66,10905708,0.005179474679231213,1,0.8800185789783641,1.0,,
repeated_shuffle,adam+sparseadam,0,15946715,tuning,67108864,0,spectral,11,0,66,10905708,0.005179474679231213,1,0.8682741066263615,1.0,,
repeated_shuffle,adam+sparseadam,0,15946715,tuning,262144,0,spectral,11,0,66,10905708,0.005179474679231213,2,1.0554096516716618,0.8564315490224732,,
repeated_shuffle,adam+sparseadam,0,15946715,tuning,1048576,0,spectral,11,0,66,10905708,0.005179474679231213,2,0.9755894403446626,0.9791673885565266,,
repeated_shuffle,adam+sparseadam,0,15946715,tuning,4194304,0,spectral,11,0,66,10905708,0.005179474679231213,2,0.913646443273021,0.9992065488843725,,
repeated_shuffle,adam+sparseadam,0,15946715,tuning,16777216,0,spectral,11,0,66,10905708,0.005179474679231213,2,0.8795781806987869,1.0,,
repeated_shuffle,adam+sparseadam,0,15946715,tuning,67108864,0,spectral,11,0,66,10905708,0.005179474679231213,2,0.8673170591425389,1.0,,
repeated_shuffle,adam+sparseadam,0,15946715,tuning,262144,0,spectral,11,0,66,10905708,0.005179474679231213,3,1.0793778068236337,0.8564315490224732,,
repeated_shuffle,adam+sparseadam,0,15946715,tuning,1048576,0,spectral,11,0,66,10905708,0.005179474679231213,3,0.9780989427023701,0.9791673885565266,,
repeated_shuffle,adam+sparseadam,0,15946715,tuning,4194304,0,spectral,11,0,66,10905708,0.005179474679231213,3,0.9149148888457337,0.9992065488843725,,
repeated_shuffle,adam+sparseadam,0,15946715,tuning,16777216,0,spectral,11,0,66,10905708,0.005179474679231213,3,0.879753754241638,1.0,,
repeated_shuffle,adam+sparseadam,0,15946715,tuning,67108864,0,spectral,11,0,66,10905708,0.005179474679231213,3,0.8680077684767501,1.0,,
repeated_shuffle,adam+sparseadam,0,15946715,tuning,262144,0,spectral,11,0,66,10905708,0.005179474679231213,4,1.052273963527394,0.8564315490224732,,
repeated_shuffle,adam+sparseadam,0,15946715,tuning,1048576,0,spectral,11,0,66,10905708,0.005179474679231213,4,0.9754720456367125,0.9791673885565266,,
repeated_shuffle,adam+sparseadam,0,15946715,tuning,4194304,0,spectral,11,0,66,10905708,0.005179474679231213,4,0.9139521930300868,0.9992065488843725,,
repeated_shuffle,adam+sparseadam,0,15946715,tuning,16777216,0,spectral,11,0,66,10905708,0.005179474679231213,4,0.8805194431890656,1.0,,
repeated_shuffle,adam+sparseadam,0,15946715,tuning,67108864,0,spectral,11,0,66,10905708,0.005179474679231213,4,0.8668027590826696,1.0,,
repeated_shuffle,adam+sparseadam,0,15946715,tuning,262144,0,spectral,11,0,66,10905708,0.005179474679231213,5,1.0494074826689368,0.8564315490224732,,
repeated_shuffle,adam+sparseadam,0,15946715,tuning,1048576,0,spectral,11,0,66,10905708,0.005179474679231213,5,0.9750807853049313,0.9791673885565266,,
repeated_shuffle,adam+sparseadam,0,15946715,tuning,4194304,0,spectral,11,0,66,10905708,0.005179474679231213,5,0.9138559593274301,0.9992065488843725,,
repeated_shuffle,adam+sparseadam,0,15946715,tuning,16777216,0,spectral,11,0,66,10905708,0.005179474679231213,5,0.879869994656089,1.0,,
repeated_shuffle,adam+sparseadam,0,15946715,tuning,67108864,0,spectral,11,0,66,10905708,0.005179474679231213,5,0.8668081199675084,1.0,,
repeated_shuffle,adam+sparseadam,0,15946715,tuning,262144,0,spectral,11,0,66,10905708,0.005179474679231213,6,1.0589834146912527,0.8564315490224732,,
repeated_shuffle,adam+sparseadam,0,15946715,tuning,1048576,0,spectral,11,0,66,10905708,0.005179474679231213,6,0.9756811604080176,0.9791673885565266,,
repeated_shuffle,adam+sparseadam,0,15946715,tuning,4194304,0,spectral,11,0,66,10905708,0.005179474679231213,6,0.914360201813884,0.9992065488843725,,
repeated_shuffle,adam+sparseadam,0,15946715,tuning,16777216,0,spectral,11,0,66,10905708,0.005179474679231213,6,0.8792819206525511,1.0,,
repeated_shuffle,adam+sparseadam,0,15946715,tuning,67108864,0,spectral,11,0,66,10905708,0.005179474679231213,6,0.865301264876088,1.0,,
repeated_shuffle,adam+sparseadam,0,15946715,tuning,262144,0,spectral,11,0,66,10905708,0.005179474679231213,7,1.0478687847278756,0.8564315490224732,,
repeated_shuffle,adam+sparseadam,0,15946715,tuning,1048576,0,spectral,11,0,66,10905708,0.005179474679231213,7,0.9764512915411561,0.9791673885565266,,
repeated_shuffle,adam+sparseadam,0,15946715,tuning,4194304,0,spectral,11,0,66,10905708,0.005179474679231213,7,0.9152409476186633,0.9992065488843725,,
repeated_shuffle,adam+sparseadam,0,15946715,tuning,16777216,0,spectral,11,0,66,10905708,0.005179474679231213,7,0.8810672079805111,1.0,,
repeated_shuffle,adam+sparseadam,0,15946715,tuning,67108864,0,spectral,11,0,66,10905708,0.005179474679231213,7,0.8700499554095779,1.0,,
repeated_shuffle,adam+sparseadam,0,15946715,tuning,262144,0,spectral,11,0,66,10905708,0.013894954943731374,0,1.0108018277400583,0.8564315490224732,,
repeated_shuffle,adam+sparseadam,0,15946715,tuning,1048576,0,spectral,11,0,66,10905708,0.013894954943731374,0,0.9516545988409177,0.9791673885565266,,
repeated_shuffle,adam+sparseadam,0,15946715,tuning,4194304,0,spectral,11,0,66,10905708,0.013894954943731374,0,0.9258865788887689,0.9992065488843725,,
repeated_shuffle,adam+sparseadam,0,15946715,tuning,16777216,0,spectral,11,0,66,10905708,0.013894954943731374,0,0.9185057209039114,1.0,,
repeated_shuffle,adam+sparseadam,0,15946715,tuning,67108864,0,spectral,11,0,66,10905708,0.013894954943731374,0,0.9035403652014415,1.0,,
repeated_shuffle,adam+sparseadam,0,15946715,tuning,262144,0,spectral,11,0,66,10905708,0.013894954943731374,1,1.0113983495337338,0.8564315490224732,,
repeated_shuffle,adam+sparseadam,0,15946715,tuning,1048576,0,spectral,11,0,66,10905708,0.013894954943731374,1,0.9519922634561838,0.9791673885565266,,
repeated_shuffle,adam+sparseadam,0,15946715,tuning,4194304,0,spectral,11,0,66,10905708,0.013894954943731374,1,0.924499024591327,0.9992065488843725,,
repeated_shuffle,adam+sparseadam,0,15946715,tuning,16777216,0,spectral,11,0,66,10905708,0.013894954943731374,1,0.9187695768343135,1.0,,
repeated_shuffle,adam+sparseadam,0,15946715,tuning,67108864,0,spectral,11,0,66,10905708,0.013894954943731374,1,0.9042834799203631,1.0,,
repeated_shuffle,adam+sparseadam,0,15946715,tuning,262144,0,spectral,11,0,66,10905708,0.013894954943731374,2,1.0083015198110041,0.8564315490224732,,
repeated_shuffle,adam+sparseadam,0,15946715,tuning,1048576,0,spectral,11,0,66,10905708,0.013894954943731374,2,0.9506802619093458,0.9791673885565266,,
repeated_shuffle,adam+sparseadam,0,15946715,tuning,4194304,0,spectral,11,0,66,10905708,0.013894954943731374,2,0.9242492810589586,0.9992065488843725,,
repeated_shuffle,adam+sparseadam,0,15946715,tuning,16777216,0,spectral,11,0,66,10905708,0.013894954943731374,2,0.9180988133308384,1.0,,
repeated_shuffle,adam+sparseadam,0,15946715,tuning,67108864,0,spectral,11,0,66,10905708,0.013894954943731374,2,0.9034612760942053,1.0,,
repeated_shuffle,adam+sparseadam,0,15946715,tuning,262144,0,spectral,11,0,66,10905708,0.013894954943731374,3,1.0110166829925693,0.8564315490224732,,
repeated_shuffle,adam+sparseadam,0,15946715,tuning,1048576,0,spectral,11,0,66,10905708,0.013894954943731374,3,0.9513695645260046,0.9791673885565266,,
repeated_shuffle,adam+sparseadam,0,15946715,tuning,4194304,0,spectral,11,0,66,10905708,0.013894954943731374,3,0.9247797380121702,0.9992065488843725,,
repeated_shuffle,adam+sparseadam,0,15946715,tuning,16777216,0,spectral,11,0,66,10905708,0.013894954943731374,3,0.9174397675320028,1.0,,
repeated_shuffle,adam+sparseadam,0,15946715,tuning,67108864,0,spectral,11,0,66,10905708,0.013894954943731374,3,0.9023270465251724,1.0,,
repeated_shuffle,adam+sparseadam,0,15946715,tuning,262144,0,spectral,11,0,66,10905708,0.013894954943731374,4,1.008395944882673,0.8564315490224732,,
repeated_shuffle,adam+sparseadam,0,15946715,tuning,1048576,0,spectral,11,0,66,10905708,0.013894954943731374,4,0.9511470766658298,0.9791673885565266,,
repeated_shuffle,adam+sparseadam,0,15946715,tuning,4194304,0,spectral,11,0,66,10905708,0.013894954943731374,4,0.9241109806010561,0.9992065488843725,,
repeated_shuffle,adam+sparseadam,0,15946715,tuning,16777216,0,spectral,11,0,66,10905708,0.013894954943731374,4,0.9192394785085908,1.0,,
repeated_shuffle,adam+sparseadam,0,15946715,tuning,67108864,0,spectral,11,0,66,10905708,0.013894954943731374,4,0.9042637758168331,1.0,,
repeated_shuffle,adam+sparseadam,0,15946715,tuning,262144,0,spectral,11,0,66,10905708,0.013894954943731374,5,1.0082196004884676,0.8564315490224732,,
repeated_shuffle,adam+sparseadam,0,15946715,tuning,1048576,0,spectral,11,0,66,10905708,0.013894954943731374,5,0.9510170234115548,0.9791673885565266,,
repeated_shuffle,adam+sparseadam,0,15946715,tuning,4194304,0,spectral,11,0,66,10905708,0.013894954943731374,5,0.9247753492397761,0.9992065488843725,,
repeated_shuffle,adam+sparseadam,0,15946715,tuning,16777216,0,spectral,11,0,66,10905708,0.013894954943731374,5,0.9194782664569637,1.0,,
repeated_shuffle,adam+sparseadam,0,15946715,tuning,67108864,0,spectral,11,0,66,10905708,0.013894954943731374,5,0.9038162827779568,1.0,,
repeated_shuffle,adam+sparseadam,0,15946715,tuning,262144,0,spectral,11,0,66,10905708,0.013894954943731374,6,1.009411734192686,0.8564315490224732,,
repeated_shuffle,adam+sparseadam,0,15946715,tuning,1048576,0,spectral,11,0,66,10905708,0.013894954943731374,6,0.9517646998782744,0.9791673885565266,,
repeated_shuffle,adam+sparseadam,0,15946715,tuning,4194304,0,spectral,11,0,66,10905708,0.013894954943731374,6,0.9252088954492614,0.9992065488843725,,
repeated_shuffle,adam+sparseadam,0,15946715,tuning,16777216,0,spectral,11,0,66,10905708,0.013894954943731374,6,0.9194887568677779,1.0,,
repeated_shuffle,adam+sparseadam,0,15946715,tuning,67108864,0,spectral,11,0,66,10905708,0.013894954943731374,6,0.9050793043561506,1.0,,
repeated_shuffle,adam+sparseadam,0,15946715,tuning,262144,0,spectral,11,0,66,10905708,0.013894954943731374,7,1.0077737552324197,0.8564315490224732,,
repeated_shuffle,adam+sparseadam,0,15946715,tuning,1048576,0,spectral,11,0,66,10905708,0.013894954943731374,7,0.9507719836810443,0.9791673885565266,,
repeated_shuffle,adam+sparseadam,0,15946715,tuning,4194304,0,spectral,11,0,66,10905708,0.013894954943731374,7,0.9232739270598359,0.9992065488843725,,
repeated_shuffle,adam+sparseadam,0,15946715,tuning,16777216,0,spectral,11,0,66,10905708,0.013894954943731374,7,0.9202224716520024,1.0,,
repeated_shuffle,adam+sparseadam,0,15946715,tuning,67108864,0,spectral,11,0,66,10905708,0.013894954943731374,7,0.9058589844169167,1.0,,
repeated_shuffle,adam+sparseadam,0,15946715,tuning,262144,0,spectral,11,0,66,10905708,0.03727593720314938,0,0.993302703051972,0.8564315490224732,,
repeated_shuffle,adam+sparseadam,0,15946715,tuning,1048576,0,spectral,11,0,66,10905708,0.03727593720314938,0,0.9720467394535267,0.9791673885565266,,
repeated_shuffle,adam+sparseadam,0,15946715,tuning,4194304,0,spectral,11,0,66,10905708,0.03727593720314938,0,1.0232135664644018,0.9992065488843725,,
repeated_shuffle,adam+sparseadam,0,15946715,tuning,16777216,0,spectral,11,0,66,10905708,0.03727593720314938,0,1.1141331798753127,1.0,,
repeated_shuffle,adam+sparseadam,0,15946715,tuning,67108864,0,spectral,11,0,66,10905708,0.03727593720314938,0,1.02584857476976,1.0,,
repeated_shuffle,adam+sparseadam,0,15946715,tuning,262144,0,spectral,11,0,66,10905708,0.03727593720314938,1,0.9926643708676172,0.8564315490224732,,
repeated_shuffle,adam+sparseadam,0,15946715,tuning,1048576,0,spectral,11,0,66,10905708,0.03727593720314938,1,0.968439781362866,0.9791673885565266,,
repeated_shuffle,adam+sparseadam,0,15946715,tuning,4194304,0,spectral,11,0,66,10905708,0.03727593720314938,1,1.0247248871014327,0.9992065488843725,,
repeated_shuffle,adam+sparseadam,0,15946715,tuning,16777216,0,spectral,11,0,66,10905708,0.03727593720314938,1,1.115053102262975,1.0,,
repeated_shuffle,adam+sparseadam,0,15946715,tuning,67108864,0,spectral,11,0,66,10905708,0.03727593720314938,1,1.0325913676452458,1.0,,
repeated_shuffle,adam+sparseadam,0,15946715,tuning,262144,0,spectral,11,0,66,10905708,0.03727593720314938,2,0.9915955209325231,0.8564315490224732,,
repeated_shuffle,adam+sparseadam,0,15946715,tuning,1048576,0,spectral,11,0,66,10905708,0.03727593720314938,2,0.9683382703950372,0.9791673885565266,,
repeated_shuffle,adam+sparseadam,0,15946715,tuning,4194304,0,spectral,11,0,66,10905708,0.03727593720314938,2,1.0254371333538248,0.9992065488843725,,
repeated_shuffle,adam+sparseadam,0,15946715,tuning,16777216,0,spectral,11,0,66,10905708,0.03727593720314938,2,1.113943538922654,1.0,,
repeated_shuffle,adam+sparseadam,0,15946715,tuning,67108864,0,spectral,11,0,66,10905708,0.03727593720314938,2,1.029092514614465,1.0,,
repeated_shuffle,adam+sparseadam,0,15946715,tuning,262144,0,spectral,11,0,66,10905708,0.03727593720314938,3,0.9923990915669841,0.8564315490224732,,
repeated_shuffle,adam+sparseadam,0,15946715,tuning,1048576,0,spectral,11,0,66,10905708,0.03727593720314938,3,0.9718119291698659,0.9791673885565266,,
repeated_shuffle,adam+sparseadam,0,15946715,tuning,4194304,0,spectral,11,0,66,10905708,0.03727593720314938,3,1.0242083590712485,0.9992065488843725,,
repeated_shuffle,adam+sparseadam,0,15946715,tuning,16777216,0,spectral,11,0,66,10905708,0.03727593720314938,3,1.1140320605687535,1.0,,
repeated_shuffle,adam+sparseadam,0,15946715,tuning,67108864,0,spectral,11,0,66,10905708,0.03727593720314938,3,1.0318174934519166,1.0,,
repeated_shuffle,adam+sparseadam,0,15946715,tuning,262144,0,spectral,11,0,66,10905708,0.03727593720314938,4,0.9924121814690848,0.8564315490224732,,
repeated_shuffle,adam+sparseadam,0,15946715,tuning,1048576,0,spectral,11,0,66,10905708,0.03727593720314938,4,0.9682959206949208,0.9791673885565266,,
repeated_shuffle,adam+sparseadam,0,15946715,tuning,4194304,0,spectral,11,0,66,10905708,0.03727593720314938,4,1.0253815554105081,0.9992065488843725,,
repeated_shuffle,adam+sparseadam,0,15946715,tuning,16777216,0,spectral,11,0,66,10905708,0.03727593720314938,4,1.1150582186726652,1.0,,
repeated_shuffle,adam+sparseadam,0,15946715,tuning,67108864,0,spectral,11,0,66,10905708,0.03727593720314938,4,1.0303487540533767,1.0,,
repeated_shuffle,adam+sparseadam,0,15946715,tuning,262144,0,spectral,11,0,66,10905708,0.03727593720314938,5,0.992371170250282,0.8564315490224732,,
repeated_shuffle,adam+sparseadam,0,15946715,tuning,1048576,0,spectral,11,0,66,10905708,0.03727593720314938,5,0.9680062437598125,0.9791673885565266,,
repeated_shuffle,adam+sparseadam,0,15946715,tuning,4194304,0,spectral,11,0,66,10905708,0.03727593720314938,5,1.0249412035076544,0.9992065488843725,,
repeated_shuffle,adam+sparseadam,0,15946715,tuning,16777216,0,spectral,11,0,66,10905708,0.03727593720314938,5,1.1141244881465957,1.0,,
repeated_shuffle,adam+sparseadam,0,15946715,tuning,67108864,0,spectral,11,0,66,10905708,0.03727593720314938,5,1.032345504082006,1.0,,
repeated_shuffle,adam+sparseadam,0,15946715,tuning,262144,0,spectral,11,0,66,10905708,0.03727593720314938,6,0.9925636786218227,0.8564315490224732,,
repeated_shuffle,adam+sparseadam,0,15946715,tuning,1048576,0,spectral,11,0,66,10905708,0.03727593720314938,6,0.9690474300094016,0.9791673885565266,,
repeated_shuffle,adam+sparseadam,0,15946715,tuning,4194304,0,spectral,11,0,66,10905708,0.03727593720314938,6,1.0247537197316978,0.9992065488843725,,
repeated_shuffle,adam+sparseadam,0,15946715,tuning,16777216,0,spectral,11,0,66,10905708,0.03727593720314938,6,1.1145015367237894,1.0,,
repeated_shuffle,adam+sparseadam,0,15946715,tuning,67108864,0,spectral,11,0,66,10905708,0.03727593720314938,6,1.0315690691739323,1.0,,
repeated_shuffle,adam+sparseadam,0,15946715,tuning,262144,0,spectral,11,0,66,10905708,0.03727593720314938,7,0.9910390474645612,0.8564315490224732,,
repeated_shuffle,adam+sparseadam,0,15946715,tuning,1048576,0,spectral,11,0,66,10905708,0.03727593720314938,7,0.9680070241806924,0.9791673885565266,,
repeated_shuffle,adam+sparseadam,0,15946715,tuning,4194304,0,spectral,11,0,66,10905708,0.03727593720314938,7,1.024619104406118,0.9992065488843725,,
repeated_shuffle,adam+sparseadam,0,15946715,tuning,16777216,0,spectral,11,0,66,10905708,0.03727593720314938,7,1.1146138242928958,1.0,,
repeated_shuffle,adam+sparseadam,0,15946715,tuning,67108864,0,spectral,11,0,66,10905708,0.03727593720314938,7,1.032301371626627,1.0,,
repeated_shuffle,adam+sparseadam,0,15946715,tuning,262144,0,spectral,11,0,66,10905708,0.1,0,1.030716796203134,0.8564315490224732,,
repeated_shuffle,adam+sparseadam,0,15946715,tuning,1048576,0,spectral,11,0,66,10905708,0.1,0,1.1401259473944374,0.9791673885565266,,
repeated_shuffle,adam+sparseadam,0,15946715,tuning,4194304,0,spectral,11,0,66,10905708,0.1,0,1.5609060181468728,0.9992065488843725,,
repeated_shuffle,adam+sparseadam,0,15946715,tuning,16777216,0,spectral,11,0,66,10905708,0.1,0,1.7669126384580578,1.0,,
repeated_shuffle,adam+sparseadam,0,15946715,tuning,67108864,0,spectral,11,0,66,10905708,0.1,0,1.2356224098573092,1.0,,
repeated_shuffle,adam+sparseadam,0,15946715,tuning,262144,0,spectral,11,0,66,10905708,0.1,1,1.0241705741833813,0.8564315490224732,,
repeated_shuffle,adam+sparseadam,0,15946715,tuning,1048576,0,spectral,11,0,66,10905708,0.1,1,1.139120383379317,0.9791673885565266,,
repeated_shuffle,adam+sparseadam,0,15946715,tuning,4194304,0,spectral,11,0,66,10905708,0.1,1,1.561371905490729,0.9992065488843725,,
repeated_shuffle,adam+sparseadam,0,15946715,tuning,16777216,0,spectral,11,0,66,10905708,0.1,1,1.77148861323161,1.0,,
repeated_shuffle,adam+sparseadam,0,15946715,tuning,67108864,0,spectral,11,0,66,10905708,0.1,1,1.2653577803924627,1.0,,
repeated_shuffle,adam+sparseadam,0,15946715,tuning,262144,0,spectral,11,0,66,10905708,0.1,2,1.0248598192934137,0.8564315490224732,,
repeated_shuffle,adam+sparseadam,0,15946715,tuning,1048576,0,spectral,11,0,66,10905708,0.1,2,1.1396137299456723,0.9791673885565266,,
repeated_shuffle,adam+sparseadam,0,15946715,tuning,4194304,0,spectral,11,0,66,10905708,0.1,2,1.5597508999701353,0.9992065488843725,,
repeated_shuffle,adam+sparseadam,0,15946715,tuning,16777216,0,spectral,11,0,66,10905708,0.1,2,1.772560806100879,1.0,,
repeated_shuffle,adam+sparseadam,0,15946715,tuning,67108864,0,spectral,11,0,66,10905708,0.1,2,1.2582423753967305,1.0,,
repeated_shuffle,adam+sparseadam,0,15946715,tuning,262144,0,spectral,11,0,66,10905708,0.1,3,1.0323161625987711,0.8564315490224732,,
repeated_shuffle,adam+sparseadam,0,15946715,tuning,1048576,0,spectral,11,0,66,10905708,0.1,3,1.1383654933355845,0.9791673885565266,,
repeated_shuffle,adam+sparseadam,0,15946715,tuning,4194304,0,spectral,11,0,66,10905708,0.1,3,1.5596119200218548,0.9992065488843725,,
repeated_shuffle,adam+sparseadam,0,15946715,tuning,16777216,0,spectral,11,0,66,10905708,0.1,3,1.77471403582749,1.0,,
repeated_shuffle,adam+sparseadam,0,15946715,tuning,67108864,0,spectral,11,0,66,10905708,0.1,3,1.2743771923730933,1.0,,
repeated_shuffle,adam+sparseadam,0,15946715,tuning,262144,0,spectral,11,0,66,10905708,0.1,4,1.0234022906270224,0.8564315490224732,,
repeated_shuffle,adam+sparseadam,0,15946715,tuning,1048576,0,spectral,11,0,66,10905708,0.1,4,1.1406924795500373,0.9791673885565266,,
repeated_shuffle,adam+sparseadam,0,15946715,tuning,4194304,0,spectral,11,0,66,10905708,0.1,4,1.5615763822185205,0.9992065488843725,,
repeated_shuffle,adam+sparseadam,0,15946715,tuning,16777216,0,spectral,11,0,66,10905708,0.1,4,1.770592156736071,1.0,,
repeated_shuffle,adam+sparseadam,0,15946715,tuning,67108864,0,spectral,11,0,66,10905708,0.1,4,1.2604231599542286,1.0,,
repeated_shuffle,adam+sparseadam,0,15946715,tuning,262144,0,spectral,11,0,66,10905708,0.1,5,1.0229075065140087,0.8564315490224732,,
repeated_shuffle,adam+sparseadam,0,15946715,tuning,1048576,0,spectral,11,0,66,10905708,0.1,5,1.1422122097917327,0.9791673885565266,,
repeated_shuffle,adam+sparseadam,0,15946715,tuning,4194304,0,spectral,11,0,66,10905708,0.1,5,1.5612049222712698,0.9992065488843725,,
repeated_shuffle,adam+sparseadam,0,15946715,tuning,16777216,0,spectral,11,0,66,10905708,0.1,5,1.7698598687373452,1.0,,
repeated_shuffle,adam+sparseadam,0,15946715,tuning,67108864,0,spectral,11,0,66,10905708,0.1,5,1.2679596556339476,1.0,,
repeated_shuffle,adam+sparseadam,0,15946715,tuning,262144,0,spectral,11,0,66,10905708,0.1,6,1.0268459550757099,0.8564315490224732,,
repeated_shuffle,adam+sparseadam,0,15946715,tuning,1048576,0,spectral,11,0,66,10905708,0.1,6,1.1388194598483456,0.9791673885565266,,
repeated_shuffle,adam+sparseadam,0,15946715,tuning,4194304,0,spectral,11,0,66,10905708,0.1,6,1.5590906936638473,0.9992065488843725,,
repeated_shuffle,adam+sparseadam,0,15946715,tuning,16777216,0,spectral,11,0,66,10905708,0.1,6,1.7702918700365882,1.0,,
repeated_shuffle,adam+sparseadam,0,15946715,tuning,67108864,0,spectral,11,0,66,10905708,0.1,6,1.264648151899906,1.0,,
repeated_shuffle,adam+sparseadam,0,15946715,tuning,262144,0,spectral,11,0,66,10905708,0.1,7,1.0261656039043456,0.8564315490224732,,
repeated_shuffle,adam+sparseadam,0,15946715,tuning,1048576,0,spectral,11,0,66,10905708,0.1,7,1.1418714291900651,0.9791673885565266,,
repeated_shuffle,adam+sparseadam,0,15946715,tuning,4194304,0,spectral,11,0,66,10905708,0.1,7,1.5599736127047341,0.9992065488843725,,
repeated_shuffle,adam+sparseadam,0,15946715,tuning,16777216,0,spectral,11,0,66,10905708,0.1,7,1.7709099545378246,1.0,,
repeated_shuffle,adam+sparseadam,0,15946715,tuning,67108864,0,spectral,11,0,66,10905708,0.1,7,1.271337862357443,1.0,,
repeated_shuffle,adam+sparseadam,0,15946715,evaluation,262144,1,fm,3,5,6,991423,0.03727593720314938,4,,,0.9437387364148635,0.8484032223104216
repeated_shuffle,adam+sparseadam,0,15946715,evaluation,262144,1,fm,3,5,6,991423,0.03727593720314938,5,,,0.943782702526859,0.8484032223104216
repeated_shuffle,adam+sparseadam,0,15946715,evaluation,262144,1,fm,3,5,6,991423,0.03727593720314938,6,,,0.9437167579222175,0.8484032223104216
repeated_shuffle,adam+sparseadam,0,15946715,evaluation,262144,1,fm,3,5,6,991423,0.03727593720314938,7,,,0.943774222161753,0.8484032223104216
repeated_shuffle,adam+sparseadam,0,15946715,evaluation,262144,2,fm,3,5,6,991423,0.03727593720314938,4,,,0.944207276529854,0.8484007977705871
repeated_shuffle,adam+sparseadam,0,15946715,evaluation,262144,2,fm,3,5,6,991423,0.03727593720314938,5,,,0.9441627862600371,0.8484007977705871
repeated_shuffle,adam+sparseadam,0,15946715,evaluation,262144,2,fm,3,5,6,991423,0.03727593720314938,6,,,0.9441110726454908,0.8484007977705871
repeated_shuffle,adam+sparseadam,0,15946715,evaluation,262144,2,fm,3,5,6,991423,0.03727593720314938,7,,,0.9441682045926839,0.8484007977705871
repeated_shuffle,adam+sparseadam,0,15946715,evaluation,1048576,1,fm,3,5,6,991423,0.013894954943731374,4,,,0.9121450322372229,0.9762438737939733
repeated_shuffle,adam+sparseadam,0,15946715,evaluation,1048576,1,fm,3,5,6,991423,0.013894954943731374,5,,,0.9117602253177042,0.9762438737939733
repeated_shuffle,adam+sparseadam,0,15946715,evaluation,1048576,1,fm,3,5,6,991423,0.013894954943731374,6,,,0.9113468653843935,0.9762438737939733
repeated_shuffle,adam+sparseadam,0,15946715,evaluation,1048576,1,fm,3,5,6,991423,0.013894954943731374,7,,,0.9115730829862947,0.9762438737939733
repeated_shuffle,adam+sparseadam,0,15946715,evaluation,1048576,2,fm,3,5,6,991423,0.013894954943731374,4,,,0.9120787002273989,0.9767947292443631
repeated_shuffle,adam+sparseadam,0,15946715,evaluation,1048576,2,fm,3,5,6,991423,0.013894954943731374,5,,,0.910943699097485,0.9767947292443631
repeated_shuffle,adam+sparseadam,0,15946715,evaluation,1048576,2,fm,3,5,6,991423,0.013894954943731374,6,,,0.9101842520003389,0.9767947292443631
repeated_shuffle,adam+sparseadam,0,15946715,evaluation,1048576,2,fm,3,5,6,991423,0.013894954943731374,7,,,0.9105717382704308,0.9767947292443631
repeated_shuffle,adam+sparseadam,0,15946715,evaluation,4194304,1,fm,3,5,6,991423,0.005179474679231213,4,,,0.8633305090635832,0.9991960225908924
repeated_shuffle,adam+sparseadam,0,15946715,evaluation,16777216,1,fm,3,5,6,991423,0.005179474679231213,4,,,0.8180578079814697,1.0
repeated_shuffle,adam+sparseadam,0,15946715,evaluation,67108864,1,fm,3,5,6,991423,0.005179474679231213,4,,,0.8046014424954429,1.0
repeated_shuffle,adam+sparseadam,0,15946715,evaluation,4194304,1,fm,3,5,6,991423,0.005179474679231213,5,,,0.8677087822017432,0.9991960225908924
repeated_shuffle,adam+sparseadam,0,15946715,evaluation,16777216,1,fm,3,5,6,991423,0.005179474679231213,5,,,0.8204462299819143,1.0
repeated_shuffle,adam+sparseadam,0,15946715,evaluation,67108864,1,fm,3,5,6,991423,0.005179474679231213,5,,,0.8047167517142949,1.0
repeated_shuffle,adam+sparseadam,0,15946715,evaluation,4194304,1,fm,3,5,6,991423,0.005179474679231213,6,,,0.8617463078824504,0.9991960225908924
repeated_shuffle,adam+sparseadam,0,15946715,evaluation,16777216,1,fm,3,5,6,991423,0.005179474679231213,6,,,0.8148023175985627,1.0
repeated_shuffle,adam+sparseadam,0,15946715,evaluation,67108864,1,fm,3,5,6,991423,0.005179474679231213,6,,,0.8041718470304298,1.0
repeated_shuffle,adam+sparseadam,0,15946715,evaluation,4194304,1,fm,3,5,6,991423,0.005179474679231213,7,,,0.8652047595508371,0.9991960225908924
repeated_shuffle,adam+sparseadam,0,15946715,evaluation,16777216,1,fm,3,5,6,991423,0.005179474679231213,7,,,0.8170499199306516,1.0
repeated_shuffle,adam+sparseadam,0,15946715,evaluation,67108864,1,fm,3,5,6,991423,0.005179474679231213,7,,,0.8038521784458393,1.0
repeated_shuffle,adam+sparseadam,0,15946715,evaluation,4194304,2,fm,3,5,6,991423,0.005179474679231213,4,,,0.8628955455105137,0.9991649884810112
repeated_shuffle,adam+sparseadam,0,15946715,evaluation,16777216,2,fm,3,5,6,991423,0.005179474679231213,4,,,0.8170894708316463,1.0
repeated_shuffle,adam+sparseadam,0,15946715,evaluation,67108864,2,fm,3,5,6,991423,0.005179474679231213,4,,,0.8046763744225859,1.0
repeated_shuffle,adam+sparseadam,0,15946715,evaluation,4194304,2,fm,3,5,6,991423,0.005179474679231213,5,,,0.862798388294473,0.9991649884810112
repeated_shuffle,adam+sparseadam,0,15946715,evaluation,16777216,2,fm,3,5,6,991423,0.005179474679231213,5,,,0.8177280329728283,1.0
repeated_shuffle,adam+sparseadam,0,15946715,evaluation,67108864,2,fm,3,5,6,991423,0.005179474679231213,5,,,0.8039731240119224,1.0
repeated_shuffle,adam+sparseadam,0,15946715,evaluation,4194304,2,fm,3,5,6,991423,0.005179474679231213,6,,,0.8643618541705647,0.9991649884810112
repeated_shuffle,adam+sparseadam,0,15946715,evaluation,16777216,2,fm,3,5,6,991423,0.005179474679231213,6,,,0.8196214559585671,1.0
repeated_shuffle,adam+sparseadam,0,15946715,evaluation,67108864,2,fm,3,5,6,991423,0.005179474679231213,6,,,0.8049332292232678,1.0
repeated_shuffle,adam+sparseadam,0,15946715,evaluation,4194304,2,fm,3,5,6,991423,0.005179474679231213,7,,,0.8616422623849278,0.9991649884810112
repeated_shuffle,adam+sparseadam,0,15946715,evaluation,16777216,2,fm,3,5,6,991423,0.005179474679231213,7,,,0.8162352236915591,1.0
repeated_shuffle,adam+sparseadam,0,15946715,evaluation,67108864,2,fm,3,5,6,991423,0.005179474679231213,7,,,0.8041763469962215,1.0
repeated_shuffle,adam+sparseadam,0,15946715,evaluation,262144,1,fm,7,27,28,4626637,0.03727593720314938,4,,,0.9503262885681741,0.8484032223104216
repeated_shuffle,adam+sparseadam,0,15946715,evaluation,262144,1,fm,7,27,28,4626637,0.03727593720314938,5,,,0.950315626861757,0.8484032223104216
repeated_shuffle,adam+sparseadam,0,15946715,evaluation,262144,1,fm,7,27,28,4626637,0.03727593720314938,6,,,0.9502108971269843,0.8484032223104216
repeated_shuffle,adam+sparseadam,0,15946715,evaluation,262144,1,fm,7,27,28,4626637,0.03727593720314938,7,,,0.950234761707249,0.8484032223104216
repeated_shuffle,adam+sparseadam,0,15946715,evaluation,262144,2,fm,7,27,28,4626637,0.03727593720314938,4,,,0.9506107076703908,0.8484007977705871
repeated_shuffle,adam+sparseadam,0,15946715,evaluation,262144,2,fm,7,27,28,4626637,0.03727593720314938,5,,,0.9506108609436806,0.8484007977705871
repeated_shuffle,adam+sparseadam,0,15946715,evaluation,262144,2,fm,7,27,28,4626637,0.03727593720314938,6,,,0.9504529833629054,0.8484007977705871
repeated_shuffle,adam+sparseadam,0,15946715,evaluation,262144,2,fm,7,27,28,4626637,0.03727593720314938,7,,,0.9505384962342609,0.8484007977705871
repeated_shuffle,adam+sparseadam,0,15946715,evaluation,1048576,1,fm,7,27,28,4626637,0.013894954943731374,4,,,0.9165240029366346,0.9762438737939733
repeated_shuffle,adam+sparseadam,0,15946715,evaluation,1048576,1,fm,7,27,28,4626637,0.013894954943731374,5,,,0.913863024685517,0.9762438737939733
repeated_shuffle,adam+sparseadam,0,15946715,evaluation,1048576,1,fm,7,27,28,4626637,0.013894954943731374,6,,,0.9149843188160931,0.9762438737939733
repeated_shuffle,adam+sparseadam,0,15946715,evaluation,1048576,1,fm,7,27,28,4626637,0.013894954943731374,7,,,0.9158179315071954,0.9762438737939733
repeated_shuffle,adam+sparseadam,0,15946715,evaluation,1048576,2,fm,7,27,28,4626637,0.013894954943731374,4,,,0.9131812342050833,0.9767947292443631
repeated_shuffle,adam+sparseadam,0,15946715,evaluation,1048576,2,fm,7,27,28,4626637,0.013894954943731374,5,,,0.9155375632092467,0.9767947292443631
repeated_shuffle,adam+sparseadam,0,15946715,evaluation,1048576,2,fm,7,27,28,4626637,0.013894954943731374,6,,,0.9127566458902919,0.9767947292443631
repeated_shuffle,adam+sparseadam,0,15946715,evaluation,1048576,2,fm,7,27,28,4626637,0.013894954943731374,7,,,0.9139234226163786,0.9767947292443631
repeated_shuffle,adam+sparseadam,0,15946715,evaluation,4194304,1,fm,7,27,28,4626637,0.005179474679231213,4,,,0.8573160966574397,0.9991960225908924
repeated_shuffle,adam+sparseadam,0,15946715,evaluation,16777216,1,fm,7,27,28,4626637,0.005179474679231213,4,,,0.8009997987676591,1.0
repeated_shuffle,adam+sparseadam,0,15946715,evaluation,4194304,1,fm,7,27,28,4626637,0.005179474679231213,5,,,0.8568816587046425,0.9991960225908924
repeated_shuffle,adam+sparseadam,0,15946715,evaluation,16777216,1,fm,7,27,28,4626637,0.005179474679231213,5,,,0.8010620339703236,1.0
repeated_shuffle,adam+sparseadam,0,15946715,evaluation,4194304,1,fm,7,27,28,4626637,0.005179474679231213,6,,,0.8578297753989835,0.9991960225908924
repeated_shuffle,adam+sparseadam,0,15946715,evaluation,16777216,1,fm,7,27,28,4626637,0.005179474679231213,6,,,0.8006152778947233,1.0
repeated_shuffle,adam+sparseadam,0,15946715,evaluation,4194304,1,fm,7,27,28,4626637,0.005179474679231213,7,,,0.8568092227536186,0.9991960225908924
repeated_shuffle,adam+sparseadam,0,15946715,evaluation,16777216,1,fm,7,27,28,4626637,0.005179474679231213,7,,,0.8004983404986685,1.0
repeated_shuffle,adam+sparseadam,0,15946715,evaluation,4194304,2,fm,7,27,28,4626637,0.005179474679231213,4,,,0.8571835349195811,0.9991649884810112
repeated_shuffle,adam+sparseadam,0,15946715,evaluation,16777216,2,fm,7,27,28,4626637,0.005179474679231213,4,,,0.8010762789338433,1.0
repeated_shuffle,adam+sparseadam,0,15946715,evaluation,4194304,2,fm,7,27,28,4626637,0.005179474679231213,5,,,0.8572588903668897,0.9991649884810112
repeated_shuffle,adam+sparseadam,0,15946715,evaluation,16777216,2,fm,7,27,28,4626637,0.005179474679231213,5,,,0.8013158655649996,1.0
repeated_shuffle,adam+sparseadam,0,15946715,evaluation,4194304,2,fm,7,27,28,4626637,0.005179474679231213,6,,,0.8556532674086947,0.9991649884810112
repeated_shuffle,adam+sparseadam,0,15946715,evaluation,16777216,2,fm,7,27,28,4626637,0.005179474679231213,6,,,0.8008661163027294,1.0
repeated_shuffle,adam+sparseadam,0,15946715,evaluation,4194304,2,fm,7,27,28,4626637,0.005179474679231213,7,,,0.856512075352749,0.9991649884810112
repeated_shuffle,adam+sparseadam,0,15946715,evaluation,16777216,2,fm,7,27,28,4626637,0.005179474679231213,7,,,0.8016318446639988,1.0
repeated_shuffle,adam+sparseadam,0,15946715,evaluation,67108864,1,fm,7,27,28,4626637,0.0019306977288832496,4,,,0.7901085462923445,1.0
repeated_shuffle,adam+sparseadam,0,15946715,evaluation,67108864,1,fm,7,27,28,4626637,0.0019306977288832496,5,,,0.7909654068281965,1.0
repeated_shuffle,adam+sparseadam,0,15946715,evaluation,67108864,1,fm,7,27,28,4626637,0.0019306977288832496,6,,,0.7901624040639774,1.0
repeated_shuffle,adam+sparseadam,0,15946715,evaluation,67108864,1,fm,7,27,28,4626637,0.0019306977288832496,7,,,0.7903072381403367,1.0
repeated_shuffle,adam+sparseadam,0,15946715,evaluation,67108864,2,fm,7,27,28,4626637,0.0019306977288832496,4,,,0.7894126691539417,1.0
repeated_shuffle,adam+sparseadam,0,15946715,evaluation,67108864,2,fm,7,27,28,4626637,0.0019306977288832496,5,,,0.7897264543845524,1.0
repeated_shuffle,adam+sparseadam,0,15946715,evaluation,67108864,2,fm,7,27,28,4626637,0.0019306977288832496,6,,,0.7902021548158753,1.0
repeated_shuffle,adam+sparseadam,0,15946715,evaluation,67108864,2,fm,7,27,28,4626637,0.0019306977288832496,7,,,0.7903921035287892,1.0
repeated_shuffle,adam+sparseadam,0,15946715,evaluation,262144,1,fm,11,65,66,10905643,0.03727593720314938,4,,,0.9616189406549951,0.8484032223104216
repeated_shuffle,adam+sparseadam,0,15946715,evaluation,262144,1,fm,11,65,66,10905643,0.03727593720314938,5,,,0.961792368365305,0.8484032223104216
repeated_shuffle,adam+sparseadam,0,15946715,evaluation,262144,1,fm,11,65,66,10905643,0.03727593720314938,6,,,0.9613835705766968,0.8484032223104216
repeated_shuffle,adam+sparseadam,0,15946715,evaluation,262144,1,fm,11,65,66,10905643,0.03727593720314938,7,,,0.9610880493123417,0.8484032223104216
repeated_shuffle,adam+sparseadam,0,15946715,evaluation,262144,2,fm,11,65,66,10905643,0.03727593720314938,4,,,0.9622441289251087,0.8484007977705871
repeated_shuffle,adam+sparseadam,0,15946715,evaluation,262144,2,fm,11,65,66,10905643,0.03727593720314938,5,,,0.961938155403525,0.8484007977705871
repeated_shuffle,adam+sparseadam,0,15946715,evaluation,262144,2,fm,11,65,66,10905643,0.03727593720314938,6,,,0.9618025681146009,0.8484007977705871
repeated_shuffle,adam+sparseadam,0,15946715,evaluation,262144,2,fm,11,65,66,10905643,0.03727593720314938,7,,,0.9621005035621615,0.8484007977705871
repeated_shuffle,adam+sparseadam,0,15946715,evaluation,1048576,1,fm,11,65,66,10905643,0.013894954943731374,4,,,0.9252649115734062,0.9762438737939733
repeated_shuffle,adam+sparseadam,0,15946715,evaluation,1048576,1,fm,11,65,66,10905643,0.013894954943731374,5,,,0.9252608718644582,0.9762438737939733
repeated_shuffle,adam+sparseadam,0,15946715,evaluation,1048576,1,fm,11,65,66,10905643,0.013894954943731374,6,,,0.9255142583514777,0.9762438737939733
repeated_shuffle,adam+sparseadam,0,15946715,evaluation,1048576,1,fm,11,65,66,10905643,0.013894954943731374,7,,,0.9245803389725297,0.9762438737939733
repeated_shuffle,adam+sparseadam,0,15946715,evaluation,1048576,2,fm,11,65,66,10905643,0.013894954943731374,4,,,0.9252573794397788,0.9767947292443631
repeated_shuffle,adam+sparseadam,0,15946715,evaluation,1048576,2,fm,11,65,66,10905643,0.013894954943731374,5,,,0.9244805422522934,0.9767947292443631
repeated_shuffle,adam+sparseadam,0,15946715,evaluation,1048576,2,fm,11,65,66,10905643,0.013894954943731374,6,,,0.9251230526287836,0.9767947292443631
repeated_shuffle,adam+sparseadam,0,15946715,evaluation,1048576,2,fm,11,65,66,10905643,0.013894954943731374,7,,,0.9252385595533925,0.9767947292443631
repeated_shuffle,adam+sparseadam,0,15946715,evaluation,4194304,1,fm,11,65,66,10905643,0.005179474679231213,4,,,0.8571452201364695,0.9991960225908924
repeated_shuffle,adam+sparseadam,0,15946715,evaluation,4194304,1,fm,11,65,66,10905643,0.005179474679231213,5,,,0.8576978045133532,0.9991960225908924
repeated_shuffle,adam+sparseadam,0,15946715,evaluation,4194304,1,fm,11,65,66,10905643,0.005179474679231213,6,,,0.8576832874355446,0.9991960225908924
repeated_shuffle,adam+sparseadam,0,15946715,evaluation,4194304,1,fm,11,65,66,10905643,0.005179474679231213,7,,,0.8567545996344647,0.9991960225908924
repeated_shuffle,adam+sparseadam,0,15946715,evaluation,4194304,2,fm,11,65,66,10905643,0.005179474679231213,4,,,0.8574029797177825,0.9991649884810112
repeated_shuffle,adam+sparseadam,0,15946715,evaluation,4194304,2,fm,11,65,66,10905643,0.005179474679231213,5,,,0.8566781918250794,0.9991649884810112
repeated_shuffle,adam+sparseadam,0,15946715,evaluation,4194304,2,fm,11,65,66,10905643,0.005179474679231213,6,,,0.8576397768289384,0.9991649884810112
repeated_shuffle,adam+sparseadam,0,15946715,evaluation,4194304,2,fm,11,65,66,10905643,0.005179474679231213,7,,,0.8570125405550132,0.9991649884810112
repeated_shuffle,adam+sparseadam,0,15946715,evaluation,16777216,1,fm,11,65,66,10905643,0.0019306977288832496,4,,,0.7968988512765188,1.0
repeated_shuffle,adam+sparseadam,0,15946715,evaluation,16777216,1,fm,11,65,66,10905643,0.0019306977288832496,5,,,0.7976210507765238,1.0
repeated_shuffle,adam+sparseadam,0,15946715,evaluation,16777216,1,fm,11,65,66,10905643,0.0019306977288832496,6,,,0.7975620333928084,1.0
repeated_shuffle,adam+sparseadam,0,15946715,evaluation,16777216,1,fm,11,65,66,10905643,0.0019306977288832496,7,,,0.7968835272927304,1.0
repeated_shuffle,adam+sparseadam,0,15946715,evaluation,16777216,2,fm,11,65,66,10905643,0.0019306977288832496,4,,,0.7979049421537967,1.0
repeated_shuffle,adam+sparseadam,0,15946715,evaluation,16777216,2,fm,11,65,66,10905643,0.0019306977288832496,5,,,0.7982853875321206,1.0
repeated_shuffle,adam+sparseadam,0,15946715,evaluation,16777216,2,fm,11,65,66,10905643,0.0019306977288832496,6,,,0.7974764907810274,1.0
repeated_shuffle,adam+sparseadam,0,15946715,evaluation,16777216,2,fm,11,65,66,10905643,0.0019306977288832496,7,,,0.7979139264327707,1.0
repeated_shuffle,adam+sparseadam,0,15946715,evaluation,67108864,1,fm,11,65,66,10905643,0.0007196856730011522,4,,,0.783375956906713,1.0
repeated_shuffle,adam+sparseadam,0,15946715,evaluation,67108864,1,fm,11,65,66,10905643,0.0007196856730011522,5,,,0.7836367449283957,1.0
repeated_shuffle,adam+sparseadam,0,15946715,evaluation,67108864,1,fm,11,65,66,10905643,0.0007196856730011522,6,,,0.7833123171653472,1.0
repeated_shuffle,adam+sparseadam,0,15946715,evaluation,67108864,1,fm,11,65,66,10905643,0.0007196856730011522,7,,,0.7834364647750555,1.0
repeated_shuffle,adam+sparseadam,0,15946715,evaluation,67108864,2,fm,11,65,66,10905643,0.0007196856730011522,4,,,0.7834493272610574,1.0
repeated_shuffle,adam+sparseadam,0,15946715,evaluation,67108864,2,fm,11,65,66,10905643,0.0007196856730011522,5,,,0.7837241168619341,1.0
repeated_shuffle,adam+sparseadam,0,15946715,evaluation,67108864,2,fm,11,65,66,10905643,0.0007196856730011522,6,,,0.7830357205514147,1.0
repeated_shuffle,adam+sparseadam,0,15946715,evaluation,67108864,2,fm,11,65,66,10905643,0.0007196856730011522,7,,,0.7837037013498862,1.0
repeated_shuffle,adam+sparseadam,0,15946715,evaluation,262144,1,linear,0,0,1,165238,0.1,4,,,0.9418268702880055,0.8484032223104216
repeated_shuffle,adam+sparseadam,0,15946715,evaluation,262144,1,linear,0,0,1,165238,0.1,5,,,0.9418268702880055,0.8484032223104216
repeated_shuffle,adam+sparseadam,0,15946715,evaluation,262144,1,linear,0,0,1,165238,0.1,6,,,0.9418268702880055,0.8484032223104216
repeated_shuffle,adam+sparseadam,0,15946715,evaluation,262144,1,linear,0,0,1,165238,0.1,7,,,0.9418268702880055,0.8484032223104216
repeated_shuffle,adam+sparseadam,0,15946715,evaluation,262144,2,linear,0,0,1,165238,0.1,4,,,0.9425088075815785,0.8484007977705871
repeated_shuffle,adam+sparseadam,0,15946715,evaluation,262144,2,linear,0,0,1,165238,0.1,5,,,0.9425088075815785,0.8484007977705871
repeated_shuffle,adam+sparseadam,0,15946715,evaluation,262144,2,linear,0,0,1,165238,0.1,6,,,0.9425088075815785,0.8484007977705871
repeated_shuffle,adam+sparseadam,0,15946715,evaluation,262144,2,linear,0,0,1,165238,0.1,7,,,0.9425088075815785,0.8484007977705871
repeated_shuffle,adam+sparseadam,0,15946715,evaluation,1048576,1,linear,0,0,1,165238,0.03727593720314938,4,,,0.9053581728752624,0.9762438737939733
repeated_shuffle,adam+sparseadam,0,15946715,evaluation,1048576,1,linear,0,0,1,165238,0.03727593720314938,5,,,0.9053581728752624,0.9762438737939733
repeated_shuffle,adam+sparseadam,0,15946715,evaluation,1048576,1,linear,0,0,1,165238,0.03727593720314938,6,,,0.9053581728752624,0.9762438737939733
repeated_shuffle,adam+sparseadam,0,15946715,evaluation,1048576,1,linear,0,0,1,165238,0.03727593720314938,7,,,0.9053581728752624,0.9762438737939733
repeated_shuffle,adam+sparseadam,0,15946715,evaluation,1048576,2,linear,0,0,1,165238,0.03727593720314938,4,,,0.9051586028917459,0.9767947292443631
repeated_shuffle,adam+sparseadam,0,15946715,evaluation,1048576,2,linear,0,0,1,165238,0.03727593720314938,5,,,0.9051586028917459,0.9767947292443631
repeated_shuffle,adam+sparseadam,0,15946715,evaluation,1048576,2,linear,0,0,1,165238,0.03727593720314938,6,,,0.9051586028917459,0.9767947292443631
repeated_shuffle,adam+sparseadam,0,15946715,evaluation,1048576,2,linear,0,0,1,165238,0.03727593720314938,7,,,0.9051586028917459,0.9767947292443631
repeated_shuffle,adam+sparseadam,0,15946715,evaluation,4194304,1,linear,0,0,1,165238,0.013894954943731374,4,,,0.8775598946100912,0.9991960225908924
repeated_shuffle,adam+sparseadam,0,15946715,evaluation,4194304,1,linear,0,0,1,165238,0.013894954943731374,5,,,0.8775598946100912,0.9991960225908924
repeated_shuffle,adam+sparseadam,0,15946715,evaluation,4194304,1,linear,0,0,1,165238,0.013894954943731374,6,,,0.8775598946100912,0.9991960225908924
repeated_shuffle,adam+sparseadam,0,15946715,evaluation,4194304,1,linear,0,0,1,165238,0.013894954943731374,7,,,0.8775598946100912,0.9991960225908924
repeated_shuffle,adam+sparseadam,0,15946715,evaluation,4194304,2,linear,0,0,1,165238,0.013894954943731374,4,,,0.8774161207599713,0.9991649884810112
repeated_shuffle,adam+sparseadam,0,15946715,evaluation,4194304,2,linear,0,0,1,165238,0.013894954943731374,5,,,0.8774161207599713,0.9991649884810112
repeated_shuffle,adam+sparseadam,0,15946715,evaluation,4194304,2,linear,0,0,1,165238,0.013894954943731374,6,,,0.8774161207599713,0.9991649884810112
repeated_shuffle,adam+sparseadam,0,15946715,evaluation,4194304,2,linear,0,0,1,165238,0.013894954943731374,7,,,0.8774161207599713,0.9991649884810112
repeated_shuffle,adam+sparseadam,0,15946715,evaluation,16777216,1,linear,0,0,1,165238,0.005179474679231213,4,,,0.863000047784862,1.0
repeated_shuffle,adam+sparseadam,0,15946715,evaluation,67108864,1,linear,0,0,1,165238,0.005179474679231213,4,,,0.8600746778585878,1.0
repeated_shuffle,adam+sparseadam,0,15946715,evaluation,16777216,1,linear,0,0,1,165238,0.005179474679231213,5,,,0.863000047784862,1.0
repeated_shuffle,adam+sparseadam,0,15946715,evaluation,67108864,1,linear,0,0,1,165238,0.005179474679231213,5,,,0.8600746778585878,1.0
repeated_shuffle,adam+sparseadam,0,15946715,evaluation,16777216,1,linear,0,0,1,165238,0.005179474679231213,6,,,0.863000047784862,1.0
repeated_shuffle,adam+sparseadam,0,15946715,evaluation,67108864,1,linear,0,0,1,165238,0.005179474679231213,6,,,0.8600746778585878,1.0
repeated_shuffle,adam+sparseadam,0,15946715,evaluation,16777216,1,linear,0,0,1,165238,0.005179474679231213,7,,,0.863000047784862,1.0
repeated_shuffle,adam+sparseadam,0,15946715,evaluation,67108864,1,linear,0,0,1,165238,0.005179474679231213,7,,,0.8600746778585878,1.0
repeated_shuffle,adam+sparseadam,0,15946715,evaluation,16777216,2,linear,0,0,1,165238,0.005179474679231213,4,,,0.8632121558077744,1.0
repeated_shuffle,adam+sparseadam,0,15946715,evaluation,67108864,2,linear,0,0,1,165238,0.005179474679231213,4,,,0.8600993873131204,1.0
repeated_shuffle,adam+sparseadam,0,15946715,evaluation,16777216,2,linear,0,0,1,165238,0.005179474679231213,5,,,0.8632121558077744,1.0
repeated_shuffle,adam+sparseadam,0,15946715,evaluation,67108864,2,linear,0,0,1,165238,0.005179474679231213,5,,,0.8600993873131204,1.0
repeated_shuffle,adam+sparseadam,0,15946715,evaluation,16777216,2,linear,0,0,1,165238,0.005179474679231213,6,,,0.8632121558077744,1.0
repeated_shuffle,adam+sparseadam,0,15946715,evaluation,67108864,2,linear,0,0,1,165238,0.005179474679231213,6,,,0.8600993873131204,1.0
repeated_shuffle,adam+sparseadam,0,15946715,evaluation,16777216,2,linear,0,0,1,165238,0.005179474679231213,7,,,0.8632121558077744,1.0
repeated_shuffle,adam+sparseadam,0,15946715,evaluation,67108864,2,linear,0,0,1,165238,0.005179474679231213,7,,,0.8600993873131204,1.0
repeated_shuffle,adam+sparseadam,0,15946715,evaluation,262144,1,spectral,3,0,6,991428,0.03727593720314938,4,,,1.0162967179270006,0.8484032223104216
repeated_shuffle,adam+sparseadam,0,15946715,evaluation,1048576,1,spectral,3,0,6,991428,0.03727593720314938,4,,,0.9571676962859826,0.9762438737939733
repeated_shuffle,adam+sparseadam,0,15946715,evaluation,262144,1,spectral,3,0,6,991428,0.03727593720314938,5,,,1.0132343743392715,0.8484032223104216
repeated_shuffle,adam+sparseadam,0,15946715,evaluation,1048576,1,spectral,3,0,6,991428,0.03727593720314938,5,,,0.9556130248966648,0.9762438737939733
repeated_shuffle,adam+sparseadam,0,15946715,evaluation,262144,1,spectral,3,0,6,991428,0.03727593720314938,6,,,1.0123605375613132,0.8484032223104216
repeated_shuffle,adam+sparseadam,0,15946715,evaluation,1048576,1,spectral,3,0,6,991428,0.03727593720314938,6,,,0.9536718903965221,0.9762438737939733
repeated_shuffle,adam+sparseadam,0,15946715,evaluation,262144,1,spectral,3,0,6,991428,0.03727593720314938,7,,,1.012690598416359,0.8484032223104216
repeated_shuffle,adam+sparseadam,0,15946715,evaluation,1048576,1,spectral,3,0,6,991428,0.03727593720314938,7,,,0.9547131443309826,0.9762438737939733
repeated_shuffle,adam+sparseadam,0,15946715,evaluation,262144,2,spectral,3,0,6,991428,0.03727593720314938,4,,,1.0175098041207522,0.8484007977705871
repeated_shuffle,adam+sparseadam,0,15946715,evaluation,1048576,2,spectral,3,0,6,991428,0.03727593720314938,4,,,0.9564786589454954,0.9767947292443631
repeated_shuffle,adam+sparseadam,0,15946715,evaluation,262144,2,spectral,3,0,6,991428,0.03727593720314938,5,,,1.0138205920410805,0.8484007977705871
repeated_shuffle,adam+sparseadam,0,15946715,evaluation,1048576,2,spectral,3,0,6,991428,0.03727593720314938,5,,,0.9553169937181927,0.9767947292443631
repeated_shuffle,adam+sparseadam,0,15946715,evaluation,262144,2,spectral,3,0,6,991428,0.03727593720314938,6,,,1.0122497933769024,0.8484007977705871
repeated_shuffle,adam+sparseadam,0,15946715,evaluation,1048576,2,spectral,3,0,6,991428,0.03727593720314938,6,,,0.9531528655916148,0.9767947292443631
repeated_shuffle,adam+sparseadam,0,15946715,evaluation,262144,2,spectral,3,0,6,991428,0.03727593720314938,7,,,1.0123028939467003,0.8484007977705871
repeated_shuffle,adam+sparseadam,0,15946715,evaluation,1048576,2,spectral,3,0,6,991428,0.03727593720314938,7,,,0.9540916615705028,0.9767947292443631
repeated_shuffle,adam+sparseadam,0,15946715,evaluation,4194304,1,spectral,3,0,6,991428,0.013894954943731374,4,,,0.8991950617378056,0.9991960225908924
repeated_shuffle,adam+sparseadam,0,15946715,evaluation,16777216,1,spectral,3,0,6,991428,0.013894954943731374,4,,,0.8673677735629063,1.0
repeated_shuffle,adam+sparseadam,0,15946715,evaluation,67108864,1,spectral,3,0,6,991428,0.013894954943731374,4,,,0.8392420768764084,1.0
repeated_shuffle,adam+sparseadam,0,15946715,evaluation,4194304,1,spectral,3,0,6,991428,0.013894954943731374,5,,,0.8982515348383595,0.9991960225908924
repeated_shuffle,adam+sparseadam,0,15946715,evaluation,16777216,1,spectral,3,0,6,991428,0.013894954943731374,5,,,0.865212431012499,1.0
repeated_shuffle,adam+sparseadam,0,15946715,evaluation,67108864,1,spectral,3,0,6,991428,0.013894954943731374,5,,,0.8412117558338781,1.0
repeated_shuffle,adam+sparseadam,0,15946715,evaluation,4194304,1,spectral,3,0,6,991428,0.013894954943731374,6,,,0.8961065539112186,0.9991960225908924
repeated_shuffle,adam+sparseadam,0,15946715,evaluation,16777216,1,spectral,3,0,6,991428,0.013894954943731374,6,,,0.8610172213122711,1.0
repeated_shuffle,adam+sparseadam,0,15946715,evaluation,67108864,1,spectral,3,0,6,991428,0.013894954943731374,6,,,0.8392208502016311,1.0
repeated_shuffle,adam+sparseadam,0,15946715,evaluation,4194304,1,spectral,3,0,6,991428,0.013894954943731374,7,,,0.8969465559695775,0.9991960225908924
repeated_shuffle,adam+sparseadam,0,15946715,evaluation,16777216,1,spectral,3,0,6,991428,0.013894954943731374,7,,,0.8619442125625689,1.0
repeated_shuffle,adam+sparseadam,0,15946715,evaluation,67108864,1,spectral,3,0,6,991428,0.013894954943731374,7,,,0.8375959324584575,1.0
repeated_shuffle,adam+sparseadam,0,15946715,evaluation,4194304,2,spectral,3,0,6,991428,0.013894954943731374,4,,,0.899315935301664,0.9991649884810112
repeated_shuffle,adam+sparseadam,0,15946715,evaluation,16777216,2,spectral,3,0,6,991428,0.013894954943731374,4,,,0.8682817241427041,1.0
repeated_shuffle,adam+sparseadam,0,15946715,evaluation,67108864,2,spectral,3,0,6,991428,0.013894954943731374,4,,,0.8398102432174638,1.0
repeated_shuffle,adam+sparseadam,0,15946715,evaluation,4194304,2,spectral,3,0,6,991428,0.013894954943731374,5,,,0.898536599165082,0.9991649884810112
repeated_shuffle,adam+sparseadam,0,15946715,evaluation,16777216,2,spectral,3,0,6,991428,0.013894954943731374,5,,,0.8653572101863789,1.0
repeated_shuffle,adam+sparseadam,0,15946715,evaluation,67108864,2,spectral,3,0,6,991428,0.013894954943731374,5,,,0.8391977926776593,1.0
repeated_shuffle,adam+sparseadam,0,15946715,evaluation,4194304,2,spectral,3,0,6,991428,0.013894954943731374,6,,,0.8955315575926831,0.9991649884810112
repeated_shuffle,adam+sparseadam,0,15946715,evaluation,16777216,2,spectral,3,0,6,991428,0.013894954943731374,6,,,0.8613569635623087,1.0
repeated_shuffle,adam+sparseadam,0,15946715,evaluation,67108864,2,spectral,3,0,6,991428,0.013894954943731374,6,,,0.8400029837952824,1.0
repeated_shuffle,adam+sparseadam,0,15946715,evaluation,4194304,2,spectral,3,0,6,991428,0.013894954943731374,7,,,0.8966381893336726,0.9991649884810112
repeated_shuffle,adam+sparseadam,0,15946715,evaluation,16777216,2,spectral,3,0,6,991428,0.013894954943731374,7,,,0.8617455899401761,1.0
repeated_shuffle,adam+sparseadam,0,15946715,evaluation,67108864,2,spectral,3,0,6,991428,0.013894954943731374,7,,,0.8377478080338885,1.0
repeated_shuffle,adam+sparseadam,0,15946715,evaluation,262144,1,spectral,7,0,28,4626664,0.03727593720314938,4,,,1.0005382637471467,0.8484032223104216
repeated_shuffle,adam+sparseadam,0,15946715,evaluation,262144,1,spectral,7,0,28,4626664,0.03727593720314938,5,,,0.9995251900212232,0.8484032223104216
repeated_shuffle,adam+sparseadam,0,15946715,evaluation,262144,1,spectral,7,0,28,4626664,0.03727593720314938,6,,,1.0039822536497358,0.8484032223104216
repeated_shuffle,adam+sparseadam,0,15946715,evaluation,262144,1,spectral,7,0,28,4626664,0.03727593720314938,7,,,1.0024896833781036,0.8484032223104216
repeated_shuffle,adam+sparseadam,0,15946715,evaluation,262144,2,spectral,7,0,28,4626664,0.03727593720314938,4,,,1.0010514029907294,0.8484007977705871
repeated_shuffle,adam+sparseadam,0,15946715,evaluation,262144,2,spectral,7,0,28,4626664,0.03727593720314938,5,,,0.9992948799303237,0.8484007977705871
repeated_shuffle,adam+sparseadam,0,15946715,evaluation,262144,2,spectral,7,0,28,4626664,0.03727593720314938,6,,,1.0039033588595907,0.8484007977705871
repeated_shuffle,adam+sparseadam,0,15946715,evaluation,262144,2,spectral,7,0,28,4626664,0.03727593720314938,7,,,1.0026557642714147,0.8484007977705871
repeated_shuffle,adam+sparseadam,0,15946715,evaluation,1048576,1,spectral,7,0,28,4626664,0.013894954943731374,4,,,0.959008974922725,0.9762438737939733
repeated_shuffle,adam+sparseadam,0,15946715,evaluation,1048576,1,spectral,7,0,28,4626664,0.013894954943731374,5,,,0.9581392460627884,0.9762438737939733
repeated_shuffle,adam+sparseadam,0,15946715,evaluation,1048576,1,spectral,7,0,28,4626664,0.013894954943731374,6,,,0.959268881357554,0.9762438737939733
repeated_shuffle,adam+sparseadam,0,15946715,evaluation,1048576,1,spectral,7,0,28,4626664,0.013894954943731374,7,,,0.9571809461472065,0.9762438737939733
repeated_shuffle,adam+sparseadam,0,15946715,evaluation,1048576,2,spectral,7,0,28,4626664,0.013894954943731374,4,,,0.9578964369954163,0.9767947292443631
repeated_shuffle,adam+sparseadam,0,15946715,evaluation,1048576,2,spectral,7,0,28,4626664,0.013894954943731374,5,,,0.9579357931323889,0.9767947292443631
repeated_shuffle,adam+sparseadam,0,15946715,evaluation,1048576,2,spectral,7,0,28,4626664,0.013894954943731374,6,,,0.9593206940324233,0.9767947292443631
repeated_shuffle,adam+sparseadam,0,15946715,evaluation,1048576,2,spectral,7,0,28,4626664,0.013894954943731374,7,,,0.9575216238105863,0.9767947292443631
repeated_shuffle,adam+sparseadam,0,15946715,evaluation,4194304,1,spectral,7,0,28,4626664,0.005179474679231213,4,,,0.9182122445202122,0.9991960225908924
repeated_shuffle,adam+sparseadam,0,15946715,evaluation,16777216,1,spectral,7,0,28,4626664,0.005179474679231213,4,,,0.8736880174493271,1.0
repeated_shuffle,adam+sparseadam,0,15946715,evaluation,67108864,1,spectral,7,0,28,4626664,0.005179474679231213,4,,,0.8521354752131488,1.0
repeated_shuffle,adam+sparseadam,0,15946715,evaluation,4194304,1,spectral,7,0,28,4626664,0.005179474679231213,5,,,0.9185333368267664,0.9991960225908924
repeated_shuffle,adam+sparseadam,0,15946715,evaluation,16777216,1,spectral,7,0,28,4626664,0.005179474679231213,5,,,0.873442650026351,1.0
repeated_shuffle,adam+sparseadam,0,15946715,evaluation,67108864,1,spectral,7,0,28,4626664,0.005179474679231213,5,,,0.8527286015578598,1.0
repeated_shuffle,adam+sparseadam,0,15946715,evaluation,4194304,1,spectral,7,0,28,4626664,0.005179474679231213,6,,,0.9161135486400184,0.9991960225908924
repeated_shuffle,adam+sparseadam,0,15946715,evaluation,16777216,1,spectral,7,0,28,4626664,0.005179474679231213,6,,,0.8704263597493433,1.0
repeated_shuffle,adam+sparseadam,0,15946715,evaluation,67108864,1,spectral,7,0,28,4626664,0.005179474679231213,6,,,0.8458446794298136,1.0
repeated_shuffle,adam+sparseadam,0,15946715,evaluation,4194304,1,spectral,7,0,28,4626664,0.005179474679231213,7,,,0.9150058198837479,0.9991960225908924
repeated_shuffle,adam+sparseadam,0,15946715,evaluation,16777216,1,spectral,7,0,28,4626664,0.005179474679231213,7,,,0.8715738245011702,1.0
repeated_shuffle,adam+sparseadam,0,15946715,evaluation,67108864,1,spectral,7,0,28,4626664,0.005179474679231213,7,,,0.8469651275437878,1.0
repeated_shuffle,adam+sparseadam,0,15946715,evaluation,4194304,2,spectral,7,0,28,4626664,0.005179474679231213,4,,,0.9179841621778622,0.9991649884810112
repeated_shuffle,adam+sparseadam,0,15946715,evaluation,16777216,2,spectral,7,0,28,4626664,0.005179474679231213,4,,,0.8740939576683416,1.0
repeated_shuffle,adam+sparseadam,0,15946715,evaluation,67108864,2,spectral,7,0,28,4626664,0.005179474679231213,4,,,0.8520189445709951,1.0
repeated_shuffle,adam+sparseadam,0,15946715,evaluation,4194304,2,spectral,7,0,28,4626664,0.005179474679231213,5,,,0.9182769086856362,0.9991649884810112
repeated_shuffle,adam+sparseadam,0,15946715,evaluation,16777216,2,spectral,7,0,28,4626664,0.005179474679231213,5,,,0.8731074541137518,1.0
repeated_shuffle,adam+sparseadam,0,15946715,evaluation,67108864,2,spectral,7,0,28,4626664,0.005179474679231213,5,,,0.8527671210612919,1.0
repeated_shuffle,adam+sparseadam,0,15946715,evaluation,4194304,2,spectral,7,0,28,4626664,0.005179474679231213,6,,,0.9156653761849362,0.9991649884810112
repeated_shuffle,adam+sparseadam,0,15946715,evaluation,16777216,2,spectral,7,0,28,4626664,0.005179474679231213,6,,,0.8712380122788353,1.0
repeated_shuffle,adam+sparseadam,0,15946715,evaluation,67108864,2,spectral,7,0,28,4626664,0.005179474679231213,6,,,0.8459791759521179,1.0
repeated_shuffle,adam+sparseadam,0,15946715,evaluation,4194304,2,spectral,7,0,28,4626664,0.005179474679231213,7,,,0.9143354096827434,0.9991649884810112
repeated_shuffle,adam+sparseadam,0,15946715,evaluation,16777216,2,spectral,7,0,28,4626664,0.005179474679231213,7,,,0.8715221583239489,1.0
repeated_shuffle,adam+sparseadam,0,15946715,evaluation,67108864,2,spectral,7,0,28,4626664,0.005179474679231213,7,,,0.8455974096730704,1.0
repeated_shuffle,adam+sparseadam,0,15946715,evaluation,262144,1,spectral,11,0,66,10905708,0.03727593720314938,4,,,0.9937815064790894,0.8484032223104216
repeated_shuffle,adam+sparseadam,0,15946715,evaluation,262144,1,spectral,11,0,66,10905708,0.03727593720314938,5,,,0.9945060585562814,0.8484032223104216
repeated_shuffle,adam+sparseadam,0,15946715,evaluation,262144,1,spectral,11,0,66,10905708,0.03727593720314938,6,,,0.994475491480933,0.8484032223104216
repeated_shuffle,adam+sparseadam,0,15946715,evaluation,262144,1,spectral,11,0,66,10905708,0.03727593720314938,7,,,0.9919495580836166,0.8484032223104216
repeated_shuffle,adam+sparseadam,0,15946715,evaluation,262144,2,spectral,11,0,66,10905708,0.03727593720314938,4,,,0.9941512270367289,0.8484007977705871
repeated_shuffle,adam+sparseadam,0,15946715,evaluation,262144,2,spectral,11,0,66,10905708,0.03727593720314938,5,,,0.9952613102575014,0.8484007977705871
repeated_shuffle,adam+sparseadam,0,15946715,evaluation,262144,2,spectral,11,0,66,10905708,0.03727593720314938,6,,,0.9948051601852579,0.8484007977705871
repeated_shuffle,adam+sparseadam,0,15946715,evaluation,262144,2,spectral,11,0,66,10905708,0.03727593720314938,7,,,0.9929760938261782,0.8484007977705871
repeated_shuffle,adam+sparseadam,0,15946715,evaluation,1048576,1,spectral,11,0,66,10905708,0.013894954943731374,4,,,0.9540195991395419,0.9762438737939733
repeated_shuffle,adam+sparseadam,0,15946715,evaluation,1048576,1,spectral,11,0,66,10905708,0.013894954943731374,5,,,0.9539866497613791,0.9762438737939733
repeated_shuffle,adam+sparseadam,0,15946715,evaluation,1048576,1,spectral,11,0,66,10905708,0.013894954943731374,6,,,0.9541890899861826,0.9762438737939733
repeated_shuffle,adam+sparseadam,0,15946715,evaluation,1048576,1,spectral,11,0,66,10905708,0.013894954943731374,7,,,0.9531845122730546,0.9762438737939733
repeated_shuffle,adam+sparseadam,0,15946715,evaluation,1048576,2,spectral,11,0,66,10905708,0.013894954943731374,4,,,0.9533319868659217,0.9767947292443631
repeated_shuffle,adam+sparseadam,0,15946715,evaluation,1048576,2,spectral,11,0,66,10905708,0.013894954943731374,5,,,0.9533350669226701,0.9767947292443631
repeated_shuffle,adam+sparseadam,0,15946715,evaluation,1048576,2,spectral,11,0,66,10905708,0.013894954943731374,6,,,0.9540879884529351,0.9767947292443631
repeated_shuffle,adam+sparseadam,0,15946715,evaluation,1048576,2,spectral,11,0,66,10905708,0.013894954943731374,7,,,0.9532017868157852,0.9767947292443631
repeated_shuffle,adam+sparseadam,0,15946715,evaluation,4194304,1,spectral,11,0,66,10905708,0.005179474679231213,4,,,0.9168292120403473,0.9991960225908924
repeated_shuffle,adam+sparseadam,0,15946715,evaluation,16777216,1,spectral,11,0,66,10905708,0.005179474679231213,4,,,0.8824020293655938,1.0
repeated_shuffle,adam+sparseadam,0,15946715,evaluation,67108864,1,spectral,11,0,66,10905708,0.005179474679231213,4,,,0.8684825804929934,1.0
repeated_shuffle,adam+sparseadam,0,15946715,evaluation,4194304,1,spectral,11,0,66,10905708,0.005179474679231213,5,,,0.91722850474388,0.9991960225908924
repeated_shuffle,adam+sparseadam,0,15946715,evaluation,16777216,1,spectral,11,0,66,10905708,0.005179474679231213,5,,,0.882053312760235,1.0
repeated_shuffle,adam+sparseadam,0,15946715,evaluation,67108864,1,spectral,11,0,66,10905708,0.005179474679231213,5,,,0.8683955267236891,1.0
repeated_shuffle,adam+sparseadam,0,15946715,evaluation,4194304,1,spectral,11,0,66,10905708,0.005179474679231213,6,,,0.9171394114670696,0.9991960225908924
repeated_shuffle,adam+sparseadam,0,15946715,evaluation,16777216,1,spectral,11,0,66,10905708,0.005179474679231213,6,,,0.8818372580096738,1.0
repeated_shuffle,adam+sparseadam,0,15946715,evaluation,67108864,1,spectral,11,0,66,10905708,0.005179474679231213,6,,,0.8676226176324633,1.0
repeated_shuffle,adam+sparseadam,0,15946715,evaluation,4194304,1,spectral,11,0,66,10905708,0.005179474679231213,7,,,0.9181258350091175,0.9991960225908924
repeated_shuffle,adam+sparseadam,0,15946715,evaluation,16777216,1,spectral,11,0,66,10905708,0.005179474679231213,7,,,0.8834879758708232,1.0
repeated_shuffle,adam+sparseadam,0,15946715,evaluation,67108864,1,spectral,11,0,66,10905708,0.005179474679231213,7,,,0.8722856097087825,1.0
repeated_shuffle,adam+sparseadam,0,15946715,evaluation,4194304,2,spectral,11,0,66,10905708,0.005179474679231213,4,,,0.9168572646046228,0.9991649884810112
repeated_shuffle,adam+sparseadam,0,15946715,evaluation,16777216,2,spectral,11,0,66,10905708,0.005179474679231213,4,,,0.8833255896548691,1.0
repeated_shuffle,adam+sparseadam,0,15946715,evaluation,67108864,2,spectral,11,0,66,10905708,0.005179474679231213,4,,,0.8688689628458026,1.0
repeated_shuffle,adam+sparseadam,0,15946715,evaluation,4194304,2,spectral,11,0,66,10905708,0.005179474679231213,5,,,0.9170009657520983,0.9991649884810112
repeated_shuffle,adam+sparseadam,0,15946715,evaluation,16777216,2,spectral,11,0,66,10905708,0.005179474679231213,5,,,0.8825853825408915,1.0
repeated_shuffle,adam+sparseadam,0,15946715,evaluation,67108864,2,spectral,11,0,66,10905708,0.005179474679231213,5,,,0.868656466322571,1.0
repeated_shuffle,adam+sparseadam,0,15946715,evaluation,4194304,2,spectral,11,0,66,10905708,0.005179474679231213,6,,,0.9171765246818098,0.9991649884810112
repeated_shuffle,adam+sparseadam,0,15946715,evaluation,16777216,2,spectral,11,0,66,10905708,0.005179474679231213,6,,,0.8819009060306519,1.0
repeated_shuffle,adam+sparseadam,0,15946715,evaluation,67108864,2,spectral,11,0,66,10905708,0.005179474679231213,6,,,0.8671372430785999,1.0
repeated_shuffle,adam+sparseadam,0,15946715,evaluation,4194304,2,spectral,11,0,66,10905708,0.005179474679231213,7,,,0.9180487644561378,0.9991649884810112
repeated_shuffle,adam+sparseadam,0,15946715,evaluation,16777216,2,spectral,11,0,66,10905708,0.005179474679231213,7,,,0.8834909763182913,1.0
repeated_shuffle,adam+sparseadam,0,15946715,evaluation,67108864,2,spectral,11,0,66,10905708,0.005179474679231213,7,,,0.8730236298142677,1.0
